
CondaError: Run 'conda init' before 'conda deactivate'

W0820 00:37:20.295000 2827619 /storage/ice1/5/1/cman8/conda_env/chakra_fx/lib/python3.13/site-packages/torch/distributed/run.py:803] 
W0820 00:37:20.295000 2827619 /storage/ice1/5/1/cman8/conda_env/chakra_fx/lib/python3.13/site-packages/torch/distributed/run.py:803] *****************************************
W0820 00:37:20.295000 2827619 /storage/ice1/5/1/cman8/conda_env/chakra_fx/lib/python3.13/site-packages/torch/distributed/run.py:803] Setting OMP_NUM_THREADS environment variable for each process to be 1 in default, to avoid your system being overloaded, please further tune the variable for optimal performance in your application as needed. 
W0820 00:37:20.295000 2827619 /storage/ice1/5/1/cman8/conda_env/chakra_fx/lib/python3.13/site-packages/torch/distributed/run.py:803] *****************************************
W0820 00:37:20.299000 769111 /storage/ice1/5/1/cman8/conda_env/chakra_fx/lib/python3.13/site-packages/torch/distributed/run.py:803] 
W0820 00:37:20.299000 769111 /storage/ice1/5/1/cman8/conda_env/chakra_fx/lib/python3.13/site-packages/torch/distributed/run.py:803] *****************************************
W0820 00:37:20.299000 769111 /storage/ice1/5/1/cman8/conda_env/chakra_fx/lib/python3.13/site-packages/torch/distributed/run.py:803] Setting OMP_NUM_THREADS environment variable for each process to be 1 in default, to avoid your system being overloaded, please further tune the variable for optimal performance in your application as needed. 
W0820 00:37:20.299000 769111 /storage/ice1/5/1/cman8/conda_env/chakra_fx/lib/python3.13/site-packages/torch/distributed/run.py:803] *****************************************
W0820 00:37:20.317000 1426016 /storage/ice1/5/1/cman8/conda_env/chakra_fx/lib/python3.13/site-packages/torch/distributed/run.py:803] 
W0820 00:37:20.317000 1426016 /storage/ice1/5/1/cman8/conda_env/chakra_fx/lib/python3.13/site-packages/torch/distributed/run.py:803] *****************************************
W0820 00:37:20.317000 1426016 /storage/ice1/5/1/cman8/conda_env/chakra_fx/lib/python3.13/site-packages/torch/distributed/run.py:803] Setting OMP_NUM_THREADS environment variable for each process to be 1 in default, to avoid your system being overloaded, please further tune the variable for optimal performance in your application as needed. 
W0820 00:37:20.317000 1426016 /storage/ice1/5/1/cman8/conda_env/chakra_fx/lib/python3.13/site-packages/torch/distributed/run.py:803] *****************************************
W0820 00:37:20.317000 1035086 /storage/ice1/5/1/cman8/conda_env/chakra_fx/lib/python3.13/site-packages/torch/distributed/run.py:803] 
W0820 00:37:20.317000 1035086 /storage/ice1/5/1/cman8/conda_env/chakra_fx/lib/python3.13/site-packages/torch/distributed/run.py:803] *****************************************
W0820 00:37:20.317000 1035086 /storage/ice1/5/1/cman8/conda_env/chakra_fx/lib/python3.13/site-packages/torch/distributed/run.py:803] Setting OMP_NUM_THREADS environment variable for each process to be 1 in default, to avoid your system being overloaded, please further tune the variable for optimal performance in your application as needed. 
W0820 00:37:20.317000 1035086 /storage/ice1/5/1/cman8/conda_env/chakra_fx/lib/python3.13/site-packages/torch/distributed/run.py:803] *****************************************
W0820 00:37:20.321000 994209 /storage/ice1/5/1/cman8/conda_env/chakra_fx/lib/python3.13/site-packages/torch/distributed/run.py:803] 
W0820 00:37:20.321000 994209 /storage/ice1/5/1/cman8/conda_env/chakra_fx/lib/python3.13/site-packages/torch/distributed/run.py:803] *****************************************
W0820 00:37:20.321000 994209 /storage/ice1/5/1/cman8/conda_env/chakra_fx/lib/python3.13/site-packages/torch/distributed/run.py:803] Setting OMP_NUM_THREADS environment variable for each process to be 1 in default, to avoid your system being overloaded, please further tune the variable for optimal performance in your application as needed. 
W0820 00:37:20.321000 994209 /storage/ice1/5/1/cman8/conda_env/chakra_fx/lib/python3.13/site-packages/torch/distributed/run.py:803] *****************************************
W0820 00:37:20.335000 1001491 /storage/ice1/5/1/cman8/conda_env/chakra_fx/lib/python3.13/site-packages/torch/distributed/run.py:803] 
W0820 00:37:20.335000 1001491 /storage/ice1/5/1/cman8/conda_env/chakra_fx/lib/python3.13/site-packages/torch/distributed/run.py:803] *****************************************
W0820 00:37:20.335000 1001491 /storage/ice1/5/1/cman8/conda_env/chakra_fx/lib/python3.13/site-packages/torch/distributed/run.py:803] Setting OMP_NUM_THREADS environment variable for each process to be 1 in default, to avoid your system being overloaded, please further tune the variable for optimal performance in your application as needed. 
W0820 00:37:20.335000 1001491 /storage/ice1/5/1/cman8/conda_env/chakra_fx/lib/python3.13/site-packages/torch/distributed/run.py:803] *****************************************
W0820 00:37:20.336000 1403399 /storage/ice1/5/1/cman8/conda_env/chakra_fx/lib/python3.13/site-packages/torch/distributed/run.py:803] 
W0820 00:37:20.336000 1403399 /storage/ice1/5/1/cman8/conda_env/chakra_fx/lib/python3.13/site-packages/torch/distributed/run.py:803] *****************************************
W0820 00:37:20.336000 1403399 /storage/ice1/5/1/cman8/conda_env/chakra_fx/lib/python3.13/site-packages/torch/distributed/run.py:803] Setting OMP_NUM_THREADS environment variable for each process to be 1 in default, to avoid your system being overloaded, please further tune the variable for optimal performance in your application as needed. 
W0820 00:37:20.336000 1403399 /storage/ice1/5/1/cman8/conda_env/chakra_fx/lib/python3.13/site-packages/torch/distributed/run.py:803] *****************************************
W0820 00:37:20.349000 1406037 /storage/ice1/5/1/cman8/conda_env/chakra_fx/lib/python3.13/site-packages/torch/distributed/run.py:803] 
W0820 00:37:20.349000 1406037 /storage/ice1/5/1/cman8/conda_env/chakra_fx/lib/python3.13/site-packages/torch/distributed/run.py:803] *****************************************
W0820 00:37:20.349000 1406037 /storage/ice1/5/1/cman8/conda_env/chakra_fx/lib/python3.13/site-packages/torch/distributed/run.py:803] Setting OMP_NUM_THREADS environment variable for each process to be 1 in default, to avoid your system being overloaded, please further tune the variable for optimal performance in your application as needed. 
W0820 00:37:20.349000 1406037 /storage/ice1/5/1/cman8/conda_env/chakra_fx/lib/python3.13/site-packages/torch/distributed/run.py:803] *****************************************
[rank10]: Traceback (most recent call last):
[rank10]:   File "/storage/ice1/5/1/cman8/shared/chakra_fx/profile_fxgraph.py", line 92, in <module>
[rank10]:     profiler.run_eager_fwbw_kineto_pass()
[rank10]:     ~~~~~~~~~~~~~~~~~~~~~~~~~~~~~~~~~~~^^
[rank10]:   File "/storage/ice1/5/1/cman8/shared/chakra_fx/src/chakra_fx/profilers/model_profiler.py", line 164, in run_eager_fwbw_kineto_pass
[rank10]:     output = self.model(self.sample_input)
[rank10]:   File "/home/hice1/cman8/conda_env/chakra_fx/lib/python3.13/site-packages/torch/nn/modules/module.py", line 1775, in _wrapped_call_impl
[rank10]:     return self._call_impl(*args, **kwargs)
[rank10]:            ~~~~~~~~~~~~~~~^^^^^^^^^^^^^^^^^
[rank10]:   File "/home/hice1/cman8/conda_env/chakra_fx/lib/python3.13/site-packages/torch/nn/modules/module.py", line 1786, in _call_impl
[rank10]:     return forward_call(*args, **kwargs)
[rank10]:   File "/home/hice1/cman8/conda_env/chakra_fx/lib/python3.13/site-packages/torchtitan/models/llama3/model/model.py", line 428, in forward
[rank10]:     h = layer(h, self.freqs_cis)
[rank10]:   File "/home/hice1/cman8/conda_env/chakra_fx/lib/python3.13/site-packages/torch/nn/modules/module.py", line 1775, in _wrapped_call_impl
[rank10]:     return self._call_impl(*args, **kwargs)
[rank10]:            ~~~~~~~~~~~~~~~^^^^^^^^^^^^^^^^^
[rank10]:   File "/home/hice1/cman8/conda_env/chakra_fx/lib/python3.13/site-packages/torch/nn/modules/module.py", line 1786, in _call_impl
[rank10]:     return forward_call(*args, **kwargs)
[rank10]:   File "/home/hice1/cman8/conda_env/chakra_fx/lib/python3.13/site-packages/torchtitan/models/llama3/model/model.py", line 300, in forward
[rank10]:     h = x + self.attention(self.attention_norm(x), freqs_cis)
[rank10]:                            ~~~~~~~~~~~~~~~~~~~^^^
[rank6]: Traceback (most recent call last):
[rank6]:   File "/storage/ice1/5/1/cman8/shared/chakra_fx/profile_fxgraph.py", line 92, in <module>
[rank6]:     profiler.run_eager_fwbw_kineto_pass()
[rank6]:     ~~~~~~~~~~~~~~~~~~~~~~~~~~~~~~~~~~~^^
[rank6]:   File "/storage/ice1/5/1/cman8/shared/chakra_fx/src/chakra_fx/profilers/model_profiler.py", line 164, in run_eager_fwbw_kineto_pass
[rank6]:     output = self.model(self.sample_input)
[rank6]:   File "/home/hice1/cman8/conda_env/chakra_fx/lib/python3.13/site-packages/torch/nn/modules/module.py", line 1775, in _wrapped_call_impl
[rank6]:     return self._call_impl(*args, **kwargs)
[rank6]:            ~~~~~~~~~~~~~~~^^^^^^^^^^^^^^^^^
[rank6]:   File "/home/hice1/cman8/conda_env/chakra_fx/lib/python3.13/site-packages/torch/nn/modules/module.py", line 1786, in _call_impl
[rank6]:     return forward_call(*args, **kwargs)
[rank28]: Traceback (most recent call last):
[rank28]:   File "/storage/ice1/5/1/cman8/shared/chakra_fx/profile_fxgraph.py", line 92, in <module>
[rank28]:     profiler.run_eager_fwbw_kineto_pass()
[rank28]:     ~~~~~~~~~~~~~~~~~~~~~~~~~~~~~~~~~~~^^
[rank28]:   File "/storage/ice1/5/1/cman8/shared/chakra_fx/src/chakra_fx/profilers/model_profiler.py", line 164, in run_eager_fwbw_kineto_pass
[rank28]:     output = self.model(self.sample_input)
[rank28]:   File "/home/hice1/cman8/conda_env/chakra_fx/lib/python3.13/site-packages/torch/nn/modules/module.py", line 1775, in _wrapped_call_impl
[rank28]:     return self._call_impl(*args, **kwargs)
[rank28]:            ~~~~~~~~~~~~~~~^^^^^^^^^^^^^^^^^
[rank28]:   File "/home/hice1/cman8/conda_env/chakra_fx/lib/python3.13/site-packages/torch/nn/modules/module.py", line 1786, in _call_impl
[rank28]:     return forward_call(*args, **kwargs)
[rank10]:   File "/home/hice1/cman8/conda_env/chakra_fx/lib/python3.13/site-packages/torch/nn/modules/module.py", line 1775, in _wrapped_call_impl
[rank10]:     return self._call_impl(*args, **kwargs)
[rank10]:            ~~~~~~~~~~~~~~~^^^^^^^^^^^^^^^^^
[rank10]:   File "/home/hice1/cman8/conda_env/chakra_fx/lib/python3.13/site-packages/torch/nn/modules/module.py", line 1881, in _call_impl
[rank10]:     return inner()
[rank10]:   File "/home/hice1/cman8/conda_env/chakra_fx/lib/python3.13/site-packages/torch/nn/modules/module.py", line 1829, in inner
[rank10]:     result = forward_call(*args, **kwargs)
[rank10]:   File "/home/hice1/cman8/conda_env/chakra_fx/lib/python3.13/site-packages/torch/nn/modules/normalization.py", line 414, in forward
[rank10]:     return F.rms_norm(x, self.normalized_shape, self.weight, self.eps)
[rank10]:            ~~~~~~~~~~^^^^^^^^^^^^^^^^^^^^^^^^^^^^^^^^^^^^^^^^^^^^^^^^^
[rank6]:   File "/home/hice1/cman8/conda_env/chakra_fx/lib/python3.13/site-packages/torchtitan/models/llama3/model/model.py", line 428, in forward
[rank6]:     h = layer(h, self.freqs_cis)
[rank6]:   File "/home/hice1/cman8/conda_env/chakra_fx/lib/python3.13/site-packages/torch/nn/modules/module.py", line 1775, in _wrapped_call_impl
[rank6]:     return self._call_impl(*args, **kwargs)
[rank6]:            ~~~~~~~~~~~~~~~^^^^^^^^^^^^^^^^^
[rank6]:   File "/home/hice1/cman8/conda_env/chakra_fx/lib/python3.13/site-packages/torch/nn/modules/module.py", line 1786, in _call_impl
[rank6]:     return forward_call(*args, **kwargs)
[rank6]:   File "/home/hice1/cman8/conda_env/chakra_fx/lib/python3.13/site-packages/torchtitan/models/llama3/model/model.py", line 300, in forward
[rank6]:     h = x + self.attention(self.attention_norm(x), freqs_cis)
[rank6]:                            ~~~~~~~~~~~~~~~~~~~^^^
[rank28]:   File "/home/hice1/cman8/conda_env/chakra_fx/lib/python3.13/site-packages/torchtitan/models/llama3/model/model.py", line 428, in forward
[rank28]:     h = layer(h, self.freqs_cis)
[rank28]:   File "/home/hice1/cman8/conda_env/chakra_fx/lib/python3.13/site-packages/torch/nn/modules/module.py", line 1775, in _wrapped_call_impl
[rank28]:     return self._call_impl(*args, **kwargs)
[rank28]:            ~~~~~~~~~~~~~~~^^^^^^^^^^^^^^^^^
[rank28]:   File "/home/hice1/cman8/conda_env/chakra_fx/lib/python3.13/site-packages/torch/nn/modules/module.py", line 1786, in _call_impl
[rank28]:     return forward_call(*args, **kwargs)
[rank28]:   File "/home/hice1/cman8/conda_env/chakra_fx/lib/python3.13/site-packages/torchtitan/models/llama3/model/model.py", line 300, in forward
[rank28]:     h = x + self.attention(self.attention_norm(x), freqs_cis)
[rank28]:                            ~~~~~~~~~~~~~~~~~~~^^^
[rank10]:   File "/home/hice1/cman8/conda_env/chakra_fx/lib/python3.13/site-packages/torch/nn/functional.py", line 2920, in rms_norm
[rank10]:     return torch.rms_norm(input, normalized_shape, weight, eps)
[rank10]:            ~~~~~~~~~~~~~~^^^^^^^^^^^^^^^^^^^^^^^^^^^^^^^^^^^^^^
[rank10]: RuntimeError: Expected weight to be of same shape as normalized_shape, but got weight of shape [4096] and normalized_shape = [2048]
[rank6]:   File "/home/hice1/cman8/conda_env/chakra_fx/lib/python3.13/site-packages/torch/nn/modules/module.py", line 1775, in _wrapped_call_impl
[rank6]:     return self._call_impl(*args, **kwargs)
[rank6]:            ~~~~~~~~~~~~~~~^^^^^^^^^^^^^^^^^
[rank6]:   File "/home/hice1/cman8/conda_env/chakra_fx/lib/python3.13/site-packages/torch/nn/modules/module.py", line 1881, in _call_impl
[rank6]:     return inner()
[rank6]:   File "/home/hice1/cman8/conda_env/chakra_fx/lib/python3.13/site-packages/torch/nn/modules/module.py", line 1829, in inner
[rank6]:     result = forward_call(*args, **kwargs)
[rank6]:   File "/home/hice1/cman8/conda_env/chakra_fx/lib/python3.13/site-packages/torch/nn/modules/normalization.py", line 414, in forward
[rank6]:     return F.rms_norm(x, self.normalized_shape, self.weight, self.eps)
[rank6]:            ~~~~~~~~~~^^^^^^^^^^^^^^^^^^^^^^^^^^^^^^^^^^^^^^^^^^^^^^^^^
[rank28]:   File "/home/hice1/cman8/conda_env/chakra_fx/lib/python3.13/site-packages/torch/nn/modules/module.py", line 1775, in _wrapped_call_impl
[rank28]:     return self._call_impl(*args, **kwargs)
[rank28]:            ~~~~~~~~~~~~~~~^^^^^^^^^^^^^^^^^
[rank28]:   File "/home/hice1/cman8/conda_env/chakra_fx/lib/python3.13/site-packages/torch/nn/modules/module.py", line 1881, in _call_impl
[rank28]:     return inner()
[rank28]:   File "/home/hice1/cman8/conda_env/chakra_fx/lib/python3.13/site-packages/torch/nn/modules/module.py", line 1829, in inner
[rank28]:     result = forward_call(*args, **kwargs)
[rank28]:   File "/home/hice1/cman8/conda_env/chakra_fx/lib/python3.13/site-packages/torch/nn/modules/normalization.py", line 414, in forward
[rank28]:     return F.rms_norm(x, self.normalized_shape, self.weight, self.eps)
[rank28]:            ~~~~~~~~~~^^^^^^^^^^^^^^^^^^^^^^^^^^^^^^^^^^^^^^^^^^^^^^^^^
[rank6]:   File "/home/hice1/cman8/conda_env/chakra_fx/lib/python3.13/site-packages/torch/nn/functional.py", line 2920, in rms_norm
[rank6]:     return torch.rms_norm(input, normalized_shape, weight, eps)
[rank6]:            ~~~~~~~~~~~~~~^^^^^^^^^^^^^^^^^^^^^^^^^^^^^^^^^^^^^^
[rank6]: RuntimeError: Expected weight to be of same shape as normalized_shape, but got weight of shape [4096] and normalized_shape = [2048]
[rank28]:   File "/home/hice1/cman8/conda_env/chakra_fx/lib/python3.13/site-packages/torch/nn/functional.py", line 2920, in rms_norm
[rank28]:     return torch.rms_norm(input, normalized_shape, weight, eps)
[rank28]:            ~~~~~~~~~~~~~~^^^^^^^^^^^^^^^^^^^^^^^^^^^^^^^^^^^^^^
[rank28]: RuntimeError: Expected weight to be of same shape as normalized_shape, but got weight of shape [4096] and normalized_shape = [2048]
[rank5]: Traceback (most recent call last):
[rank5]:   File "/storage/ice1/5/1/cman8/shared/chakra_fx/profile_fxgraph.py", line 92, in <module>
[rank5]:     profiler.run_eager_fwbw_kineto_pass()
[rank5]:     ~~~~~~~~~~~~~~~~~~~~~~~~~~~~~~~~~~~^^
[rank5]:   File "/storage/ice1/5/1/cman8/shared/chakra_fx/src/chakra_fx/profilers/model_profiler.py", line 164, in run_eager_fwbw_kineto_pass
[rank5]:     output = self.model(self.sample_input)
[rank5]:   File "/home/hice1/cman8/conda_env/chakra_fx/lib/python3.13/site-packages/torch/nn/modules/module.py", line 1775, in _wrapped_call_impl
[rank5]:     return self._call_impl(*args, **kwargs)
[rank5]:            ~~~~~~~~~~~~~~~^^^^^^^^^^^^^^^^^
[rank5]:   File "/home/hice1/cman8/conda_env/chakra_fx/lib/python3.13/site-packages/torch/nn/modules/module.py", line 1786, in _call_impl
[rank5]:     return forward_call(*args, **kwargs)
[rank5]:   File "/home/hice1/cman8/conda_env/chakra_fx/lib/python3.13/site-packages/torchtitan/models/llama3/model/model.py", line 428, in forward
[rank5]:     h = layer(h, self.freqs_cis)
[rank5]:   File "/home/hice1/cman8/conda_env/chakra_fx/lib/python3.13/site-packages/torch/nn/modules/module.py", line 1775, in _wrapped_call_impl
[rank5]:     return self._call_impl(*args, **kwargs)
[rank5]:            ~~~~~~~~~~~~~~~^^^^^^^^^^^^^^^^^
[rank5]:   File "/home/hice1/cman8/conda_env/chakra_fx/lib/python3.13/site-packages/torch/nn/modules/module.py", line 1786, in _call_impl
[rank5]:     return forward_call(*args, **kwargs)
[rank5]:   File "/home/hice1/cman8/conda_env/chakra_fx/lib/python3.13/site-packages/torchtitan/models/llama3/model/model.py", line 300, in forward
[rank5]:     h = x + self.attention(self.attention_norm(x), freqs_cis)
[rank5]:                            ~~~~~~~~~~~~~~~~~~~^^^
[rank5]:   File "/home/hice1/cman8/conda_env/chakra_fx/lib/python3.13/site-packages/torch/nn/modules/module.py", line 1775, in _wrapped_call_impl
[rank5]:     return self._call_impl(*args, **kwargs)
[rank5]:            ~~~~~~~~~~~~~~~^^^^^^^^^^^^^^^^^
[rank5]:   File "/home/hice1/cman8/conda_env/chakra_fx/lib/python3.13/site-packages/torch/nn/modules/module.py", line 1881, in _call_impl
[rank5]:     return inner()
[rank5]:   File "/home/hice1/cman8/conda_env/chakra_fx/lib/python3.13/site-packages/torch/nn/modules/module.py", line 1829, in inner
[rank5]:     result = forward_call(*args, **kwargs)
[rank5]:   File "/home/hice1/cman8/conda_env/chakra_fx/lib/python3.13/site-packages/torch/nn/modules/normalization.py", line 414, in forward
[rank5]:     return F.rms_norm(x, self.normalized_shape, self.weight, self.eps)
[rank5]:            ~~~~~~~~~~^^^^^^^^^^^^^^^^^^^^^^^^^^^^^^^^^^^^^^^^^^^^^^^^^
[rank5]:   File "/home/hice1/cman8/conda_env/chakra_fx/lib/python3.13/site-packages/torch/nn/functional.py", line 2920, in rms_norm
[rank5]:     return torch.rms_norm(input, normalized_shape, weight, eps)
[rank5]:            ~~~~~~~~~~~~~~^^^^^^^^^^^^^^^^^^^^^^^^^^^^^^^^^^^^^^
[rank5]: RuntimeError: Expected weight to be of same shape as normalized_shape, but got weight of shape [4096] and normalized_shape = [2048]
[rank11]: Traceback (most recent call last):
[rank11]:   File "/storage/ice1/5/1/cman8/shared/chakra_fx/profile_fxgraph.py", line 92, in <module>
[rank11]:     profiler.run_eager_fwbw_kineto_pass()
[rank11]:     ~~~~~~~~~~~~~~~~~~~~~~~~~~~~~~~~~~~^^
[rank11]:   File "/storage/ice1/5/1/cman8/shared/chakra_fx/src/chakra_fx/profilers/model_profiler.py", line 164, in run_eager_fwbw_kineto_pass
[rank11]:     output = self.model(self.sample_input)
[rank11]:   File "/home/hice1/cman8/conda_env/chakra_fx/lib/python3.13/site-packages/torch/nn/modules/module.py", line 1775, in _wrapped_call_impl
[rank11]:     return self._call_impl(*args, **kwargs)
[rank11]:            ~~~~~~~~~~~~~~~^^^^^^^^^^^^^^^^^
[rank11]:   File "/home/hice1/cman8/conda_env/chakra_fx/lib/python3.13/site-packages/torch/nn/modules/module.py", line 1786, in _call_impl
[rank11]:     return forward_call(*args, **kwargs)
[rank11]:   File "/home/hice1/cman8/conda_env/chakra_fx/lib/python3.13/site-packages/torchtitan/models/llama3/model/model.py", line 428, in forward
[rank11]:     h = layer(h, self.freqs_cis)
[rank11]:   File "/home/hice1/cman8/conda_env/chakra_fx/lib/python3.13/site-packages/torch/nn/modules/module.py", line 1775, in _wrapped_call_impl
[rank11]:     return self._call_impl(*args, **kwargs)
[rank11]:            ~~~~~~~~~~~~~~~^^^^^^^^^^^^^^^^^
[rank11]:   File "/home/hice1/cman8/conda_env/chakra_fx/lib/python3.13/site-packages/torch/nn/modules/module.py", line 1786, in _call_impl
[rank11]:     return forward_call(*args, **kwargs)
[rank11]:   File "/home/hice1/cman8/conda_env/chakra_fx/lib/python3.13/site-packages/torchtitan/models/llama3/model/model.py", line 300, in forward
[rank11]:     h = x + self.attention(self.attention_norm(x), freqs_cis)
[rank11]:                            ~~~~~~~~~~~~~~~~~~~^^^
[rank11]:   File "/home/hice1/cman8/conda_env/chakra_fx/lib/python3.13/site-packages/torch/nn/modules/module.py", line 1775, in _wrapped_call_impl
[rank11]:     return self._call_impl(*args, **kwargs)
[rank11]:            ~~~~~~~~~~~~~~~^^^^^^^^^^^^^^^^^
[rank11]:   File "/home/hice1/cman8/conda_env/chakra_fx/lib/python3.13/site-packages/torch/nn/modules/module.py", line 1881, in _call_impl
[rank11]:     return inner()
[rank11]:   File "/home/hice1/cman8/conda_env/chakra_fx/lib/python3.13/site-packages/torch/nn/modules/module.py", line 1829, in inner
[rank11]:     result = forward_call(*args, **kwargs)
[rank11]:   File "/home/hice1/cman8/conda_env/chakra_fx/lib/python3.13/site-packages/torch/nn/modules/normalization.py", line 414, in forward
[rank11]:     return F.rms_norm(x, self.normalized_shape, self.weight, self.eps)
[rank11]:            ~~~~~~~~~~^^^^^^^^^^^^^^^^^^^^^^^^^^^^^^^^^^^^^^^^^^^^^^^^^
[rank11]:   File "/home/hice1/cman8/conda_env/chakra_fx/lib/python3.13/site-packages/torch/nn/functional.py", line 2920, in rms_norm
[rank11]:     return torch.rms_norm(input, normalized_shape, weight, eps)
[rank11]:            ~~~~~~~~~~~~~~^^^^^^^^^^^^^^^^^^^^^^^^^^^^^^^^^^^^^^
[rank11]: RuntimeError: Expected weight to be of same shape as normalized_shape, but got weight of shape [4096] and normalized_shape = [2048]
[rank2]: Traceback (most recent call last):
[rank2]:   File "/storage/ice1/5/1/cman8/shared/chakra_fx/profile_fxgraph.py", line 92, in <module>
[rank2]:     profiler.run_eager_fwbw_kineto_pass()
[rank2]:     ~~~~~~~~~~~~~~~~~~~~~~~~~~~~~~~~~~~^^
[rank2]:   File "/storage/ice1/5/1/cman8/shared/chakra_fx/src/chakra_fx/profilers/model_profiler.py", line 164, in run_eager_fwbw_kineto_pass
[rank2]:     output = self.model(self.sample_input)
[rank2]:   File "/home/hice1/cman8/conda_env/chakra_fx/lib/python3.13/site-packages/torch/nn/modules/module.py", line 1775, in _wrapped_call_impl
[rank2]:     return self._call_impl(*args, **kwargs)
[rank2]:            ~~~~~~~~~~~~~~~^^^^^^^^^^^^^^^^^
[rank2]:   File "/home/hice1/cman8/conda_env/chakra_fx/lib/python3.13/site-packages/torch/nn/modules/module.py", line 1786, in _call_impl
[rank2]:     return forward_call(*args, **kwargs)
[rank2]:   File "/home/hice1/cman8/conda_env/chakra_fx/lib/python3.13/site-packages/torchtitan/models/llama3/model/model.py", line 428, in forward
[rank2]:     h = layer(h, self.freqs_cis)
[rank2]:   File "/home/hice1/cman8/conda_env/chakra_fx/lib/python3.13/site-packages/torch/nn/modules/module.py", line 1775, in _wrapped_call_impl
[rank2]:     return self._call_impl(*args, **kwargs)
[rank2]:            ~~~~~~~~~~~~~~~^^^^^^^^^^^^^^^^^
[rank2]:   File "/home/hice1/cman8/conda_env/chakra_fx/lib/python3.13/site-packages/torch/nn/modules/module.py", line 1786, in _call_impl
[rank2]:     return forward_call(*args, **kwargs)
[rank2]:   File "/home/hice1/cman8/conda_env/chakra_fx/lib/python3.13/site-packages/torchtitan/models/llama3/model/model.py", line 300, in forward
[rank2]:     h = x + self.attention(self.attention_norm(x), freqs_cis)
[rank2]:                            ~~~~~~~~~~~~~~~~~~~^^^
[rank2]:   File "/home/hice1/cman8/conda_env/chakra_fx/lib/python3.13/site-packages/torch/nn/modules/module.py", line 1775, in _wrapped_call_impl
[rank2]:     return self._call_impl(*args, **kwargs)
[rank2]:            ~~~~~~~~~~~~~~~^^^^^^^^^^^^^^^^^
[rank2]:   File "/home/hice1/cman8/conda_env/chakra_fx/lib/python3.13/site-packages/torch/nn/modules/module.py", line 1881, in _call_impl
[rank2]:     return inner()
[rank2]:   File "/home/hice1/cman8/conda_env/chakra_fx/lib/python3.13/site-packages/torch/nn/modules/module.py", line 1829, in inner
[rank2]:     result = forward_call(*args, **kwargs)
[rank2]:   File "/home/hice1/cman8/conda_env/chakra_fx/lib/python3.13/site-packages/torch/nn/modules/normalization.py", line 414, in forward
[rank2]:     return F.rms_norm(x, self.normalized_shape, self.weight, self.eps)
[rank2]:            ~~~~~~~~~~^^^^^^^^^^^^^^^^^^^^^^^^^^^^^^^^^^^^^^^^^^^^^^^^^
[rank2]:   File "/home/hice1/cman8/conda_env/chakra_fx/lib/python3.13/site-packages/torch/nn/functional.py", line 2920, in rms_norm
[rank2]:     return torch.rms_norm(input, normalized_shape, weight, eps)
[rank2]:            ~~~~~~~~~~~~~~^^^^^^^^^^^^^^^^^^^^^^^^^^^^^^^^^^^^^^
[rank2]: RuntimeError: Expected weight to be of same shape as normalized_shape, but got weight of shape [4096] and normalized_shape = [2048]
[rank9]: Traceback (most recent call last):
[rank9]:   File "/storage/ice1/5/1/cman8/shared/chakra_fx/profile_fxgraph.py", line 92, in <module>
[rank9]:     profiler.run_eager_fwbw_kineto_pass()
[rank9]:     ~~~~~~~~~~~~~~~~~~~~~~~~~~~~~~~~~~~^^
[rank9]:   File "/storage/ice1/5/1/cman8/shared/chakra_fx/src/chakra_fx/profilers/model_profiler.py", line 164, in run_eager_fwbw_kineto_pass
[rank9]:     output = self.model(self.sample_input)
[rank9]:   File "/home/hice1/cman8/conda_env/chakra_fx/lib/python3.13/site-packages/torch/nn/modules/module.py", line 1775, in _wrapped_call_impl
[rank9]:     return self._call_impl(*args, **kwargs)
[rank9]:            ~~~~~~~~~~~~~~~^^^^^^^^^^^^^^^^^
[rank9]:   File "/home/hice1/cman8/conda_env/chakra_fx/lib/python3.13/site-packages/torch/nn/modules/module.py", line 1786, in _call_impl
[rank9]:     return forward_call(*args, **kwargs)
[rank9]:   File "/home/hice1/cman8/conda_env/chakra_fx/lib/python3.13/site-packages/torchtitan/models/llama3/model/model.py", line 428, in forward
[rank9]:     h = layer(h, self.freqs_cis)
[rank9]:   File "/home/hice1/cman8/conda_env/chakra_fx/lib/python3.13/site-packages/torch/nn/modules/module.py", line 1775, in _wrapped_call_impl
[rank9]:     return self._call_impl(*args, **kwargs)
[rank9]:            ~~~~~~~~~~~~~~~^^^^^^^^^^^^^^^^^
[rank9]:   File "/home/hice1/cman8/conda_env/chakra_fx/lib/python3.13/site-packages/torch/nn/modules/module.py", line 1786, in _call_impl
[rank9]:     return forward_call(*args, **kwargs)
[rank9]:   File "/home/hice1/cman8/conda_env/chakra_fx/lib/python3.13/site-packages/torchtitan/models/llama3/model/model.py", line 300, in forward
[rank9]:     h = x + self.attention(self.attention_norm(x), freqs_cis)
[rank9]:                            ~~~~~~~~~~~~~~~~~~~^^^
[rank9]:   File "/home/hice1/cman8/conda_env/chakra_fx/lib/python3.13/site-packages/torch/nn/modules/module.py", line 1775, in _wrapped_call_impl
[rank9]:     return self._call_impl(*args, **kwargs)
[rank9]:            ~~~~~~~~~~~~~~~^^^^^^^^^^^^^^^^^
[rank9]:   File "/home/hice1/cman8/conda_env/chakra_fx/lib/python3.13/site-packages/torch/nn/modules/module.py", line 1881, in _call_impl
[rank9]:     return inner()
[rank9]:   File "/home/hice1/cman8/conda_env/chakra_fx/lib/python3.13/site-packages/torch/nn/modules/module.py", line 1829, in inner
[rank9]:     result = forward_call(*args, **kwargs)
[rank9]:   File "/home/hice1/cman8/conda_env/chakra_fx/lib/python3.13/site-packages/torch/nn/modules/normalization.py", line 414, in forward
[rank9]:     return F.rms_norm(x, self.normalized_shape, self.weight, self.eps)
[rank9]:            ~~~~~~~~~~^^^^^^^^^^^^^^^^^^^^^^^^^^^^^^^^^^^^^^^^^^^^^^^^^
[rank9]:   File "/home/hice1/cman8/conda_env/chakra_fx/lib/python3.13/site-packages/torch/nn/functional.py", line 2920, in rms_norm
[rank9]:     return torch.rms_norm(input, normalized_shape, weight, eps)
[rank9]:            ~~~~~~~~~~~~~~^^^^^^^^^^^^^^^^^^^^^^^^^^^^^^^^^^^^^^
[rank9]: RuntimeError: Expected weight to be of same shape as normalized_shape, but got weight of shape [4096] and normalized_shape = [2048]
[rank30]: Traceback (most recent call last):
[rank30]:   File "/storage/ice1/5/1/cman8/shared/chakra_fx/profile_fxgraph.py", line 92, in <module>
[rank30]:     profiler.run_eager_fwbw_kineto_pass()
[rank30]:     ~~~~~~~~~~~~~~~~~~~~~~~~~~~~~~~~~~~^^
[rank30]:   File "/storage/ice1/5/1/cman8/shared/chakra_fx/src/chakra_fx/profilers/model_profiler.py", line 164, in run_eager_fwbw_kineto_pass
[rank30]:     output = self.model(self.sample_input)
[rank30]:   File "/home/hice1/cman8/conda_env/chakra_fx/lib/python3.13/site-packages/torch/nn/modules/module.py", line 1775, in _wrapped_call_impl
[rank30]:     return self._call_impl(*args, **kwargs)
[rank30]:            ~~~~~~~~~~~~~~~^^^^^^^^^^^^^^^^^
[rank30]:   File "/home/hice1/cman8/conda_env/chakra_fx/lib/python3.13/site-packages/torch/nn/modules/module.py", line 1786, in _call_impl
[rank30]:     return forward_call(*args, **kwargs)
[rank30]:   File "/home/hice1/cman8/conda_env/chakra_fx/lib/python3.13/site-packages/torchtitan/models/llama3/model/model.py", line 428, in forward
[rank30]:     h = layer(h, self.freqs_cis)
[rank30]:   File "/home/hice1/cman8/conda_env/chakra_fx/lib/python3.13/site-packages/torch/nn/modules/module.py", line 1775, in _wrapped_call_impl
[rank30]:     return self._call_impl(*args, **kwargs)
[rank30]:            ~~~~~~~~~~~~~~~^^^^^^^^^^^^^^^^^
[rank30]:   File "/home/hice1/cman8/conda_env/chakra_fx/lib/python3.13/site-packages/torch/nn/modules/module.py", line 1786, in _call_impl
[rank30]:     return forward_call(*args, **kwargs)
[rank30]:   File "/home/hice1/cman8/conda_env/chakra_fx/lib/python3.13/site-packages/torchtitan/models/llama3/model/model.py", line 300, in forward
[rank30]:     h = x + self.attention(self.attention_norm(x), freqs_cis)
[rank30]:                            ~~~~~~~~~~~~~~~~~~~^^^
[rank30]:   File "/home/hice1/cman8/conda_env/chakra_fx/lib/python3.13/site-packages/torch/nn/modules/module.py", line 1775, in _wrapped_call_impl
[rank30]:     return self._call_impl(*args, **kwargs)
[rank30]:            ~~~~~~~~~~~~~~~^^^^^^^^^^^^^^^^^
[rank30]:   File "/home/hice1/cman8/conda_env/chakra_fx/lib/python3.13/site-packages/torch/nn/modules/module.py", line 1881, in _call_impl
[rank30]:     return inner()
[rank30]:   File "/home/hice1/cman8/conda_env/chakra_fx/lib/python3.13/site-packages/torch/nn/modules/module.py", line 1829, in inner
[rank30]:     result = forward_call(*args, **kwargs)
[rank30]:   File "/home/hice1/cman8/conda_env/chakra_fx/lib/python3.13/site-packages/torch/nn/modules/normalization.py", line 414, in forward
[rank30]:     return F.rms_norm(x, self.normalized_shape, self.weight, self.eps)
[rank30]:            ~~~~~~~~~~^^^^^^^^^^^^^^^^^^^^^^^^^^^^^^^^^^^^^^^^^^^^^^^^^
[rank30]:   File "/home/hice1/cman8/conda_env/chakra_fx/lib/python3.13/site-packages/torch/nn/functional.py", line 2920, in rms_norm
[rank30]:     return torch.rms_norm(input, normalized_shape, weight, eps)
[rank30]:            ~~~~~~~~~~~~~~^^^^^^^^^^^^^^^^^^^^^^^^^^^^^^^^^^^^^^
[rank30]: RuntimeError: Expected weight to be of same shape as normalized_shape, but got weight of shape [4096] and normalized_shape = [2048]
[rank1]: Traceback (most recent call last):
[rank1]:   File "/storage/ice1/5/1/cman8/shared/chakra_fx/profile_fxgraph.py", line 92, in <module>
[rank1]:     profiler.run_eager_fwbw_kineto_pass()
[rank1]:     ~~~~~~~~~~~~~~~~~~~~~~~~~~~~~~~~~~~^^
[rank1]:   File "/storage/ice1/5/1/cman8/shared/chakra_fx/src/chakra_fx/profilers/model_profiler.py", line 164, in run_eager_fwbw_kineto_pass
[rank1]:     output = self.model(self.sample_input)
[rank1]:   File "/home/hice1/cman8/conda_env/chakra_fx/lib/python3.13/site-packages/torch/nn/modules/module.py", line 1775, in _wrapped_call_impl
[rank1]:     return self._call_impl(*args, **kwargs)
[rank1]:            ~~~~~~~~~~~~~~~^^^^^^^^^^^^^^^^^
[rank1]:   File "/home/hice1/cman8/conda_env/chakra_fx/lib/python3.13/site-packages/torch/nn/modules/module.py", line 1786, in _call_impl
[rank1]:     return forward_call(*args, **kwargs)
[rank1]:   File "/home/hice1/cman8/conda_env/chakra_fx/lib/python3.13/site-packages/torchtitan/models/llama3/model/model.py", line 428, in forward
[rank1]:     h = layer(h, self.freqs_cis)
[rank1]:   File "/home/hice1/cman8/conda_env/chakra_fx/lib/python3.13/site-packages/torch/nn/modules/module.py", line 1775, in _wrapped_call_impl
[rank1]:     return self._call_impl(*args, **kwargs)
[rank1]:            ~~~~~~~~~~~~~~~^^^^^^^^^^^^^^^^^
[rank1]:   File "/home/hice1/cman8/conda_env/chakra_fx/lib/python3.13/site-packages/torch/nn/modules/module.py", line 1786, in _call_impl
[rank1]:     return forward_call(*args, **kwargs)
[rank1]:   File "/home/hice1/cman8/conda_env/chakra_fx/lib/python3.13/site-packages/torchtitan/models/llama3/model/model.py", line 300, in forward
[rank1]:     h = x + self.attention(self.attention_norm(x), freqs_cis)
[rank1]:                            ~~~~~~~~~~~~~~~~~~~^^^
[rank1]:   File "/home/hice1/cman8/conda_env/chakra_fx/lib/python3.13/site-packages/torch/nn/modules/module.py", line 1775, in _wrapped_call_impl
[rank1]:     return self._call_impl(*args, **kwargs)
[rank1]:            ~~~~~~~~~~~~~~~^^^^^^^^^^^^^^^^^
[rank1]:   File "/home/hice1/cman8/conda_env/chakra_fx/lib/python3.13/site-packages/torch/nn/modules/module.py", line 1881, in _call_impl
[rank1]:     return inner()
[rank1]:   File "/home/hice1/cman8/conda_env/chakra_fx/lib/python3.13/site-packages/torch/nn/modules/module.py", line 1829, in inner
[rank1]:     result = forward_call(*args, **kwargs)
[rank1]:   File "/home/hice1/cman8/conda_env/chakra_fx/lib/python3.13/site-packages/torch/nn/modules/normalization.py", line 414, in forward
[rank1]:     return F.rms_norm(x, self.normalized_shape, self.weight, self.eps)
[rank1]:            ~~~~~~~~~~^^^^^^^^^^^^^^^^^^^^^^^^^^^^^^^^^^^^^^^^^^^^^^^^^
[rank1]:   File "/home/hice1/cman8/conda_env/chakra_fx/lib/python3.13/site-packages/torch/nn/functional.py", line 2920, in rms_norm
[rank1]:     return torch.rms_norm(input, normalized_shape, weight, eps)
[rank1]:            ~~~~~~~~~~~~~~^^^^^^^^^^^^^^^^^^^^^^^^^^^^^^^^^^^^^^
[rank1]: RuntimeError: Expected weight to be of same shape as normalized_shape, but got weight of shape [4096] and normalized_shape = [2048]
[rank24]: Traceback (most recent call last):
[rank24]:   File "/storage/ice1/5/1/cman8/shared/chakra_fx/profile_fxgraph.py", line 92, in <module>
[rank24]:     profiler.run_eager_fwbw_kineto_pass()
[rank24]:     ~~~~~~~~~~~~~~~~~~~~~~~~~~~~~~~~~~~^^
[rank24]:   File "/storage/ice1/5/1/cman8/shared/chakra_fx/src/chakra_fx/profilers/model_profiler.py", line 164, in run_eager_fwbw_kineto_pass
[rank24]:     output = self.model(self.sample_input)
[rank24]:   File "/home/hice1/cman8/conda_env/chakra_fx/lib/python3.13/site-packages/torch/nn/modules/module.py", line 1775, in _wrapped_call_impl
[rank24]:     return self._call_impl(*args, **kwargs)
[rank24]:            ~~~~~~~~~~~~~~~^^^^^^^^^^^^^^^^^
[rank24]:   File "/home/hice1/cman8/conda_env/chakra_fx/lib/python3.13/site-packages/torch/nn/modules/module.py", line 1786, in _call_impl
[rank24]:     return forward_call(*args, **kwargs)
[rank24]:   File "/home/hice1/cman8/conda_env/chakra_fx/lib/python3.13/site-packages/torchtitan/models/llama3/model/model.py", line 428, in forward
[rank24]:     h = layer(h, self.freqs_cis)
[rank24]:   File "/home/hice1/cman8/conda_env/chakra_fx/lib/python3.13/site-packages/torch/nn/modules/module.py", line 1775, in _wrapped_call_impl
[rank24]:     return self._call_impl(*args, **kwargs)
[rank24]:            ~~~~~~~~~~~~~~~^^^^^^^^^^^^^^^^^
[rank24]:   File "/home/hice1/cman8/conda_env/chakra_fx/lib/python3.13/site-packages/torch/nn/modules/module.py", line 1786, in _call_impl
[rank24]:     return forward_call(*args, **kwargs)
[rank24]:   File "/home/hice1/cman8/conda_env/chakra_fx/lib/python3.13/site-packages/torchtitan/models/llama3/model/model.py", line 300, in forward
[rank24]:     h = x + self.attention(self.attention_norm(x), freqs_cis)
[rank24]:                            ~~~~~~~~~~~~~~~~~~~^^^
[rank24]:   File "/home/hice1/cman8/conda_env/chakra_fx/lib/python3.13/site-packages/torch/nn/modules/module.py", line 1775, in _wrapped_call_impl
[rank24]:     return self._call_impl(*args, **kwargs)
[rank24]:            ~~~~~~~~~~~~~~~^^^^^^^^^^^^^^^^^
[rank24]:   File "/home/hice1/cman8/conda_env/chakra_fx/lib/python3.13/site-packages/torch/nn/modules/module.py", line 1881, in _call_impl
[rank24]:     return inner()
[rank24]:   File "/home/hice1/cman8/conda_env/chakra_fx/lib/python3.13/site-packages/torch/nn/modules/module.py", line 1829, in inner
[rank24]:     result = forward_call(*args, **kwargs)
[rank24]:   File "/home/hice1/cman8/conda_env/chakra_fx/lib/python3.13/site-packages/torch/nn/modules/normalization.py", line 414, in forward
[rank24]:     return F.rms_norm(x, self.normalized_shape, self.weight, self.eps)
[rank24]:            ~~~~~~~~~~^^^^^^^^^^^^^^^^^^^^^^^^^^^^^^^^^^^^^^^^^^^^^^^^^
[rank24]:   File "/home/hice1/cman8/conda_env/chakra_fx/lib/python3.13/site-packages/torch/nn/functional.py", line 2920, in rms_norm
[rank24]:     return torch.rms_norm(input, normalized_shape, weight, eps)
[rank24]:            ~~~~~~~~~~~~~~^^^^^^^^^^^^^^^^^^^^^^^^^^^^^^^^^^^^^^
[rank24]: RuntimeError: Expected weight to be of same shape as normalized_shape, but got weight of shape [4096] and normalized_shape = [2048]
[rank3]: Traceback (most recent call last):
[rank3]:   File "/storage/ice1/5/1/cman8/shared/chakra_fx/profile_fxgraph.py", line 92, in <module>
[rank3]:     profiler.run_eager_fwbw_kineto_pass()
[rank3]:     ~~~~~~~~~~~~~~~~~~~~~~~~~~~~~~~~~~~^^
[rank3]:   File "/storage/ice1/5/1/cman8/shared/chakra_fx/src/chakra_fx/profilers/model_profiler.py", line 164, in run_eager_fwbw_kineto_pass
[rank3]:     output = self.model(self.sample_input)
[rank3]:   File "/home/hice1/cman8/conda_env/chakra_fx/lib/python3.13/site-packages/torch/nn/modules/module.py", line 1775, in _wrapped_call_impl
[rank3]:     return self._call_impl(*args, **kwargs)
[rank3]:            ~~~~~~~~~~~~~~~^^^^^^^^^^^^^^^^^
[rank3]:   File "/home/hice1/cman8/conda_env/chakra_fx/lib/python3.13/site-packages/torch/nn/modules/module.py", line 1786, in _call_impl
[rank3]:     return forward_call(*args, **kwargs)
[rank3]:   File "/home/hice1/cman8/conda_env/chakra_fx/lib/python3.13/site-packages/torchtitan/models/llama3/model/model.py", line 428, in forward
[rank3]:     h = layer(h, self.freqs_cis)
[rank3]:   File "/home/hice1/cman8/conda_env/chakra_fx/lib/python3.13/site-packages/torch/nn/modules/module.py", line 1775, in _wrapped_call_impl
[rank3]:     return self._call_impl(*args, **kwargs)
[rank3]:            ~~~~~~~~~~~~~~~^^^^^^^^^^^^^^^^^
[rank3]:   File "/home/hice1/cman8/conda_env/chakra_fx/lib/python3.13/site-packages/torch/nn/modules/module.py", line 1786, in _call_impl
[rank3]:     return forward_call(*args, **kwargs)
[rank3]:   File "/home/hice1/cman8/conda_env/chakra_fx/lib/python3.13/site-packages/torchtitan/models/llama3/model/model.py", line 300, in forward
[rank3]:     h = x + self.attention(self.attention_norm(x), freqs_cis)
[rank3]:                            ~~~~~~~~~~~~~~~~~~~^^^
[rank3]:   File "/home/hice1/cman8/conda_env/chakra_fx/lib/python3.13/site-packages/torch/nn/modules/module.py", line 1775, in _wrapped_call_impl
[rank3]:     return self._call_impl(*args, **kwargs)
[rank3]:            ~~~~~~~~~~~~~~~^^^^^^^^^^^^^^^^^
[rank3]:   File "/home/hice1/cman8/conda_env/chakra_fx/lib/python3.13/site-packages/torch/nn/modules/module.py", line 1881, in _call_impl
[rank3]:     return inner()
[rank3]:   File "/home/hice1/cman8/conda_env/chakra_fx/lib/python3.13/site-packages/torch/nn/modules/module.py", line 1829, in inner
[rank3]:     result = forward_call(*args, **kwargs)
[rank3]:   File "/home/hice1/cman8/conda_env/chakra_fx/lib/python3.13/site-packages/torch/nn/modules/normalization.py", line 414, in forward
[rank3]:     return F.rms_norm(x, self.normalized_shape, self.weight, self.eps)
[rank3]:            ~~~~~~~~~~^^^^^^^^^^^^^^^^^^^^^^^^^^^^^^^^^^^^^^^^^^^^^^^^^
[rank3]:   File "/home/hice1/cman8/conda_env/chakra_fx/lib/python3.13/site-packages/torch/nn/functional.py", line 2920, in rms_norm
[rank3]:     return torch.rms_norm(input, normalized_shape, weight, eps)
[rank3]:            ~~~~~~~~~~~~~~^^^^^^^^^^^^^^^^^^^^^^^^^^^^^^^^^^^^^^
[rank3]: RuntimeError: Expected weight to be of same shape as normalized_shape, but got weight of shape [4096] and normalized_shape = [2048]
[rank29]: Traceback (most recent call last):
[rank29]:   File "/storage/ice1/5/1/cman8/shared/chakra_fx/profile_fxgraph.py", line 92, in <module>
[rank29]:     profiler.run_eager_fwbw_kineto_pass()
[rank29]:     ~~~~~~~~~~~~~~~~~~~~~~~~~~~~~~~~~~~^^
[rank29]:   File "/storage/ice1/5/1/cman8/shared/chakra_fx/src/chakra_fx/profilers/model_profiler.py", line 164, in run_eager_fwbw_kineto_pass
[rank29]:     output = self.model(self.sample_input)
[rank29]:   File "/home/hice1/cman8/conda_env/chakra_fx/lib/python3.13/site-packages/torch/nn/modules/module.py", line 1775, in _wrapped_call_impl
[rank29]:     return self._call_impl(*args, **kwargs)
[rank29]:            ~~~~~~~~~~~~~~~^^^^^^^^^^^^^^^^^
[rank29]:   File "/home/hice1/cman8/conda_env/chakra_fx/lib/python3.13/site-packages/torch/nn/modules/module.py", line 1786, in _call_impl
[rank29]:     return forward_call(*args, **kwargs)
[rank29]:   File "/home/hice1/cman8/conda_env/chakra_fx/lib/python3.13/site-packages/torchtitan/models/llama3/model/model.py", line 428, in forward
[rank29]:     h = layer(h, self.freqs_cis)
[rank29]:   File "/home/hice1/cman8/conda_env/chakra_fx/lib/python3.13/site-packages/torch/nn/modules/module.py", line 1775, in _wrapped_call_impl
[rank29]:     return self._call_impl(*args, **kwargs)
[rank29]:            ~~~~~~~~~~~~~~~^^^^^^^^^^^^^^^^^
[rank29]:   File "/home/hice1/cman8/conda_env/chakra_fx/lib/python3.13/site-packages/torch/nn/modules/module.py", line 1786, in _call_impl
[rank29]:     return forward_call(*args, **kwargs)
[rank29]:   File "/home/hice1/cman8/conda_env/chakra_fx/lib/python3.13/site-packages/torchtitan/models/llama3/model/model.py", line 300, in forward
[rank29]:     h = x + self.attention(self.attention_norm(x), freqs_cis)
[rank29]:                            ~~~~~~~~~~~~~~~~~~~^^^
[rank29]:   File "/home/hice1/cman8/conda_env/chakra_fx/lib/python3.13/site-packages/torch/nn/modules/module.py", line 1775, in _wrapped_call_impl
[rank29]:     return self._call_impl(*args, **kwargs)
[rank29]:            ~~~~~~~~~~~~~~~^^^^^^^^^^^^^^^^^
[rank29]:   File "/home/hice1/cman8/conda_env/chakra_fx/lib/python3.13/site-packages/torch/nn/modules/module.py", line 1881, in _call_impl
[rank29]:     return inner()
[rank29]:   File "/home/hice1/cman8/conda_env/chakra_fx/lib/python3.13/site-packages/torch/nn/modules/module.py", line 1829, in inner
[rank29]:     result = forward_call(*args, **kwargs)
[rank29]:   File "/home/hice1/cman8/conda_env/chakra_fx/lib/python3.13/site-packages/torch/nn/modules/normalization.py", line 414, in forward
[rank29]:     return F.rms_norm(x, self.normalized_shape, self.weight, self.eps)
[rank29]:            ~~~~~~~~~~^^^^^^^^^^^^^^^^^^^^^^^^^^^^^^^^^^^^^^^^^^^^^^^^^
[rank29]:   File "/home/hice1/cman8/conda_env/chakra_fx/lib/python3.13/site-packages/torch/nn/functional.py", line 2920, in rms_norm
[rank29]:     return torch.rms_norm(input, normalized_shape, weight, eps)
[rank29]:            ~~~~~~~~~~~~~~^^^^^^^^^^^^^^^^^^^^^^^^^^^^^^^^^^^^^^
[rank29]: RuntimeError: Expected weight to be of same shape as normalized_shape, but got weight of shape [4096] and normalized_shape = [2048]
[rank8]: Traceback (most recent call last):
[rank8]:   File "/storage/ice1/5/1/cman8/shared/chakra_fx/profile_fxgraph.py", line 92, in <module>
[rank8]:     profiler.run_eager_fwbw_kineto_pass()
[rank8]:     ~~~~~~~~~~~~~~~~~~~~~~~~~~~~~~~~~~~^^
[rank8]:   File "/storage/ice1/5/1/cman8/shared/chakra_fx/src/chakra_fx/profilers/model_profiler.py", line 164, in run_eager_fwbw_kineto_pass
[rank8]:     output = self.model(self.sample_input)
[rank8]:   File "/home/hice1/cman8/conda_env/chakra_fx/lib/python3.13/site-packages/torch/nn/modules/module.py", line 1775, in _wrapped_call_impl
[rank8]:     return self._call_impl(*args, **kwargs)
[rank8]:            ~~~~~~~~~~~~~~~^^^^^^^^^^^^^^^^^
[rank8]:   File "/home/hice1/cman8/conda_env/chakra_fx/lib/python3.13/site-packages/torch/nn/modules/module.py", line 1786, in _call_impl
[rank8]:     return forward_call(*args, **kwargs)
[rank8]:   File "/home/hice1/cman8/conda_env/chakra_fx/lib/python3.13/site-packages/torchtitan/models/llama3/model/model.py", line 428, in forward
[rank8]:     h = layer(h, self.freqs_cis)
[rank8]:   File "/home/hice1/cman8/conda_env/chakra_fx/lib/python3.13/site-packages/torch/nn/modules/module.py", line 1775, in _wrapped_call_impl
[rank8]:     return self._call_impl(*args, **kwargs)
[rank8]:            ~~~~~~~~~~~~~~~^^^^^^^^^^^^^^^^^
[rank8]:   File "/home/hice1/cman8/conda_env/chakra_fx/lib/python3.13/site-packages/torch/nn/modules/module.py", line 1786, in _call_impl
[rank8]:     return forward_call(*args, **kwargs)
[rank8]:   File "/home/hice1/cman8/conda_env/chakra_fx/lib/python3.13/site-packages/torchtitan/models/llama3/model/model.py", line 300, in forward
[rank8]:     h = x + self.attention(self.attention_norm(x), freqs_cis)
[rank8]:                            ~~~~~~~~~~~~~~~~~~~^^^
[rank8]:   File "/home/hice1/cman8/conda_env/chakra_fx/lib/python3.13/site-packages/torch/nn/modules/module.py", line 1775, in _wrapped_call_impl
[rank8]:     return self._call_impl(*args, **kwargs)
[rank8]:            ~~~~~~~~~~~~~~~^^^^^^^^^^^^^^^^^
[rank8]:   File "/home/hice1/cman8/conda_env/chakra_fx/lib/python3.13/site-packages/torch/nn/modules/module.py", line 1881, in _call_impl
[rank8]:     return inner()
[rank8]:   File "/home/hice1/cman8/conda_env/chakra_fx/lib/python3.13/site-packages/torch/nn/modules/module.py", line 1829, in inner
[rank8]:     result = forward_call(*args, **kwargs)
[rank8]:   File "/home/hice1/cman8/conda_env/chakra_fx/lib/python3.13/site-packages/torch/nn/modules/normalization.py", line 414, in forward
[rank8]:     return F.rms_norm(x, self.normalized_shape, self.weight, self.eps)
[rank8]:            ~~~~~~~~~~^^^^^^^^^^^^^^^^^^^^^^^^^^^^^^^^^^^^^^^^^^^^^^^^^
[rank8]:   File "/home/hice1/cman8/conda_env/chakra_fx/lib/python3.13/site-packages/torch/nn/functional.py", line 2920, in rms_norm
[rank8]:     return torch.rms_norm(input, normalized_shape, weight, eps)
[rank8]:            ~~~~~~~~~~~~~~^^^^^^^^^^^^^^^^^^^^^^^^^^^^^^^^^^^^^^
[rank8]: RuntimeError: Expected weight to be of same shape as normalized_shape, but got weight of shape [4096] and normalized_shape = [2048]
[rank7]: Traceback (most recent call last):
[rank7]:   File "/storage/ice1/5/1/cman8/shared/chakra_fx/profile_fxgraph.py", line 92, in <module>
[rank7]:     profiler.run_eager_fwbw_kineto_pass()
[rank7]:     ~~~~~~~~~~~~~~~~~~~~~~~~~~~~~~~~~~~^^
[rank7]:   File "/storage/ice1/5/1/cman8/shared/chakra_fx/src/chakra_fx/profilers/model_profiler.py", line 164, in run_eager_fwbw_kineto_pass
[rank7]:     output = self.model(self.sample_input)
[rank7]:   File "/home/hice1/cman8/conda_env/chakra_fx/lib/python3.13/site-packages/torch/nn/modules/module.py", line 1775, in _wrapped_call_impl
[rank7]:     return self._call_impl(*args, **kwargs)
[rank7]:            ~~~~~~~~~~~~~~~^^^^^^^^^^^^^^^^^
[rank7]:   File "/home/hice1/cman8/conda_env/chakra_fx/lib/python3.13/site-packages/torch/nn/modules/module.py", line 1786, in _call_impl
[rank7]:     return forward_call(*args, **kwargs)
[rank7]:   File "/home/hice1/cman8/conda_env/chakra_fx/lib/python3.13/site-packages/torchtitan/models/llama3/model/model.py", line 428, in forward
[rank7]:     h = layer(h, self.freqs_cis)
[rank7]:   File "/home/hice1/cman8/conda_env/chakra_fx/lib/python3.13/site-packages/torch/nn/modules/module.py", line 1775, in _wrapped_call_impl
[rank7]:     return self._call_impl(*args, **kwargs)
[rank7]:            ~~~~~~~~~~~~~~~^^^^^^^^^^^^^^^^^
[rank7]:   File "/home/hice1/cman8/conda_env/chakra_fx/lib/python3.13/site-packages/torch/nn/modules/module.py", line 1786, in _call_impl
[rank7]:     return forward_call(*args, **kwargs)
[rank7]:   File "/home/hice1/cman8/conda_env/chakra_fx/lib/python3.13/site-packages/torchtitan/models/llama3/model/model.py", line 300, in forward
[rank7]:     h = x + self.attention(self.attention_norm(x), freqs_cis)
[rank7]:                            ~~~~~~~~~~~~~~~~~~~^^^
[rank7]:   File "/home/hice1/cman8/conda_env/chakra_fx/lib/python3.13/site-packages/torch/nn/modules/module.py", line 1775, in _wrapped_call_impl
[rank7]:     return self._call_impl(*args, **kwargs)
[rank7]:            ~~~~~~~~~~~~~~~^^^^^^^^^^^^^^^^^
[rank7]:   File "/home/hice1/cman8/conda_env/chakra_fx/lib/python3.13/site-packages/torch/nn/modules/module.py", line 1881, in _call_impl
[rank7]:     return inner()
[rank7]:   File "/home/hice1/cman8/conda_env/chakra_fx/lib/python3.13/site-packages/torch/nn/modules/module.py", line 1829, in inner
[rank7]:     result = forward_call(*args, **kwargs)
[rank7]:   File "/home/hice1/cman8/conda_env/chakra_fx/lib/python3.13/site-packages/torch/nn/modules/normalization.py", line 414, in forward
[rank7]:     return F.rms_norm(x, self.normalized_shape, self.weight, self.eps)
[rank7]:            ~~~~~~~~~~^^^^^^^^^^^^^^^^^^^^^^^^^^^^^^^^^^^^^^^^^^^^^^^^^
[rank7]:   File "/home/hice1/cman8/conda_env/chakra_fx/lib/python3.13/site-packages/torch/nn/functional.py", line 2920, in rms_norm
[rank7]:     return torch.rms_norm(input, normalized_shape, weight, eps)
[rank7]:            ~~~~~~~~~~~~~~^^^^^^^^^^^^^^^^^^^^^^^^^^^^^^^^^^^^^^
[rank7]: RuntimeError: Expected weight to be of same shape as normalized_shape, but got weight of shape [4096] and normalized_shape = [2048]
[rank27]: Traceback (most recent call last):
[rank27]:   File "/storage/ice1/5/1/cman8/shared/chakra_fx/profile_fxgraph.py", line 92, in <module>
[rank27]:     profiler.run_eager_fwbw_kineto_pass()
[rank27]:     ~~~~~~~~~~~~~~~~~~~~~~~~~~~~~~~~~~~^^
[rank27]:   File "/storage/ice1/5/1/cman8/shared/chakra_fx/src/chakra_fx/profilers/model_profiler.py", line 164, in run_eager_fwbw_kineto_pass
[rank27]:     output = self.model(self.sample_input)
[rank27]:   File "/home/hice1/cman8/conda_env/chakra_fx/lib/python3.13/site-packages/torch/nn/modules/module.py", line 1775, in _wrapped_call_impl
[rank27]:     return self._call_impl(*args, **kwargs)
[rank27]:            ~~~~~~~~~~~~~~~^^^^^^^^^^^^^^^^^
[rank27]:   File "/home/hice1/cman8/conda_env/chakra_fx/lib/python3.13/site-packages/torch/nn/modules/module.py", line 1786, in _call_impl
[rank27]:     return forward_call(*args, **kwargs)
[rank27]:   File "/home/hice1/cman8/conda_env/chakra_fx/lib/python3.13/site-packages/torchtitan/models/llama3/model/model.py", line 428, in forward
[rank27]:     h = layer(h, self.freqs_cis)
[rank27]:   File "/home/hice1/cman8/conda_env/chakra_fx/lib/python3.13/site-packages/torch/nn/modules/module.py", line 1775, in _wrapped_call_impl
[rank27]:     return self._call_impl(*args, **kwargs)
[rank27]:            ~~~~~~~~~~~~~~~^^^^^^^^^^^^^^^^^
[rank27]:   File "/home/hice1/cman8/conda_env/chakra_fx/lib/python3.13/site-packages/torch/nn/modules/module.py", line 1786, in _call_impl
[rank27]:     return forward_call(*args, **kwargs)
[rank27]:   File "/home/hice1/cman8/conda_env/chakra_fx/lib/python3.13/site-packages/torchtitan/models/llama3/model/model.py", line 300, in forward
[rank27]:     h = x + self.attention(self.attention_norm(x), freqs_cis)
[rank27]:                            ~~~~~~~~~~~~~~~~~~~^^^
[rank27]:   File "/home/hice1/cman8/conda_env/chakra_fx/lib/python3.13/site-packages/torch/nn/modules/module.py", line 1775, in _wrapped_call_impl
[rank27]:     return self._call_impl(*args, **kwargs)
[rank27]:            ~~~~~~~~~~~~~~~^^^^^^^^^^^^^^^^^
[rank27]:   File "/home/hice1/cman8/conda_env/chakra_fx/lib/python3.13/site-packages/torch/nn/modules/module.py", line 1881, in _call_impl
[rank27]:     return inner()
[rank27]:   File "/home/hice1/cman8/conda_env/chakra_fx/lib/python3.13/site-packages/torch/nn/modules/module.py", line 1829, in inner
[rank27]:     result = forward_call(*args, **kwargs)
[rank27]:   File "/home/hice1/cman8/conda_env/chakra_fx/lib/python3.13/site-packages/torch/nn/modules/normalization.py", line 414, in forward
[rank27]:     return F.rms_norm(x, self.normalized_shape, self.weight, self.eps)
[rank27]:            ~~~~~~~~~~^^^^^^^^^^^^^^^^^^^^^^^^^^^^^^^^^^^^^^^^^^^^^^^^^
[rank27]:   File "/home/hice1/cman8/conda_env/chakra_fx/lib/python3.13/site-packages/torch/nn/functional.py", line 2920, in rms_norm
[rank27]:     return torch.rms_norm(input, normalized_shape, weight, eps)
[rank27]:            ~~~~~~~~~~~~~~^^^^^^^^^^^^^^^^^^^^^^^^^^^^^^^^^^^^^^
[rank27]: RuntimeError: Expected weight to be of same shape as normalized_shape, but got weight of shape [4096] and normalized_shape = [2048]
[rank0]: Traceback (most recent call last):
[rank0]:   File "/storage/ice1/5/1/cman8/shared/chakra_fx/profile_fxgraph.py", line 92, in <module>
[rank0]:     profiler.run_eager_fwbw_kineto_pass()
[rank0]:     ~~~~~~~~~~~~~~~~~~~~~~~~~~~~~~~~~~~^^
[rank0]:   File "/storage/ice1/5/1/cman8/shared/chakra_fx/src/chakra_fx/profilers/model_profiler.py", line 164, in run_eager_fwbw_kineto_pass
[rank0]:     output = self.model(self.sample_input)
[rank0]:   File "/home/hice1/cman8/conda_env/chakra_fx/lib/python3.13/site-packages/torch/nn/modules/module.py", line 1775, in _wrapped_call_impl
[rank0]:     return self._call_impl(*args, **kwargs)
[rank0]:            ~~~~~~~~~~~~~~~^^^^^^^^^^^^^^^^^
[rank0]:   File "/home/hice1/cman8/conda_env/chakra_fx/lib/python3.13/site-packages/torch/nn/modules/module.py", line 1786, in _call_impl
[rank0]:     return forward_call(*args, **kwargs)
[rank0]:   File "/home/hice1/cman8/conda_env/chakra_fx/lib/python3.13/site-packages/torchtitan/models/llama3/model/model.py", line 428, in forward
[rank0]:     h = layer(h, self.freqs_cis)
[rank0]:   File "/home/hice1/cman8/conda_env/chakra_fx/lib/python3.13/site-packages/torch/nn/modules/module.py", line 1775, in _wrapped_call_impl
[rank0]:     return self._call_impl(*args, **kwargs)
[rank0]:            ~~~~~~~~~~~~~~~^^^^^^^^^^^^^^^^^
[rank0]:   File "/home/hice1/cman8/conda_env/chakra_fx/lib/python3.13/site-packages/torch/nn/modules/module.py", line 1786, in _call_impl
[rank0]:     return forward_call(*args, **kwargs)
[rank0]:   File "/home/hice1/cman8/conda_env/chakra_fx/lib/python3.13/site-packages/torchtitan/models/llama3/model/model.py", line 300, in forward
[rank0]:     h = x + self.attention(self.attention_norm(x), freqs_cis)
[rank0]:                            ~~~~~~~~~~~~~~~~~~~^^^
[rank0]:   File "/home/hice1/cman8/conda_env/chakra_fx/lib/python3.13/site-packages/torch/nn/modules/module.py", line 1775, in _wrapped_call_impl
[rank0]:     return self._call_impl(*args, **kwargs)
[rank0]:            ~~~~~~~~~~~~~~~^^^^^^^^^^^^^^^^^
[rank0]:   File "/home/hice1/cman8/conda_env/chakra_fx/lib/python3.13/site-packages/torch/nn/modules/module.py", line 1881, in _call_impl
[rank0]:     return inner()
[rank0]:   File "/home/hice1/cman8/conda_env/chakra_fx/lib/python3.13/site-packages/torch/nn/modules/module.py", line 1829, in inner
[rank0]:     result = forward_call(*args, **kwargs)
[rank0]:   File "/home/hice1/cman8/conda_env/chakra_fx/lib/python3.13/site-packages/torch/nn/modules/normalization.py", line 414, in forward
[rank0]:     return F.rms_norm(x, self.normalized_shape, self.weight, self.eps)
[rank0]:            ~~~~~~~~~~^^^^^^^^^^^^^^^^^^^^^^^^^^^^^^^^^^^^^^^^^^^^^^^^^
[rank0]:   File "/home/hice1/cman8/conda_env/chakra_fx/lib/python3.13/site-packages/torch/nn/functional.py", line 2920, in rms_norm
[rank0]:     return torch.rms_norm(input, normalized_shape, weight, eps)
[rank0]:            ~~~~~~~~~~~~~~^^^^^^^^^^^^^^^^^^^^^^^^^^^^^^^^^^^^^^
[rank0]: RuntimeError: Expected weight to be of same shape as normalized_shape, but got weight of shape [4096] and normalized_shape = [2048]
[rank4]: Traceback (most recent call last):
[rank4]:   File "/storage/ice1/5/1/cman8/shared/chakra_fx/profile_fxgraph.py", line 92, in <module>
[rank4]:     profiler.run_eager_fwbw_kineto_pass()
[rank4]:     ~~~~~~~~~~~~~~~~~~~~~~~~~~~~~~~~~~~^^
[rank4]:   File "/storage/ice1/5/1/cman8/shared/chakra_fx/src/chakra_fx/profilers/model_profiler.py", line 164, in run_eager_fwbw_kineto_pass
[rank4]:     output = self.model(self.sample_input)
[rank4]:   File "/home/hice1/cman8/conda_env/chakra_fx/lib/python3.13/site-packages/torch/nn/modules/module.py", line 1775, in _wrapped_call_impl
[rank4]:     return self._call_impl(*args, **kwargs)
[rank4]:            ~~~~~~~~~~~~~~~^^^^^^^^^^^^^^^^^
[rank4]:   File "/home/hice1/cman8/conda_env/chakra_fx/lib/python3.13/site-packages/torch/nn/modules/module.py", line 1786, in _call_impl
[rank4]:     return forward_call(*args, **kwargs)
[rank4]:   File "/home/hice1/cman8/conda_env/chakra_fx/lib/python3.13/site-packages/torchtitan/models/llama3/model/model.py", line 428, in forward
[rank4]:     h = layer(h, self.freqs_cis)
[rank4]:   File "/home/hice1/cman8/conda_env/chakra_fx/lib/python3.13/site-packages/torch/nn/modules/module.py", line 1775, in _wrapped_call_impl
[rank4]:     return self._call_impl(*args, **kwargs)
[rank4]:            ~~~~~~~~~~~~~~~^^^^^^^^^^^^^^^^^
[rank4]:   File "/home/hice1/cman8/conda_env/chakra_fx/lib/python3.13/site-packages/torch/nn/modules/module.py", line 1786, in _call_impl
[rank4]:     return forward_call(*args, **kwargs)
[rank4]:   File "/home/hice1/cman8/conda_env/chakra_fx/lib/python3.13/site-packages/torchtitan/models/llama3/model/model.py", line 300, in forward
[rank4]:     h = x + self.attention(self.attention_norm(x), freqs_cis)
[rank4]:                            ~~~~~~~~~~~~~~~~~~~^^^
[rank4]:   File "/home/hice1/cman8/conda_env/chakra_fx/lib/python3.13/site-packages/torch/nn/modules/module.py", line 1775, in _wrapped_call_impl
[rank4]:     return self._call_impl(*args, **kwargs)
[rank4]:            ~~~~~~~~~~~~~~~^^^^^^^^^^^^^^^^^
[rank4]:   File "/home/hice1/cman8/conda_env/chakra_fx/lib/python3.13/site-packages/torch/nn/modules/module.py", line 1881, in _call_impl
[rank4]:     return inner()
[rank4]:   File "/home/hice1/cman8/conda_env/chakra_fx/lib/python3.13/site-packages/torch/nn/modules/module.py", line 1829, in inner
[rank4]:     result = forward_call(*args, **kwargs)
[rank4]:   File "/home/hice1/cman8/conda_env/chakra_fx/lib/python3.13/site-packages/torch/nn/modules/normalization.py", line 414, in forward
[rank4]:     return F.rms_norm(x, self.normalized_shape, self.weight, self.eps)
[rank4]:            ~~~~~~~~~~^^^^^^^^^^^^^^^^^^^^^^^^^^^^^^^^^^^^^^^^^^^^^^^^^
[rank15]: Traceback (most recent call last):
[rank15]:   File "/storage/ice1/5/1/cman8/shared/chakra_fx/profile_fxgraph.py", line 92, in <module>
[rank15]:     profiler.run_eager_fwbw_kineto_pass()
[rank15]:     ~~~~~~~~~~~~~~~~~~~~~~~~~~~~~~~~~~~^^
[rank15]:   File "/storage/ice1/5/1/cman8/shared/chakra_fx/src/chakra_fx/profilers/model_profiler.py", line 164, in run_eager_fwbw_kineto_pass
[rank15]:     output = self.model(self.sample_input)
[rank15]:   File "/home/hice1/cman8/conda_env/chakra_fx/lib/python3.13/site-packages/torch/nn/modules/module.py", line 1775, in _wrapped_call_impl
[rank15]:     return self._call_impl(*args, **kwargs)
[rank15]:            ~~~~~~~~~~~~~~~^^^^^^^^^^^^^^^^^
[rank15]:   File "/home/hice1/cman8/conda_env/chakra_fx/lib/python3.13/site-packages/torch/nn/modules/module.py", line 1786, in _call_impl
[rank15]:     return forward_call(*args, **kwargs)
[rank4]:   File "/home/hice1/cman8/conda_env/chakra_fx/lib/python3.13/site-packages/torch/nn/functional.py", line 2920, in rms_norm
[rank4]:     return torch.rms_norm(input, normalized_shape, weight, eps)
[rank4]:            ~~~~~~~~~~~~~~^^^^^^^^^^^^^^^^^^^^^^^^^^^^^^^^^^^^^^
[rank4]: RuntimeError: Expected weight to be of same shape as normalized_shape, but got weight of shape [4096] and normalized_shape = [2048]
[rank15]:   File "/home/hice1/cman8/conda_env/chakra_fx/lib/python3.13/site-packages/torchtitan/models/llama3/model/model.py", line 428, in forward
[rank15]:     h = layer(h, self.freqs_cis)
[rank15]:   File "/home/hice1/cman8/conda_env/chakra_fx/lib/python3.13/site-packages/torch/nn/modules/module.py", line 1775, in _wrapped_call_impl
[rank15]:     return self._call_impl(*args, **kwargs)
[rank15]:            ~~~~~~~~~~~~~~~^^^^^^^^^^^^^^^^^
[rank15]:   File "/home/hice1/cman8/conda_env/chakra_fx/lib/python3.13/site-packages/torch/nn/modules/module.py", line 1786, in _call_impl
[rank15]:     return forward_call(*args, **kwargs)
[rank15]:   File "/home/hice1/cman8/conda_env/chakra_fx/lib/python3.13/site-packages/torchtitan/models/llama3/model/model.py", line 300, in forward
[rank15]:     h = x + self.attention(self.attention_norm(x), freqs_cis)
[rank15]:                            ~~~~~~~~~~~~~~~~~~~^^^
[rank15]:   File "/home/hice1/cman8/conda_env/chakra_fx/lib/python3.13/site-packages/torch/nn/modules/module.py", line 1775, in _wrapped_call_impl
[rank15]:     return self._call_impl(*args, **kwargs)
[rank15]:            ~~~~~~~~~~~~~~~^^^^^^^^^^^^^^^^^
[rank15]:   File "/home/hice1/cman8/conda_env/chakra_fx/lib/python3.13/site-packages/torch/nn/modules/module.py", line 1881, in _call_impl
[rank15]:     return inner()
[rank15]:   File "/home/hice1/cman8/conda_env/chakra_fx/lib/python3.13/site-packages/torch/nn/modules/module.py", line 1829, in inner
[rank15]:     result = forward_call(*args, **kwargs)
[rank15]:   File "/home/hice1/cman8/conda_env/chakra_fx/lib/python3.13/site-packages/torch/nn/modules/normalization.py", line 414, in forward
[rank15]:     return F.rms_norm(x, self.normalized_shape, self.weight, self.eps)
[rank15]:            ~~~~~~~~~~^^^^^^^^^^^^^^^^^^^^^^^^^^^^^^^^^^^^^^^^^^^^^^^^^
[rank15]:   File "/home/hice1/cman8/conda_env/chakra_fx/lib/python3.13/site-packages/torch/nn/functional.py", line 2920, in rms_norm
[rank15]:     return torch.rms_norm(input, normalized_shape, weight, eps)
[rank15]:            ~~~~~~~~~~~~~~^^^^^^^^^^^^^^^^^^^^^^^^^^^^^^^^^^^^^^
[rank15]: RuntimeError: Expected weight to be of same shape as normalized_shape, but got weight of shape [4096] and normalized_shape = [2048]
[rank13]: Traceback (most recent call last):
[rank13]:   File "/storage/ice1/5/1/cman8/shared/chakra_fx/profile_fxgraph.py", line 92, in <module>
[rank13]:     profiler.run_eager_fwbw_kineto_pass()
[rank13]:     ~~~~~~~~~~~~~~~~~~~~~~~~~~~~~~~~~~~^^
[rank13]:   File "/storage/ice1/5/1/cman8/shared/chakra_fx/src/chakra_fx/profilers/model_profiler.py", line 164, in run_eager_fwbw_kineto_pass
[rank13]:     output = self.model(self.sample_input)
[rank13]:   File "/home/hice1/cman8/conda_env/chakra_fx/lib/python3.13/site-packages/torch/nn/modules/module.py", line 1775, in _wrapped_call_impl
[rank13]:     return self._call_impl(*args, **kwargs)
[rank13]:            ~~~~~~~~~~~~~~~^^^^^^^^^^^^^^^^^
[rank13]:   File "/home/hice1/cman8/conda_env/chakra_fx/lib/python3.13/site-packages/torch/nn/modules/module.py", line 1786, in _call_impl
[rank13]:     return forward_call(*args, **kwargs)
[rank13]:   File "/home/hice1/cman8/conda_env/chakra_fx/lib/python3.13/site-packages/torchtitan/models/llama3/model/model.py", line 428, in forward
[rank13]:     h = layer(h, self.freqs_cis)
[rank13]:   File "/home/hice1/cman8/conda_env/chakra_fx/lib/python3.13/site-packages/torch/nn/modules/module.py", line 1775, in _wrapped_call_impl
[rank13]:     return self._call_impl(*args, **kwargs)
[rank13]:            ~~~~~~~~~~~~~~~^^^^^^^^^^^^^^^^^
[rank13]:   File "/home/hice1/cman8/conda_env/chakra_fx/lib/python3.13/site-packages/torch/nn/modules/module.py", line 1786, in _call_impl
[rank13]:     return forward_call(*args, **kwargs)
[rank13]:   File "/home/hice1/cman8/conda_env/chakra_fx/lib/python3.13/site-packages/torchtitan/models/llama3/model/model.py", line 300, in forward
[rank13]:     h = x + self.attention(self.attention_norm(x), freqs_cis)
[rank13]:                            ~~~~~~~~~~~~~~~~~~~^^^
[rank13]:   File "/home/hice1/cman8/conda_env/chakra_fx/lib/python3.13/site-packages/torch/nn/modules/module.py", line 1775, in _wrapped_call_impl
[rank13]:     return self._call_impl(*args, **kwargs)
[rank13]:            ~~~~~~~~~~~~~~~^^^^^^^^^^^^^^^^^
[rank13]:   File "/home/hice1/cman8/conda_env/chakra_fx/lib/python3.13/site-packages/torch/nn/modules/module.py", line 1881, in _call_impl
[rank13]:     return inner()
[rank13]:   File "/home/hice1/cman8/conda_env/chakra_fx/lib/python3.13/site-packages/torch/nn/modules/module.py", line 1829, in inner
[rank13]:     result = forward_call(*args, **kwargs)
[rank13]:   File "/home/hice1/cman8/conda_env/chakra_fx/lib/python3.13/site-packages/torch/nn/modules/normalization.py", line 414, in forward
[rank13]:     return F.rms_norm(x, self.normalized_shape, self.weight, self.eps)
[rank13]:            ~~~~~~~~~~^^^^^^^^^^^^^^^^^^^^^^^^^^^^^^^^^^^^^^^^^^^^^^^^^
[rank13]:   File "/home/hice1/cman8/conda_env/chakra_fx/lib/python3.13/site-packages/torch/nn/functional.py", line 2920, in rms_norm
[rank13]:     return torch.rms_norm(input, normalized_shape, weight, eps)
[rank13]:            ~~~~~~~~~~~~~~^^^^^^^^^^^^^^^^^^^^^^^^^^^^^^^^^^^^^^
[rank13]: RuntimeError: Expected weight to be of same shape as normalized_shape, but got weight of shape [4096] and normalized_shape = [2048]
[rank31]: Traceback (most recent call last):
[rank31]:   File "/storage/ice1/5/1/cman8/shared/chakra_fx/profile_fxgraph.py", line 92, in <module>
[rank31]:     profiler.run_eager_fwbw_kineto_pass()
[rank31]:     ~~~~~~~~~~~~~~~~~~~~~~~~~~~~~~~~~~~^^
[rank31]:   File "/storage/ice1/5/1/cman8/shared/chakra_fx/src/chakra_fx/profilers/model_profiler.py", line 164, in run_eager_fwbw_kineto_pass
[rank31]:     output = self.model(self.sample_input)
[rank31]:   File "/home/hice1/cman8/conda_env/chakra_fx/lib/python3.13/site-packages/torch/nn/modules/module.py", line 1775, in _wrapped_call_impl
[rank31]:     return self._call_impl(*args, **kwargs)
[rank31]:            ~~~~~~~~~~~~~~~^^^^^^^^^^^^^^^^^
[rank31]:   File "/home/hice1/cman8/conda_env/chakra_fx/lib/python3.13/site-packages/torch/nn/modules/module.py", line 1786, in _call_impl
[rank31]:     return forward_call(*args, **kwargs)
[rank31]:   File "/home/hice1/cman8/conda_env/chakra_fx/lib/python3.13/site-packages/torchtitan/models/llama3/model/model.py", line 428, in forward
[rank31]:     h = layer(h, self.freqs_cis)
[rank31]:   File "/home/hice1/cman8/conda_env/chakra_fx/lib/python3.13/site-packages/torch/nn/modules/module.py", line 1775, in _wrapped_call_impl
[rank31]:     return self._call_impl(*args, **kwargs)
[rank31]:            ~~~~~~~~~~~~~~~^^^^^^^^^^^^^^^^^
[rank31]:   File "/home/hice1/cman8/conda_env/chakra_fx/lib/python3.13/site-packages/torch/nn/modules/module.py", line 1786, in _call_impl
[rank31]:     return forward_call(*args, **kwargs)
[rank31]:   File "/home/hice1/cman8/conda_env/chakra_fx/lib/python3.13/site-packages/torchtitan/models/llama3/model/model.py", line 300, in forward
[rank31]:     h = x + self.attention(self.attention_norm(x), freqs_cis)
[rank31]:                            ~~~~~~~~~~~~~~~~~~~^^^
[rank31]:   File "/home/hice1/cman8/conda_env/chakra_fx/lib/python3.13/site-packages/torch/nn/modules/module.py", line 1775, in _wrapped_call_impl
[rank31]:     return self._call_impl(*args, **kwargs)
[rank31]:            ~~~~~~~~~~~~~~~^^^^^^^^^^^^^^^^^
[rank31]:   File "/home/hice1/cman8/conda_env/chakra_fx/lib/python3.13/site-packages/torch/nn/modules/module.py", line 1881, in _call_impl
[rank31]:     return inner()
[rank31]:   File "/home/hice1/cman8/conda_env/chakra_fx/lib/python3.13/site-packages/torch/nn/modules/module.py", line 1829, in inner
[rank31]:     result = forward_call(*args, **kwargs)
[rank31]:   File "/home/hice1/cman8/conda_env/chakra_fx/lib/python3.13/site-packages/torch/nn/modules/normalization.py", line 414, in forward
[rank31]:     return F.rms_norm(x, self.normalized_shape, self.weight, self.eps)
[rank31]:            ~~~~~~~~~~^^^^^^^^^^^^^^^^^^^^^^^^^^^^^^^^^^^^^^^^^^^^^^^^^
[rank31]:   File "/home/hice1/cman8/conda_env/chakra_fx/lib/python3.13/site-packages/torch/nn/functional.py", line 2920, in rms_norm
[rank31]:     return torch.rms_norm(input, normalized_shape, weight, eps)
[rank31]:            ~~~~~~~~~~~~~~^^^^^^^^^^^^^^^^^^^^^^^^^^^^^^^^^^^^^^
[rank31]: RuntimeError: Expected weight to be of same shape as normalized_shape, but got weight of shape [4096] and normalized_shape = [2048]
[rank25]: Traceback (most recent call last):
[rank25]:   File "/storage/ice1/5/1/cman8/shared/chakra_fx/profile_fxgraph.py", line 92, in <module>
[rank25]:     profiler.run_eager_fwbw_kineto_pass()
[rank25]:     ~~~~~~~~~~~~~~~~~~~~~~~~~~~~~~~~~~~^^
[rank25]:   File "/storage/ice1/5/1/cman8/shared/chakra_fx/src/chakra_fx/profilers/model_profiler.py", line 164, in run_eager_fwbw_kineto_pass
[rank25]:     output = self.model(self.sample_input)
[rank25]:   File "/home/hice1/cman8/conda_env/chakra_fx/lib/python3.13/site-packages/torch/nn/modules/module.py", line 1775, in _wrapped_call_impl
[rank25]:     return self._call_impl(*args, **kwargs)
[rank25]:            ~~~~~~~~~~~~~~~^^^^^^^^^^^^^^^^^
[rank25]:   File "/home/hice1/cman8/conda_env/chakra_fx/lib/python3.13/site-packages/torch/nn/modules/module.py", line 1786, in _call_impl
[rank25]:     return forward_call(*args, **kwargs)
[rank25]:   File "/home/hice1/cman8/conda_env/chakra_fx/lib/python3.13/site-packages/torchtitan/models/llama3/model/model.py", line 428, in forward
[rank25]:     h = layer(h, self.freqs_cis)
[rank25]:   File "/home/hice1/cman8/conda_env/chakra_fx/lib/python3.13/site-packages/torch/nn/modules/module.py", line 1775, in _wrapped_call_impl
[rank25]:     return self._call_impl(*args, **kwargs)
[rank25]:            ~~~~~~~~~~~~~~~^^^^^^^^^^^^^^^^^
[rank25]:   File "/home/hice1/cman8/conda_env/chakra_fx/lib/python3.13/site-packages/torch/nn/modules/module.py", line 1786, in _call_impl
[rank25]:     return forward_call(*args, **kwargs)
[rank25]:   File "/home/hice1/cman8/conda_env/chakra_fx/lib/python3.13/site-packages/torchtitan/models/llama3/model/model.py", line 300, in forward
[rank25]:     h = x + self.attention(self.attention_norm(x), freqs_cis)
[rank25]:                            ~~~~~~~~~~~~~~~~~~~^^^
[rank25]:   File "/home/hice1/cman8/conda_env/chakra_fx/lib/python3.13/site-packages/torch/nn/modules/module.py", line 1775, in _wrapped_call_impl
[rank25]:     return self._call_impl(*args, **kwargs)
[rank25]:            ~~~~~~~~~~~~~~~^^^^^^^^^^^^^^^^^
[rank25]:   File "/home/hice1/cman8/conda_env/chakra_fx/lib/python3.13/site-packages/torch/nn/modules/module.py", line 1881, in _call_impl
[rank25]:     return inner()
[rank25]:   File "/home/hice1/cman8/conda_env/chakra_fx/lib/python3.13/site-packages/torch/nn/modules/module.py", line 1829, in inner
[rank25]:     result = forward_call(*args, **kwargs)
[rank25]:   File "/home/hice1/cman8/conda_env/chakra_fx/lib/python3.13/site-packages/torch/nn/modules/normalization.py", line 414, in forward
[rank25]:     return F.rms_norm(x, self.normalized_shape, self.weight, self.eps)
[rank25]:            ~~~~~~~~~~^^^^^^^^^^^^^^^^^^^^^^^^^^^^^^^^^^^^^^^^^^^^^^^^^
[rank25]:   File "/home/hice1/cman8/conda_env/chakra_fx/lib/python3.13/site-packages/torch/nn/functional.py", line 2920, in rms_norm
[rank25]:     return torch.rms_norm(input, normalized_shape, weight, eps)
[rank25]:            ~~~~~~~~~~~~~~^^^^^^^^^^^^^^^^^^^^^^^^^^^^^^^^^^^^^^
[rank25]: RuntimeError: Expected weight to be of same shape as normalized_shape, but got weight of shape [4096] and normalized_shape = [2048]
[rank26]: Traceback (most recent call last):
[rank26]:   File "/storage/ice1/5/1/cman8/shared/chakra_fx/profile_fxgraph.py", line 92, in <module>
[rank26]:     profiler.run_eager_fwbw_kineto_pass()
[rank26]:     ~~~~~~~~~~~~~~~~~~~~~~~~~~~~~~~~~~~^^
[rank26]:   File "/storage/ice1/5/1/cman8/shared/chakra_fx/src/chakra_fx/profilers/model_profiler.py", line 164, in run_eager_fwbw_kineto_pass
[rank26]:     output = self.model(self.sample_input)
[rank26]:   File "/home/hice1/cman8/conda_env/chakra_fx/lib/python3.13/site-packages/torch/nn/modules/module.py", line 1775, in _wrapped_call_impl
[rank26]:     return self._call_impl(*args, **kwargs)
[rank26]:            ~~~~~~~~~~~~~~~^^^^^^^^^^^^^^^^^
[rank26]:   File "/home/hice1/cman8/conda_env/chakra_fx/lib/python3.13/site-packages/torch/nn/modules/module.py", line 1786, in _call_impl
[rank26]:     return forward_call(*args, **kwargs)
[rank26]:   File "/home/hice1/cman8/conda_env/chakra_fx/lib/python3.13/site-packages/torchtitan/models/llama3/model/model.py", line 428, in forward
[rank26]:     h = layer(h, self.freqs_cis)
[rank26]:   File "/home/hice1/cman8/conda_env/chakra_fx/lib/python3.13/site-packages/torch/nn/modules/module.py", line 1775, in _wrapped_call_impl
[rank26]:     return self._call_impl(*args, **kwargs)
[rank26]:            ~~~~~~~~~~~~~~~^^^^^^^^^^^^^^^^^
[rank26]:   File "/home/hice1/cman8/conda_env/chakra_fx/lib/python3.13/site-packages/torch/nn/modules/module.py", line 1786, in _call_impl
[rank26]:     return forward_call(*args, **kwargs)
[rank26]:   File "/home/hice1/cman8/conda_env/chakra_fx/lib/python3.13/site-packages/torchtitan/models/llama3/model/model.py", line 300, in forward
[rank26]:     h = x + self.attention(self.attention_norm(x), freqs_cis)
[rank26]:                            ~~~~~~~~~~~~~~~~~~~^^^
[rank26]:   File "/home/hice1/cman8/conda_env/chakra_fx/lib/python3.13/site-packages/torch/nn/modules/module.py", line 1775, in _wrapped_call_impl
[rank26]:     return self._call_impl(*args, **kwargs)
[rank26]:            ~~~~~~~~~~~~~~~^^^^^^^^^^^^^^^^^
[rank26]:   File "/home/hice1/cman8/conda_env/chakra_fx/lib/python3.13/site-packages/torch/nn/modules/module.py", line 1881, in _call_impl
[rank26]:     return inner()
[rank26]:   File "/home/hice1/cman8/conda_env/chakra_fx/lib/python3.13/site-packages/torch/nn/modules/module.py", line 1829, in inner
[rank26]:     result = forward_call(*args, **kwargs)
[rank26]:   File "/home/hice1/cman8/conda_env/chakra_fx/lib/python3.13/site-packages/torch/nn/modules/normalization.py", line 414, in forward
[rank26]:     return F.rms_norm(x, self.normalized_shape, self.weight, self.eps)
[rank26]:            ~~~~~~~~~~^^^^^^^^^^^^^^^^^^^^^^^^^^^^^^^^^^^^^^^^^^^^^^^^^
[rank26]:   File "/home/hice1/cman8/conda_env/chakra_fx/lib/python3.13/site-packages/torch/nn/functional.py", line 2920, in rms_norm
[rank26]:     return torch.rms_norm(input, normalized_shape, weight, eps)
[rank26]:            ~~~~~~~~~~~~~~^^^^^^^^^^^^^^^^^^^^^^^^^^^^^^^^^^^^^^
[rank26]: RuntimeError: Expected weight to be of same shape as normalized_shape, but got weight of shape [4096] and normalized_shape = [2048]
[rank14]: Traceback (most recent call last):
[rank14]:   File "/storage/ice1/5/1/cman8/shared/chakra_fx/profile_fxgraph.py", line 92, in <module>
[rank14]:     profiler.run_eager_fwbw_kineto_pass()
[rank14]:     ~~~~~~~~~~~~~~~~~~~~~~~~~~~~~~~~~~~^^
[rank14]:   File "/storage/ice1/5/1/cman8/shared/chakra_fx/src/chakra_fx/profilers/model_profiler.py", line 164, in run_eager_fwbw_kineto_pass
[rank14]:     output = self.model(self.sample_input)
[rank14]:   File "/home/hice1/cman8/conda_env/chakra_fx/lib/python3.13/site-packages/torch/nn/modules/module.py", line 1775, in _wrapped_call_impl
[rank14]:     return self._call_impl(*args, **kwargs)
[rank14]:            ~~~~~~~~~~~~~~~^^^^^^^^^^^^^^^^^
[rank14]:   File "/home/hice1/cman8/conda_env/chakra_fx/lib/python3.13/site-packages/torch/nn/modules/module.py", line 1786, in _call_impl
[rank14]:     return forward_call(*args, **kwargs)
[rank14]:   File "/home/hice1/cman8/conda_env/chakra_fx/lib/python3.13/site-packages/torchtitan/models/llama3/model/model.py", line 428, in forward
[rank14]:     h = layer(h, self.freqs_cis)
[rank14]:   File "/home/hice1/cman8/conda_env/chakra_fx/lib/python3.13/site-packages/torch/nn/modules/module.py", line 1775, in _wrapped_call_impl
[rank14]:     return self._call_impl(*args, **kwargs)
[rank14]:            ~~~~~~~~~~~~~~~^^^^^^^^^^^^^^^^^
[rank14]:   File "/home/hice1/cman8/conda_env/chakra_fx/lib/python3.13/site-packages/torch/nn/modules/module.py", line 1786, in _call_impl
[rank14]:     return forward_call(*args, **kwargs)
[rank14]:   File "/home/hice1/cman8/conda_env/chakra_fx/lib/python3.13/site-packages/torchtitan/models/llama3/model/model.py", line 300, in forward
[rank14]:     h = x + self.attention(self.attention_norm(x), freqs_cis)
[rank14]:                            ~~~~~~~~~~~~~~~~~~~^^^
[rank14]:   File "/home/hice1/cman8/conda_env/chakra_fx/lib/python3.13/site-packages/torch/nn/modules/module.py", line 1775, in _wrapped_call_impl
[rank14]:     return self._call_impl(*args, **kwargs)
[rank14]:            ~~~~~~~~~~~~~~~^^^^^^^^^^^^^^^^^
[rank14]:   File "/home/hice1/cman8/conda_env/chakra_fx/lib/python3.13/site-packages/torch/nn/modules/module.py", line 1881, in _call_impl
[rank14]:     return inner()
[rank14]:   File "/home/hice1/cman8/conda_env/chakra_fx/lib/python3.13/site-packages/torch/nn/modules/module.py", line 1829, in inner
[rank14]:     result = forward_call(*args, **kwargs)
[rank14]:   File "/home/hice1/cman8/conda_env/chakra_fx/lib/python3.13/site-packages/torch/nn/modules/normalization.py", line 414, in forward
[rank14]:     return F.rms_norm(x, self.normalized_shape, self.weight, self.eps)
[rank14]:            ~~~~~~~~~~^^^^^^^^^^^^^^^^^^^^^^^^^^^^^^^^^^^^^^^^^^^^^^^^^
[rank14]:   File "/home/hice1/cman8/conda_env/chakra_fx/lib/python3.13/site-packages/torch/nn/functional.py", line 2920, in rms_norm
[rank14]:     return torch.rms_norm(input, normalized_shape, weight, eps)
[rank14]:            ~~~~~~~~~~~~~~^^^^^^^^^^^^^^^^^^^^^^^^^^^^^^^^^^^^^^
[rank14]: RuntimeError: Expected weight to be of same shape as normalized_shape, but got weight of shape [4096] and normalized_shape = [2048]
[rank12]: Traceback (most recent call last):
[rank12]:   File "/storage/ice1/5/1/cman8/shared/chakra_fx/profile_fxgraph.py", line 92, in <module>
[rank12]:     profiler.run_eager_fwbw_kineto_pass()
[rank12]:     ~~~~~~~~~~~~~~~~~~~~~~~~~~~~~~~~~~~^^
[rank12]:   File "/storage/ice1/5/1/cman8/shared/chakra_fx/src/chakra_fx/profilers/model_profiler.py", line 164, in run_eager_fwbw_kineto_pass
[rank12]:     output = self.model(self.sample_input)
[rank12]:   File "/home/hice1/cman8/conda_env/chakra_fx/lib/python3.13/site-packages/torch/nn/modules/module.py", line 1775, in _wrapped_call_impl
[rank12]:     return self._call_impl(*args, **kwargs)
[rank12]:            ~~~~~~~~~~~~~~~^^^^^^^^^^^^^^^^^
[rank12]:   File "/home/hice1/cman8/conda_env/chakra_fx/lib/python3.13/site-packages/torch/nn/modules/module.py", line 1786, in _call_impl
[rank12]:     return forward_call(*args, **kwargs)
[rank12]:   File "/home/hice1/cman8/conda_env/chakra_fx/lib/python3.13/site-packages/torchtitan/models/llama3/model/model.py", line 428, in forward
[rank12]:     h = layer(h, self.freqs_cis)
[rank12]:   File "/home/hice1/cman8/conda_env/chakra_fx/lib/python3.13/site-packages/torch/nn/modules/module.py", line 1775, in _wrapped_call_impl
[rank12]:     return self._call_impl(*args, **kwargs)
[rank12]:            ~~~~~~~~~~~~~~~^^^^^^^^^^^^^^^^^
[rank12]:   File "/home/hice1/cman8/conda_env/chakra_fx/lib/python3.13/site-packages/torch/nn/modules/module.py", line 1786, in _call_impl
[rank12]:     return forward_call(*args, **kwargs)
[rank12]:   File "/home/hice1/cman8/conda_env/chakra_fx/lib/python3.13/site-packages/torchtitan/models/llama3/model/model.py", line 300, in forward
[rank12]:     h = x + self.attention(self.attention_norm(x), freqs_cis)
[rank12]:                            ~~~~~~~~~~~~~~~~~~~^^^
[rank12]:   File "/home/hice1/cman8/conda_env/chakra_fx/lib/python3.13/site-packages/torch/nn/modules/module.py", line 1775, in _wrapped_call_impl
[rank12]:     return self._call_impl(*args, **kwargs)
[rank12]:            ~~~~~~~~~~~~~~~^^^^^^^^^^^^^^^^^
[rank12]:   File "/home/hice1/cman8/conda_env/chakra_fx/lib/python3.13/site-packages/torch/nn/modules/module.py", line 1881, in _call_impl
[rank12]:     return inner()
[rank12]:   File "/home/hice1/cman8/conda_env/chakra_fx/lib/python3.13/site-packages/torch/nn/modules/module.py", line 1829, in inner
[rank12]:     result = forward_call(*args, **kwargs)
[rank12]:   File "/home/hice1/cman8/conda_env/chakra_fx/lib/python3.13/site-packages/torch/nn/modules/normalization.py", line 414, in forward
[rank12]:     return F.rms_norm(x, self.normalized_shape, self.weight, self.eps)
[rank12]:            ~~~~~~~~~~^^^^^^^^^^^^^^^^^^^^^^^^^^^^^^^^^^^^^^^^^^^^^^^^^
[rank12]:   File "/home/hice1/cman8/conda_env/chakra_fx/lib/python3.13/site-packages/torch/nn/functional.py", line 2920, in rms_norm
[rank12]:     return torch.rms_norm(input, normalized_shape, weight, eps)
[rank12]:            ~~~~~~~~~~~~~~^^^^^^^^^^^^^^^^^^^^^^^^^^^^^^^^^^^^^^
[rank12]: RuntimeError: Expected weight to be of same shape as normalized_shape, but got weight of shape [4096] and normalized_shape = [2048]
[rank16]: Traceback (most recent call last):
[rank16]:   File "/storage/ice1/5/1/cman8/shared/chakra_fx/profile_fxgraph.py", line 92, in <module>
[rank16]:     profiler.run_eager_fwbw_kineto_pass()
[rank16]:     ~~~~~~~~~~~~~~~~~~~~~~~~~~~~~~~~~~~^^
[rank16]:   File "/storage/ice1/5/1/cman8/shared/chakra_fx/src/chakra_fx/profilers/model_profiler.py", line 164, in run_eager_fwbw_kineto_pass
[rank16]:     output = self.model(self.sample_input)
[rank16]:   File "/home/hice1/cman8/conda_env/chakra_fx/lib/python3.13/site-packages/torch/nn/modules/module.py", line 1775, in _wrapped_call_impl
[rank16]:     return self._call_impl(*args, **kwargs)
[rank16]:            ~~~~~~~~~~~~~~~^^^^^^^^^^^^^^^^^
[rank16]:   File "/home/hice1/cman8/conda_env/chakra_fx/lib/python3.13/site-packages/torch/nn/modules/module.py", line 1786, in _call_impl
[rank16]:     return forward_call(*args, **kwargs)
[rank16]:   File "/home/hice1/cman8/conda_env/chakra_fx/lib/python3.13/site-packages/torchtitan/models/llama3/model/model.py", line 428, in forward
[rank16]:     h = layer(h, self.freqs_cis)
[rank16]:   File "/home/hice1/cman8/conda_env/chakra_fx/lib/python3.13/site-packages/torch/nn/modules/module.py", line 1775, in _wrapped_call_impl
[rank16]:     return self._call_impl(*args, **kwargs)
[rank16]:            ~~~~~~~~~~~~~~~^^^^^^^^^^^^^^^^^
[rank16]:   File "/home/hice1/cman8/conda_env/chakra_fx/lib/python3.13/site-packages/torch/nn/modules/module.py", line 1786, in _call_impl
[rank16]:     return forward_call(*args, **kwargs)
[rank16]:   File "/home/hice1/cman8/conda_env/chakra_fx/lib/python3.13/site-packages/torchtitan/models/llama3/model/model.py", line 300, in forward
[rank16]:     h = x + self.attention(self.attention_norm(x), freqs_cis)
[rank16]:                            ~~~~~~~~~~~~~~~~~~~^^^
[rank16]:   File "/home/hice1/cman8/conda_env/chakra_fx/lib/python3.13/site-packages/torch/nn/modules/module.py", line 1775, in _wrapped_call_impl
[rank16]:     return self._call_impl(*args, **kwargs)
[rank16]:            ~~~~~~~~~~~~~~~^^^^^^^^^^^^^^^^^
[rank16]:   File "/home/hice1/cman8/conda_env/chakra_fx/lib/python3.13/site-packages/torch/nn/modules/module.py", line 1881, in _call_impl
[rank16]:     return inner()
[rank16]:   File "/home/hice1/cman8/conda_env/chakra_fx/lib/python3.13/site-packages/torch/nn/modules/module.py", line 1829, in inner
[rank16]:     result = forward_call(*args, **kwargs)
[rank16]:   File "/home/hice1/cman8/conda_env/chakra_fx/lib/python3.13/site-packages/torch/nn/modules/normalization.py", line 414, in forward
[rank16]:     return F.rms_norm(x, self.normalized_shape, self.weight, self.eps)
[rank16]:            ~~~~~~~~~~^^^^^^^^^^^^^^^^^^^^^^^^^^^^^^^^^^^^^^^^^^^^^^^^^
[rank16]:   File "/home/hice1/cman8/conda_env/chakra_fx/lib/python3.13/site-packages/torch/nn/functional.py", line 2920, in rms_norm
[rank16]:     return torch.rms_norm(input, normalized_shape, weight, eps)
[rank16]:            ~~~~~~~~~~~~~~^^^^^^^^^^^^^^^^^^^^^^^^^^^^^^^^^^^^^^
[rank16]: RuntimeError: Expected weight to be of same shape as normalized_shape, but got weight of shape [4096] and normalized_shape = [2048]
[rank18]: Traceback (most recent call last):
[rank18]:   File "/storage/ice1/5/1/cman8/shared/chakra_fx/profile_fxgraph.py", line 92, in <module>
[rank18]:     profiler.run_eager_fwbw_kineto_pass()
[rank18]:     ~~~~~~~~~~~~~~~~~~~~~~~~~~~~~~~~~~~^^
[rank18]:   File "/storage/ice1/5/1/cman8/shared/chakra_fx/src/chakra_fx/profilers/model_profiler.py", line 164, in run_eager_fwbw_kineto_pass
[rank18]:     output = self.model(self.sample_input)
[rank18]:   File "/home/hice1/cman8/conda_env/chakra_fx/lib/python3.13/site-packages/torch/nn/modules/module.py", line 1775, in _wrapped_call_impl
[rank18]:     return self._call_impl(*args, **kwargs)
[rank18]:            ~~~~~~~~~~~~~~~^^^^^^^^^^^^^^^^^
[rank18]:   File "/home/hice1/cman8/conda_env/chakra_fx/lib/python3.13/site-packages/torch/nn/modules/module.py", line 1786, in _call_impl
[rank18]:     return forward_call(*args, **kwargs)
[rank18]:   File "/home/hice1/cman8/conda_env/chakra_fx/lib/python3.13/site-packages/torchtitan/models/llama3/model/model.py", line 428, in forward
[rank18]:     h = layer(h, self.freqs_cis)
[rank18]:   File "/home/hice1/cman8/conda_env/chakra_fx/lib/python3.13/site-packages/torch/nn/modules/module.py", line 1775, in _wrapped_call_impl
[rank18]:     return self._call_impl(*args, **kwargs)
[rank18]:            ~~~~~~~~~~~~~~~^^^^^^^^^^^^^^^^^
[rank18]:   File "/home/hice1/cman8/conda_env/chakra_fx/lib/python3.13/site-packages/torch/nn/modules/module.py", line 1786, in _call_impl
[rank18]:     return forward_call(*args, **kwargs)
[rank18]:   File "/home/hice1/cman8/conda_env/chakra_fx/lib/python3.13/site-packages/torchtitan/models/llama3/model/model.py", line 300, in forward
[rank18]:     h = x + self.attention(self.attention_norm(x), freqs_cis)
[rank18]:                            ~~~~~~~~~~~~~~~~~~~^^^
[rank18]:   File "/home/hice1/cman8/conda_env/chakra_fx/lib/python3.13/site-packages/torch/nn/modules/module.py", line 1775, in _wrapped_call_impl
[rank18]:     return self._call_impl(*args, **kwargs)
[rank18]:            ~~~~~~~~~~~~~~~^^^^^^^^^^^^^^^^^
[rank18]:   File "/home/hice1/cman8/conda_env/chakra_fx/lib/python3.13/site-packages/torch/nn/modules/module.py", line 1881, in _call_impl
[rank18]:     return inner()
[rank18]:   File "/home/hice1/cman8/conda_env/chakra_fx/lib/python3.13/site-packages/torch/nn/modules/module.py", line 1829, in inner
[rank18]:     result = forward_call(*args, **kwargs)
[rank18]:   File "/home/hice1/cman8/conda_env/chakra_fx/lib/python3.13/site-packages/torch/nn/modules/normalization.py", line 414, in forward
[rank18]:     return F.rms_norm(x, self.normalized_shape, self.weight, self.eps)
[rank18]:            ~~~~~~~~~~^^^^^^^^^^^^^^^^^^^^^^^^^^^^^^^^^^^^^^^^^^^^^^^^^
[rank18]:   File "/home/hice1/cman8/conda_env/chakra_fx/lib/python3.13/site-packages/torch/nn/functional.py", line 2920, in rms_norm
[rank18]:     return torch.rms_norm(input, normalized_shape, weight, eps)
[rank18]:            ~~~~~~~~~~~~~~^^^^^^^^^^^^^^^^^^^^^^^^^^^^^^^^^^^^^^
[rank18]: RuntimeError: Expected weight to be of same shape as normalized_shape, but got weight of shape [4096] and normalized_shape = [2048]
[rank23]: Traceback (most recent call last):
[rank23]:   File "/storage/ice1/5/1/cman8/shared/chakra_fx/profile_fxgraph.py", line 92, in <module>
[rank23]:     profiler.run_eager_fwbw_kineto_pass()
[rank23]:     ~~~~~~~~~~~~~~~~~~~~~~~~~~~~~~~~~~~^^
[rank23]:   File "/storage/ice1/5/1/cman8/shared/chakra_fx/src/chakra_fx/profilers/model_profiler.py", line 164, in run_eager_fwbw_kineto_pass
[rank23]:     output = self.model(self.sample_input)
[rank23]:   File "/home/hice1/cman8/conda_env/chakra_fx/lib/python3.13/site-packages/torch/nn/modules/module.py", line 1775, in _wrapped_call_impl
[rank23]:     return self._call_impl(*args, **kwargs)
[rank23]:            ~~~~~~~~~~~~~~~^^^^^^^^^^^^^^^^^
[rank23]:   File "/home/hice1/cman8/conda_env/chakra_fx/lib/python3.13/site-packages/torch/nn/modules/module.py", line 1786, in _call_impl
[rank23]:     return forward_call(*args, **kwargs)
[rank23]:   File "/home/hice1/cman8/conda_env/chakra_fx/lib/python3.13/site-packages/torchtitan/models/llama3/model/model.py", line 428, in forward
[rank23]:     h = layer(h, self.freqs_cis)
[rank23]:   File "/home/hice1/cman8/conda_env/chakra_fx/lib/python3.13/site-packages/torch/nn/modules/module.py", line 1775, in _wrapped_call_impl
[rank23]:     return self._call_impl(*args, **kwargs)
[rank23]:            ~~~~~~~~~~~~~~~^^^^^^^^^^^^^^^^^
[rank23]:   File "/home/hice1/cman8/conda_env/chakra_fx/lib/python3.13/site-packages/torch/nn/modules/module.py", line 1786, in _call_impl
[rank23]:     return forward_call(*args, **kwargs)
[rank23]:   File "/home/hice1/cman8/conda_env/chakra_fx/lib/python3.13/site-packages/torchtitan/models/llama3/model/model.py", line 300, in forward
[rank23]:     h = x + self.attention(self.attention_norm(x), freqs_cis)
[rank23]:                            ~~~~~~~~~~~~~~~~~~~^^^
[rank23]:   File "/home/hice1/cman8/conda_env/chakra_fx/lib/python3.13/site-packages/torch/nn/modules/module.py", line 1775, in _wrapped_call_impl
[rank23]:     return self._call_impl(*args, **kwargs)
[rank23]:            ~~~~~~~~~~~~~~~^^^^^^^^^^^^^^^^^
[rank23]:   File "/home/hice1/cman8/conda_env/chakra_fx/lib/python3.13/site-packages/torch/nn/modules/module.py", line 1881, in _call_impl
[rank23]:     return inner()
[rank23]:   File "/home/hice1/cman8/conda_env/chakra_fx/lib/python3.13/site-packages/torch/nn/modules/module.py", line 1829, in inner
[rank23]:     result = forward_call(*args, **kwargs)
[rank23]:   File "/home/hice1/cman8/conda_env/chakra_fx/lib/python3.13/site-packages/torch/nn/modules/normalization.py", line 414, in forward
[rank23]:     return F.rms_norm(x, self.normalized_shape, self.weight, self.eps)
[rank23]:            ~~~~~~~~~~^^^^^^^^^^^^^^^^^^^^^^^^^^^^^^^^^^^^^^^^^^^^^^^^^
[rank23]:   File "/home/hice1/cman8/conda_env/chakra_fx/lib/python3.13/site-packages/torch/nn/functional.py", line 2920, in rms_norm
[rank23]:     return torch.rms_norm(input, normalized_shape, weight, eps)
[rank23]:            ~~~~~~~~~~~~~~^^^^^^^^^^^^^^^^^^^^^^^^^^^^^^^^^^^^^^
[rank23]: RuntimeError: Expected weight to be of same shape as normalized_shape, but got weight of shape [4096] and normalized_shape = [2048]
[rank21]: Traceback (most recent call last):
[rank21]:   File "/storage/ice1/5/1/cman8/shared/chakra_fx/profile_fxgraph.py", line 92, in <module>
[rank21]:     profiler.run_eager_fwbw_kineto_pass()
[rank21]:     ~~~~~~~~~~~~~~~~~~~~~~~~~~~~~~~~~~~^^
[rank21]:   File "/storage/ice1/5/1/cman8/shared/chakra_fx/src/chakra_fx/profilers/model_profiler.py", line 164, in run_eager_fwbw_kineto_pass
[rank21]:     output = self.model(self.sample_input)
[rank21]:   File "/home/hice1/cman8/conda_env/chakra_fx/lib/python3.13/site-packages/torch/nn/modules/module.py", line 1775, in _wrapped_call_impl
[rank21]:     return self._call_impl(*args, **kwargs)
[rank21]:            ~~~~~~~~~~~~~~~^^^^^^^^^^^^^^^^^
[rank21]:   File "/home/hice1/cman8/conda_env/chakra_fx/lib/python3.13/site-packages/torch/nn/modules/module.py", line 1786, in _call_impl
[rank21]:     return forward_call(*args, **kwargs)
[rank21]:   File "/home/hice1/cman8/conda_env/chakra_fx/lib/python3.13/site-packages/torchtitan/models/llama3/model/model.py", line 428, in forward
[rank21]:     h = layer(h, self.freqs_cis)
[rank21]:   File "/home/hice1/cman8/conda_env/chakra_fx/lib/python3.13/site-packages/torch/nn/modules/module.py", line 1775, in _wrapped_call_impl
[rank21]:     return self._call_impl(*args, **kwargs)
[rank21]:            ~~~~~~~~~~~~~~~^^^^^^^^^^^^^^^^^
[rank21]:   File "/home/hice1/cman8/conda_env/chakra_fx/lib/python3.13/site-packages/torch/nn/modules/module.py", line 1786, in _call_impl
[rank21]:     return forward_call(*args, **kwargs)
[rank21]:   File "/home/hice1/cman8/conda_env/chakra_fx/lib/python3.13/site-packages/torchtitan/models/llama3/model/model.py", line 300, in forward
[rank21]:     h = x + self.attention(self.attention_norm(x), freqs_cis)
[rank21]:                            ~~~~~~~~~~~~~~~~~~~^^^
[rank21]:   File "/home/hice1/cman8/conda_env/chakra_fx/lib/python3.13/site-packages/torch/nn/modules/module.py", line 1775, in _wrapped_call_impl
[rank21]:     return self._call_impl(*args, **kwargs)
[rank21]:            ~~~~~~~~~~~~~~~^^^^^^^^^^^^^^^^^
[rank21]:   File "/home/hice1/cman8/conda_env/chakra_fx/lib/python3.13/site-packages/torch/nn/modules/module.py", line 1881, in _call_impl
[rank21]:     return inner()
[rank21]:   File "/home/hice1/cman8/conda_env/chakra_fx/lib/python3.13/site-packages/torch/nn/modules/module.py", line 1829, in inner
[rank21]:     result = forward_call(*args, **kwargs)
[rank21]:   File "/home/hice1/cman8/conda_env/chakra_fx/lib/python3.13/site-packages/torch/nn/modules/normalization.py", line 414, in forward
[rank21]:     return F.rms_norm(x, self.normalized_shape, self.weight, self.eps)
[rank21]:            ~~~~~~~~~~^^^^^^^^^^^^^^^^^^^^^^^^^^^^^^^^^^^^^^^^^^^^^^^^^
[rank21]:   File "/home/hice1/cman8/conda_env/chakra_fx/lib/python3.13/site-packages/torch/nn/functional.py", line 2920, in rms_norm
[rank21]:     return torch.rms_norm(input, normalized_shape, weight, eps)
[rank21]:            ~~~~~~~~~~~~~~^^^^^^^^^^^^^^^^^^^^^^^^^^^^^^^^^^^^^^
[rank21]: RuntimeError: Expected weight to be of same shape as normalized_shape, but got weight of shape [4096] and normalized_shape = [2048]
[rank20]: Traceback (most recent call last):
[rank20]:   File "/storage/ice1/5/1/cman8/shared/chakra_fx/profile_fxgraph.py", line 92, in <module>
[rank20]:     profiler.run_eager_fwbw_kineto_pass()
[rank20]:     ~~~~~~~~~~~~~~~~~~~~~~~~~~~~~~~~~~~^^
[rank20]:   File "/storage/ice1/5/1/cman8/shared/chakra_fx/src/chakra_fx/profilers/model_profiler.py", line 164, in run_eager_fwbw_kineto_pass
[rank20]:     output = self.model(self.sample_input)
[rank20]:   File "/home/hice1/cman8/conda_env/chakra_fx/lib/python3.13/site-packages/torch/nn/modules/module.py", line 1775, in _wrapped_call_impl
[rank20]:     return self._call_impl(*args, **kwargs)
[rank20]:            ~~~~~~~~~~~~~~~^^^^^^^^^^^^^^^^^
[rank20]:   File "/home/hice1/cman8/conda_env/chakra_fx/lib/python3.13/site-packages/torch/nn/modules/module.py", line 1786, in _call_impl
[rank20]:     return forward_call(*args, **kwargs)
[rank20]:   File "/home/hice1/cman8/conda_env/chakra_fx/lib/python3.13/site-packages/torchtitan/models/llama3/model/model.py", line 428, in forward
[rank20]:     h = layer(h, self.freqs_cis)
[rank20]:   File "/home/hice1/cman8/conda_env/chakra_fx/lib/python3.13/site-packages/torch/nn/modules/module.py", line 1775, in _wrapped_call_impl
[rank20]:     return self._call_impl(*args, **kwargs)
[rank20]:            ~~~~~~~~~~~~~~~^^^^^^^^^^^^^^^^^
[rank20]:   File "/home/hice1/cman8/conda_env/chakra_fx/lib/python3.13/site-packages/torch/nn/modules/module.py", line 1786, in _call_impl
[rank20]:     return forward_call(*args, **kwargs)
[rank20]:   File "/home/hice1/cman8/conda_env/chakra_fx/lib/python3.13/site-packages/torchtitan/models/llama3/model/model.py", line 300, in forward
[rank20]:     h = x + self.attention(self.attention_norm(x), freqs_cis)
[rank20]:                            ~~~~~~~~~~~~~~~~~~~^^^
[rank20]:   File "/home/hice1/cman8/conda_env/chakra_fx/lib/python3.13/site-packages/torch/nn/modules/module.py", line 1775, in _wrapped_call_impl
[rank20]:     return self._call_impl(*args, **kwargs)
[rank20]:            ~~~~~~~~~~~~~~~^^^^^^^^^^^^^^^^^
[rank20]:   File "/home/hice1/cman8/conda_env/chakra_fx/lib/python3.13/site-packages/torch/nn/modules/module.py", line 1881, in _call_impl
[rank20]:     return inner()
[rank20]:   File "/home/hice1/cman8/conda_env/chakra_fx/lib/python3.13/site-packages/torch/nn/modules/module.py", line 1829, in inner
[rank20]:     result = forward_call(*args, **kwargs)
[rank20]:   File "/home/hice1/cman8/conda_env/chakra_fx/lib/python3.13/site-packages/torch/nn/modules/normalization.py", line 414, in forward
[rank20]:     return F.rms_norm(x, self.normalized_shape, self.weight, self.eps)
[rank20]:            ~~~~~~~~~~^^^^^^^^^^^^^^^^^^^^^^^^^^^^^^^^^^^^^^^^^^^^^^^^^
[rank20]:   File "/home/hice1/cman8/conda_env/chakra_fx/lib/python3.13/site-packages/torch/nn/functional.py", line 2920, in rms_norm
[rank20]:     return torch.rms_norm(input, normalized_shape, weight, eps)
[rank20]:            ~~~~~~~~~~~~~~^^^^^^^^^^^^^^^^^^^^^^^^^^^^^^^^^^^^^^
[rank20]: RuntimeError: Expected weight to be of same shape as normalized_shape, but got weight of shape [4096] and normalized_shape = [2048]
[rank22]: Traceback (most recent call last):
[rank22]:   File "/storage/ice1/5/1/cman8/shared/chakra_fx/profile_fxgraph.py", line 92, in <module>
[rank22]:     profiler.run_eager_fwbw_kineto_pass()
[rank22]:     ~~~~~~~~~~~~~~~~~~~~~~~~~~~~~~~~~~~^^
[rank22]:   File "/storage/ice1/5/1/cman8/shared/chakra_fx/src/chakra_fx/profilers/model_profiler.py", line 164, in run_eager_fwbw_kineto_pass
[rank22]:     output = self.model(self.sample_input)
[rank22]:   File "/home/hice1/cman8/conda_env/chakra_fx/lib/python3.13/site-packages/torch/nn/modules/module.py", line 1775, in _wrapped_call_impl
[rank22]:     return self._call_impl(*args, **kwargs)
[rank22]:            ~~~~~~~~~~~~~~~^^^^^^^^^^^^^^^^^
[rank22]:   File "/home/hice1/cman8/conda_env/chakra_fx/lib/python3.13/site-packages/torch/nn/modules/module.py", line 1786, in _call_impl
[rank22]:     return forward_call(*args, **kwargs)
[rank22]:   File "/home/hice1/cman8/conda_env/chakra_fx/lib/python3.13/site-packages/torchtitan/models/llama3/model/model.py", line 428, in forward
[rank22]:     h = layer(h, self.freqs_cis)
[rank22]:   File "/home/hice1/cman8/conda_env/chakra_fx/lib/python3.13/site-packages/torch/nn/modules/module.py", line 1775, in _wrapped_call_impl
[rank22]:     return self._call_impl(*args, **kwargs)
[rank22]:            ~~~~~~~~~~~~~~~^^^^^^^^^^^^^^^^^
[rank22]:   File "/home/hice1/cman8/conda_env/chakra_fx/lib/python3.13/site-packages/torch/nn/modules/module.py", line 1786, in _call_impl
[rank22]:     return forward_call(*args, **kwargs)
[rank22]:   File "/home/hice1/cman8/conda_env/chakra_fx/lib/python3.13/site-packages/torchtitan/models/llama3/model/model.py", line 300, in forward
[rank22]:     h = x + self.attention(self.attention_norm(x), freqs_cis)
[rank22]:                            ~~~~~~~~~~~~~~~~~~~^^^
[rank22]:   File "/home/hice1/cman8/conda_env/chakra_fx/lib/python3.13/site-packages/torch/nn/modules/module.py", line 1775, in _wrapped_call_impl
[rank22]:     return self._call_impl(*args, **kwargs)
[rank22]:            ~~~~~~~~~~~~~~~^^^^^^^^^^^^^^^^^
[rank22]:   File "/home/hice1/cman8/conda_env/chakra_fx/lib/python3.13/site-packages/torch/nn/modules/module.py", line 1881, in _call_impl
[rank22]:     return inner()
[rank22]:   File "/home/hice1/cman8/conda_env/chakra_fx/lib/python3.13/site-packages/torch/nn/modules/module.py", line 1829, in inner
[rank22]:     result = forward_call(*args, **kwargs)
[rank22]:   File "/home/hice1/cman8/conda_env/chakra_fx/lib/python3.13/site-packages/torch/nn/modules/normalization.py", line 414, in forward
[rank22]:     return F.rms_norm(x, self.normalized_shape, self.weight, self.eps)
[rank22]:            ~~~~~~~~~~^^^^^^^^^^^^^^^^^^^^^^^^^^^^^^^^^^^^^^^^^^^^^^^^^
[rank22]:   File "/home/hice1/cman8/conda_env/chakra_fx/lib/python3.13/site-packages/torch/nn/functional.py", line 2920, in rms_norm
[rank22]:     return torch.rms_norm(input, normalized_shape, weight, eps)
[rank22]:            ~~~~~~~~~~~~~~^^^^^^^^^^^^^^^^^^^^^^^^^^^^^^^^^^^^^^
[rank22]: RuntimeError: Expected weight to be of same shape as normalized_shape, but got weight of shape [4096] and normalized_shape = [2048]
[rank17]: Traceback (most recent call last):
[rank17]:   File "/storage/ice1/5/1/cman8/shared/chakra_fx/profile_fxgraph.py", line 92, in <module>
[rank17]:     profiler.run_eager_fwbw_kineto_pass()
[rank17]:     ~~~~~~~~~~~~~~~~~~~~~~~~~~~~~~~~~~~^^
[rank17]:   File "/storage/ice1/5/1/cman8/shared/chakra_fx/src/chakra_fx/profilers/model_profiler.py", line 164, in run_eager_fwbw_kineto_pass
[rank17]:     output = self.model(self.sample_input)
[rank17]:   File "/home/hice1/cman8/conda_env/chakra_fx/lib/python3.13/site-packages/torch/nn/modules/module.py", line 1775, in _wrapped_call_impl
[rank17]:     return self._call_impl(*args, **kwargs)
[rank17]:            ~~~~~~~~~~~~~~~^^^^^^^^^^^^^^^^^
[rank17]:   File "/home/hice1/cman8/conda_env/chakra_fx/lib/python3.13/site-packages/torch/nn/modules/module.py", line 1786, in _call_impl
[rank17]:     return forward_call(*args, **kwargs)
[rank17]:   File "/home/hice1/cman8/conda_env/chakra_fx/lib/python3.13/site-packages/torchtitan/models/llama3/model/model.py", line 428, in forward
[rank17]:     h = layer(h, self.freqs_cis)
[rank17]:   File "/home/hice1/cman8/conda_env/chakra_fx/lib/python3.13/site-packages/torch/nn/modules/module.py", line 1775, in _wrapped_call_impl
[rank17]:     return self._call_impl(*args, **kwargs)
[rank17]:            ~~~~~~~~~~~~~~~^^^^^^^^^^^^^^^^^
[rank17]:   File "/home/hice1/cman8/conda_env/chakra_fx/lib/python3.13/site-packages/torch/nn/modules/module.py", line 1786, in _call_impl
[rank17]:     return forward_call(*args, **kwargs)
[rank17]:   File "/home/hice1/cman8/conda_env/chakra_fx/lib/python3.13/site-packages/torchtitan/models/llama3/model/model.py", line 300, in forward
[rank17]:     h = x + self.attention(self.attention_norm(x), freqs_cis)
[rank17]:                            ~~~~~~~~~~~~~~~~~~~^^^
[rank17]:   File "/home/hice1/cman8/conda_env/chakra_fx/lib/python3.13/site-packages/torch/nn/modules/module.py", line 1775, in _wrapped_call_impl
[rank17]:     return self._call_impl(*args, **kwargs)
[rank17]:            ~~~~~~~~~~~~~~~^^^^^^^^^^^^^^^^^
[rank17]:   File "/home/hice1/cman8/conda_env/chakra_fx/lib/python3.13/site-packages/torch/nn/modules/module.py", line 1881, in _call_impl
[rank17]:     return inner()
[rank17]:   File "/home/hice1/cman8/conda_env/chakra_fx/lib/python3.13/site-packages/torch/nn/modules/module.py", line 1829, in inner
[rank17]:     result = forward_call(*args, **kwargs)
[rank17]:   File "/home/hice1/cman8/conda_env/chakra_fx/lib/python3.13/site-packages/torch/nn/modules/normalization.py", line 414, in forward
[rank17]:     return F.rms_norm(x, self.normalized_shape, self.weight, self.eps)
[rank17]:            ~~~~~~~~~~^^^^^^^^^^^^^^^^^^^^^^^^^^^^^^^^^^^^^^^^^^^^^^^^^
[rank17]:   File "/home/hice1/cman8/conda_env/chakra_fx/lib/python3.13/site-packages/torch/nn/functional.py", line 2920, in rms_norm
[rank17]:     return torch.rms_norm(input, normalized_shape, weight, eps)
[rank17]:            ~~~~~~~~~~~~~~^^^^^^^^^^^^^^^^^^^^^^^^^^^^^^^^^^^^^^
[rank17]: RuntimeError: Expected weight to be of same shape as normalized_shape, but got weight of shape [4096] and normalized_shape = [2048]
[rank19]: Traceback (most recent call last):
[rank19]:   File "/storage/ice1/5/1/cman8/shared/chakra_fx/profile_fxgraph.py", line 92, in <module>
[rank19]:     profiler.run_eager_fwbw_kineto_pass()
[rank19]:     ~~~~~~~~~~~~~~~~~~~~~~~~~~~~~~~~~~~^^
[rank19]:   File "/storage/ice1/5/1/cman8/shared/chakra_fx/src/chakra_fx/profilers/model_profiler.py", line 164, in run_eager_fwbw_kineto_pass
[rank19]:     output = self.model(self.sample_input)
[rank19]:   File "/home/hice1/cman8/conda_env/chakra_fx/lib/python3.13/site-packages/torch/nn/modules/module.py", line 1775, in _wrapped_call_impl
[rank19]:     return self._call_impl(*args, **kwargs)
[rank19]:            ~~~~~~~~~~~~~~~^^^^^^^^^^^^^^^^^
[rank19]:   File "/home/hice1/cman8/conda_env/chakra_fx/lib/python3.13/site-packages/torch/nn/modules/module.py", line 1786, in _call_impl
[rank19]:     return forward_call(*args, **kwargs)
[rank19]:   File "/home/hice1/cman8/conda_env/chakra_fx/lib/python3.13/site-packages/torchtitan/models/llama3/model/model.py", line 428, in forward
[rank19]:     h = layer(h, self.freqs_cis)
[rank19]:   File "/home/hice1/cman8/conda_env/chakra_fx/lib/python3.13/site-packages/torch/nn/modules/module.py", line 1775, in _wrapped_call_impl
[rank19]:     return self._call_impl(*args, **kwargs)
[rank19]:            ~~~~~~~~~~~~~~~^^^^^^^^^^^^^^^^^
[rank19]:   File "/home/hice1/cman8/conda_env/chakra_fx/lib/python3.13/site-packages/torch/nn/modules/module.py", line 1786, in _call_impl
[rank19]:     return forward_call(*args, **kwargs)
[rank19]:   File "/home/hice1/cman8/conda_env/chakra_fx/lib/python3.13/site-packages/torchtitan/models/llama3/model/model.py", line 300, in forward
[rank19]:     h = x + self.attention(self.attention_norm(x), freqs_cis)
[rank19]:                            ~~~~~~~~~~~~~~~~~~~^^^
[rank19]:   File "/home/hice1/cman8/conda_env/chakra_fx/lib/python3.13/site-packages/torch/nn/modules/module.py", line 1775, in _wrapped_call_impl
[rank19]:     return self._call_impl(*args, **kwargs)
[rank19]:            ~~~~~~~~~~~~~~~^^^^^^^^^^^^^^^^^
[rank19]:   File "/home/hice1/cman8/conda_env/chakra_fx/lib/python3.13/site-packages/torch/nn/modules/module.py", line 1881, in _call_impl
[rank19]:     return inner()
[rank19]:   File "/home/hice1/cman8/conda_env/chakra_fx/lib/python3.13/site-packages/torch/nn/modules/module.py", line 1829, in inner
[rank19]:     result = forward_call(*args, **kwargs)
[rank19]:   File "/home/hice1/cman8/conda_env/chakra_fx/lib/python3.13/site-packages/torch/nn/modules/normalization.py", line 414, in forward
[rank19]:     return F.rms_norm(x, self.normalized_shape, self.weight, self.eps)
[rank19]:            ~~~~~~~~~~^^^^^^^^^^^^^^^^^^^^^^^^^^^^^^^^^^^^^^^^^^^^^^^^^
[rank19]:   File "/home/hice1/cman8/conda_env/chakra_fx/lib/python3.13/site-packages/torch/nn/functional.py", line 2920, in rms_norm
[rank19]:     return torch.rms_norm(input, normalized_shape, weight, eps)
[rank19]:            ~~~~~~~~~~~~~~^^^^^^^^^^^^^^^^^^^^^^^^^^^^^^^^^^^^^^
[rank19]: RuntimeError: Expected weight to be of same shape as normalized_shape, but got weight of shape [4096] and normalized_shape = [2048]
[rank24]:[W820 00:38:18.122121834 ProcessGroupNCCL.cpp:1519] Warning: WARNING: destroy_process_group() was not called before program exit, which can leak resources. For more info, please see https://pytorch.org/docs/stable/distributed.html#shutdown (function operator())
[rank28]:[W820 00:38:18.122367052 ProcessGroupNCCL.cpp:1519] Warning: WARNING: destroy_process_group() was not called before program exit, which can leak resources. For more info, please see https://pytorch.org/docs/stable/distributed.html#shutdown (function operator())
[rank10]:[W820 00:38:18.604276863 ProcessGroupNCCL.cpp:1519] Warning: WARNING: destroy_process_group() was not called before program exit, which can leak resources. For more info, please see https://pytorch.org/docs/stable/distributed.html#shutdown (function operator())
[rank11]:[W820 00:38:18.605494015 ProcessGroupNCCL.cpp:1519] Warning: WARNING: destroy_process_group() was not called before program exit, which can leak resources. For more info, please see https://pytorch.org/docs/stable/distributed.html#shutdown (function operator())
[rank9]:[W820 00:38:18.607705132 ProcessGroupNCCL.cpp:1519] Warning: WARNING: destroy_process_group() was not called before program exit, which can leak resources. For more info, please see https://pytorch.org/docs/stable/distributed.html#shutdown (function operator())
[rank12]:[W820 00:38:18.609008527 ProcessGroupNCCL.cpp:1519] Warning: WARNING: destroy_process_group() was not called before program exit, which can leak resources. For more info, please see https://pytorch.org/docs/stable/distributed.html#shutdown (function operator())
[rank13]:[W820 00:38:18.609400166 ProcessGroupNCCL.cpp:1519] Warning: WARNING: destroy_process_group() was not called before program exit, which can leak resources. For more info, please see https://pytorch.org/docs/stable/distributed.html#shutdown (function operator())
[rank15]:[W820 00:38:18.612158632 ProcessGroupNCCL.cpp:1519] Warning: WARNING: destroy_process_group() was not called before program exit, which can leak resources. For more info, please see https://pytorch.org/docs/stable/distributed.html#shutdown (function operator())
[rank5]:[W820 00:38:18.208740760 ProcessGroupNCCL.cpp:1519] Warning: WARNING: destroy_process_group() was not called before program exit, which can leak resources. For more info, please see https://pytorch.org/docs/stable/distributed.html#shutdown (function operator())
[rank6]:[W820 00:38:18.210994637 ProcessGroupNCCL.cpp:1519] Warning: WARNING: destroy_process_group() was not called before program exit, which can leak resources. For more info, please see https://pytorch.org/docs/stable/distributed.html#shutdown (function operator())
[rank8]:[W820 00:38:18.621511717 ProcessGroupNCCL.cpp:1519] Warning: WARNING: destroy_process_group() was not called before program exit, which can leak resources. For more info, please see https://pytorch.org/docs/stable/distributed.html#shutdown (function operator())
[rank14]:[W820 00:38:18.631326156 ProcessGroupNCCL.cpp:1519] Warning: WARNING: destroy_process_group() was not called before program exit, which can leak resources. For more info, please see https://pytorch.org/docs/stable/distributed.html#shutdown (function operator())
[rank1]:[W820 00:38:18.243455296 ProcessGroupNCCL.cpp:1519] Warning: WARNING: destroy_process_group() was not called before program exit, which can leak resources. For more info, please see https://pytorch.org/docs/stable/distributed.html#shutdown (function operator())
[rank29]:[W820 00:38:18.232621821 ProcessGroupNCCL.cpp:1519] Warning: WARNING: destroy_process_group() was not called before program exit, which can leak resources. For more info, please see https://pytorch.org/docs/stable/distributed.html#shutdown (function operator())
[rank27]:[W820 00:38:18.234027344 ProcessGroupNCCL.cpp:1519] Warning: WARNING: destroy_process_group() was not called before program exit, which can leak resources. For more info, please see https://pytorch.org/docs/stable/distributed.html#shutdown (function operator())
[rank30]:[W820 00:38:18.269763552 ProcessGroupNCCL.cpp:1519] Warning: WARNING: destroy_process_group() was not called before program exit, which can leak resources. For more info, please see https://pytorch.org/docs/stable/distributed.html#shutdown (function operator())
[rank4]:[W820 00:38:18.295734191 ProcessGroupNCCL.cpp:1519] Warning: WARNING: destroy_process_group() was not called before program exit, which can leak resources. For more info, please see https://pytorch.org/docs/stable/distributed.html#shutdown (function operator())
[rank2]:[W820 00:38:18.319158748 ProcessGroupNCCL.cpp:1519] Warning: WARNING: destroy_process_group() was not called before program exit, which can leak resources. For more info, please see https://pytorch.org/docs/stable/distributed.html#shutdown (function operator())
[rank0]:[W820 00:38:18.344731795 ProcessGroupNCCL.cpp:1519] Warning: WARNING: destroy_process_group() was not called before program exit, which can leak resources. For more info, please see https://pytorch.org/docs/stable/distributed.html#shutdown (function operator())
[rank26]:[W820 00:38:18.374162559 ProcessGroupNCCL.cpp:1519] Warning: WARNING: destroy_process_group() was not called before program exit, which can leak resources. For more info, please see https://pytorch.org/docs/stable/distributed.html#shutdown (function operator())
[rank31]:[W820 00:38:18.374920825 ProcessGroupNCCL.cpp:1519] Warning: WARNING: destroy_process_group() was not called before program exit, which can leak resources. For more info, please see https://pytorch.org/docs/stable/distributed.html#shutdown (function operator())
[rank25]:[W820 00:38:18.375362341 ProcessGroupNCCL.cpp:1519] Warning: WARNING: destroy_process_group() was not called before program exit, which can leak resources. For more info, please see https://pytorch.org/docs/stable/distributed.html#shutdown (function operator())
[rank21]:[W820 00:38:18.514123645 ProcessGroupNCCL.cpp:1519] Warning: WARNING: destroy_process_group() was not called before program exit, which can leak resources. For more info, please see https://pytorch.org/docs/stable/distributed.html#shutdown (function operator())
[rank20]:[W820 00:38:18.514526042 ProcessGroupNCCL.cpp:1519] Warning: WARNING: destroy_process_group() was not called before program exit, which can leak resources. For more info, please see https://pytorch.org/docs/stable/distributed.html#shutdown (function operator())
[rank22]:[W820 00:38:18.515188042 ProcessGroupNCCL.cpp:1519] Warning: WARNING: destroy_process_group() was not called before program exit, which can leak resources. For more info, please see https://pytorch.org/docs/stable/distributed.html#shutdown (function operator())
[rank16]:[W820 00:38:18.516736266 ProcessGroupNCCL.cpp:1519] Warning: WARNING: destroy_process_group() was not called before program exit, which can leak resources. For more info, please see https://pytorch.org/docs/stable/distributed.html#shutdown (function operator())
[rank7]:[W820 00:38:18.415348924 ProcessGroupNCCL.cpp:1519] Warning: WARNING: destroy_process_group() was not called before program exit, which can leak resources. For more info, please see https://pytorch.org/docs/stable/distributed.html#shutdown (function operator())
[rank3]:[W820 00:38:18.416448671 ProcessGroupNCCL.cpp:1519] Warning: WARNING: destroy_process_group() was not called before program exit, which can leak resources. For more info, please see https://pytorch.org/docs/stable/distributed.html#shutdown (function operator())
[rank23]:[W820 00:38:18.556516158 ProcessGroupNCCL.cpp:1519] Warning: WARNING: destroy_process_group() was not called before program exit, which can leak resources. For more info, please see https://pytorch.org/docs/stable/distributed.html#shutdown (function operator())
[rank18]:[W820 00:38:18.575460173 ProcessGroupNCCL.cpp:1519] Warning: WARNING: destroy_process_group() was not called before program exit, which can leak resources. For more info, please see https://pytorch.org/docs/stable/distributed.html#shutdown (function operator())
[rank17]:[W820 00:38:18.727591968 ProcessGroupNCCL.cpp:1519] Warning: WARNING: destroy_process_group() was not called before program exit, which can leak resources. For more info, please see https://pytorch.org/docs/stable/distributed.html#shutdown (function operator())
[rank19]:[W820 00:38:18.728669408 ProcessGroupNCCL.cpp:1519] Warning: WARNING: destroy_process_group() was not called before program exit, which can leak resources. For more info, please see https://pytorch.org/docs/stable/distributed.html#shutdown (function operator())
[rank55]: Traceback (most recent call last):
[rank55]:   File "/storage/ice1/5/1/cman8/shared/chakra_fx/profile_fxgraph.py", line 92, in <module>
[rank55]:     profiler.run_eager_fwbw_kineto_pass()
[rank55]:     ~~~~~~~~~~~~~~~~~~~~~~~~~~~~~~~~~~~^^
[rank55]:   File "/storage/ice1/5/1/cman8/shared/chakra_fx/src/chakra_fx/profilers/model_profiler.py", line 164, in run_eager_fwbw_kineto_pass
[rank55]:     output = self.model(self.sample_input)
[rank55]:   File "/home/hice1/cman8/conda_env/chakra_fx/lib/python3.13/site-packages/torch/nn/modules/module.py", line 1775, in _wrapped_call_impl
[rank55]:     return self._call_impl(*args, **kwargs)
[rank55]:            ~~~~~~~~~~~~~~~^^^^^^^^^^^^^^^^^
[rank55]:   File "/home/hice1/cman8/conda_env/chakra_fx/lib/python3.13/site-packages/torch/nn/modules/module.py", line 1786, in _call_impl
[rank55]:     return forward_call(*args, **kwargs)
[rank55]:   File "/home/hice1/cman8/conda_env/chakra_fx/lib/python3.13/site-packages/torchtitan/models/llama3/model/model.py", line 428, in forward
[rank55]:     h = layer(h, self.freqs_cis)
[rank55]:   File "/home/hice1/cman8/conda_env/chakra_fx/lib/python3.13/site-packages/torch/nn/modules/module.py", line 1775, in _wrapped_call_impl
[rank55]:     return self._call_impl(*args, **kwargs)
[rank55]:            ~~~~~~~~~~~~~~~^^^^^^^^^^^^^^^^^
[rank55]:   File "/home/hice1/cman8/conda_env/chakra_fx/lib/python3.13/site-packages/torch/nn/modules/module.py", line 1786, in _call_impl
[rank55]:     return forward_call(*args, **kwargs)
[rank55]:   File "/home/hice1/cman8/conda_env/chakra_fx/lib/python3.13/site-packages/torchtitan/models/llama3/model/model.py", line 300, in forward
[rank55]:     h = x + self.attention(self.attention_norm(x), freqs_cis)
[rank55]:                            ~~~~~~~~~~~~~~~~~~~^^^
[rank55]:   File "/home/hice1/cman8/conda_env/chakra_fx/lib/python3.13/site-packages/torch/nn/modules/module.py", line 1775, in _wrapped_call_impl
[rank55]:     return self._call_impl(*args, **kwargs)
[rank55]:            ~~~~~~~~~~~~~~~^^^^^^^^^^^^^^^^^
[rank55]:   File "/home/hice1/cman8/conda_env/chakra_fx/lib/python3.13/site-packages/torch/nn/modules/module.py", line 1881, in _call_impl
[rank55]:     return inner()
[rank55]:   File "/home/hice1/cman8/conda_env/chakra_fx/lib/python3.13/site-packages/torch/nn/modules/module.py", line 1829, in inner
[rank55]:     result = forward_call(*args, **kwargs)
[rank55]:   File "/home/hice1/cman8/conda_env/chakra_fx/lib/python3.13/site-packages/torch/nn/modules/normalization.py", line 414, in forward
[rank55]:     return F.rms_norm(x, self.normalized_shape, self.weight, self.eps)
[rank55]:            ~~~~~~~~~~^^^^^^^^^^^^^^^^^^^^^^^^^^^^^^^^^^^^^^^^^^^^^^^^^
[rank55]:   File "/home/hice1/cman8/conda_env/chakra_fx/lib/python3.13/site-packages/torch/nn/functional.py", line 2920, in rms_norm
[rank55]:     return torch.rms_norm(input, normalized_shape, weight, eps)
[rank55]:            ~~~~~~~~~~~~~~^^^^^^^^^^^^^^^^^^^^^^^^^^^^^^^^^^^^^^
[rank55]: RuntimeError: Expected weight to be of same shape as normalized_shape, but got weight of shape [4096] and normalized_shape = [2048]
[rank37]: Traceback (most recent call last):
[rank37]:   File "/storage/ice1/5/1/cman8/shared/chakra_fx/profile_fxgraph.py", line 92, in <module>
[rank37]:     profiler.run_eager_fwbw_kineto_pass()
[rank37]:     ~~~~~~~~~~~~~~~~~~~~~~~~~~~~~~~~~~~^^
[rank37]:   File "/storage/ice1/5/1/cman8/shared/chakra_fx/src/chakra_fx/profilers/model_profiler.py", line 164, in run_eager_fwbw_kineto_pass
[rank37]:     output = self.model(self.sample_input)
[rank37]:   File "/home/hice1/cman8/conda_env/chakra_fx/lib/python3.13/site-packages/torch/nn/modules/module.py", line 1775, in _wrapped_call_impl
[rank37]:     return self._call_impl(*args, **kwargs)
[rank37]:            ~~~~~~~~~~~~~~~^^^^^^^^^^^^^^^^^
[rank37]:   File "/home/hice1/cman8/conda_env/chakra_fx/lib/python3.13/site-packages/torch/nn/modules/module.py", line 1786, in _call_impl
[rank37]:     return forward_call(*args, **kwargs)
[rank37]:   File "/home/hice1/cman8/conda_env/chakra_fx/lib/python3.13/site-packages/torchtitan/models/llama3/model/model.py", line 428, in forward
[rank37]:     h = layer(h, self.freqs_cis)
[rank37]:   File "/home/hice1/cman8/conda_env/chakra_fx/lib/python3.13/site-packages/torch/nn/modules/module.py", line 1775, in _wrapped_call_impl
[rank37]:     return self._call_impl(*args, **kwargs)
[rank37]:            ~~~~~~~~~~~~~~~^^^^^^^^^^^^^^^^^
[rank37]:   File "/home/hice1/cman8/conda_env/chakra_fx/lib/python3.13/site-packages/torch/nn/modules/module.py", line 1786, in _call_impl
[rank37]:     return forward_call(*args, **kwargs)
[rank37]:   File "/home/hice1/cman8/conda_env/chakra_fx/lib/python3.13/site-packages/torchtitan/models/llama3/model/model.py", line 300, in forward
[rank37]:     h = x + self.attention(self.attention_norm(x), freqs_cis)
[rank37]:                            ~~~~~~~~~~~~~~~~~~~^^^
[rank37]:   File "/home/hice1/cman8/conda_env/chakra_fx/lib/python3.13/site-packages/torch/nn/modules/module.py", line 1775, in _wrapped_call_impl
[rank37]:     return self._call_impl(*args, **kwargs)
[rank37]:            ~~~~~~~~~~~~~~~^^^^^^^^^^^^^^^^^
[rank37]:   File "/home/hice1/cman8/conda_env/chakra_fx/lib/python3.13/site-packages/torch/nn/modules/module.py", line 1881, in _call_impl
[rank37]:     return inner()
[rank37]:   File "/home/hice1/cman8/conda_env/chakra_fx/lib/python3.13/site-packages/torch/nn/modules/module.py", line 1829, in inner
[rank37]:     result = forward_call(*args, **kwargs)
[rank37]:   File "/home/hice1/cman8/conda_env/chakra_fx/lib/python3.13/site-packages/torch/nn/modules/normalization.py", line 414, in forward
[rank37]:     return F.rms_norm(x, self.normalized_shape, self.weight, self.eps)
[rank37]:            ~~~~~~~~~~^^^^^^^^^^^^^^^^^^^^^^^^^^^^^^^^^^^^^^^^^^^^^^^^^
[rank37]:   File "/home/hice1/cman8/conda_env/chakra_fx/lib/python3.13/site-packages/torch/nn/functional.py", line 2920, in rms_norm
[rank37]:     return torch.rms_norm(input, normalized_shape, weight, eps)
[rank37]:            ~~~~~~~~~~~~~~^^^^^^^^^^^^^^^^^^^^^^^^^^^^^^^^^^^^^^
[rank37]: RuntimeError: Expected weight to be of same shape as normalized_shape, but got weight of shape [4096] and normalized_shape = [2048]
[rank43]: Traceback (most recent call last):
[rank43]:   File "/storage/ice1/5/1/cman8/shared/chakra_fx/profile_fxgraph.py", line 92, in <module>
[rank43]:     profiler.run_eager_fwbw_kineto_pass()
[rank43]:     ~~~~~~~~~~~~~~~~~~~~~~~~~~~~~~~~~~~^^
[rank43]:   File "/storage/ice1/5/1/cman8/shared/chakra_fx/src/chakra_fx/profilers/model_profiler.py", line 164, in run_eager_fwbw_kineto_pass
[rank43]:     output = self.model(self.sample_input)
[rank43]:   File "/home/hice1/cman8/conda_env/chakra_fx/lib/python3.13/site-packages/torch/nn/modules/module.py", line 1775, in _wrapped_call_impl
[rank43]:     return self._call_impl(*args, **kwargs)
[rank43]:            ~~~~~~~~~~~~~~~^^^^^^^^^^^^^^^^^
[rank43]:   File "/home/hice1/cman8/conda_env/chakra_fx/lib/python3.13/site-packages/torch/nn/modules/module.py", line 1786, in _call_impl
[rank43]:     return forward_call(*args, **kwargs)
[rank43]:   File "/home/hice1/cman8/conda_env/chakra_fx/lib/python3.13/site-packages/torchtitan/models/llama3/model/model.py", line 428, in forward
[rank43]:     h = layer(h, self.freqs_cis)
[rank43]:   File "/home/hice1/cman8/conda_env/chakra_fx/lib/python3.13/site-packages/torch/nn/modules/module.py", line 1775, in _wrapped_call_impl
[rank43]:     return self._call_impl(*args, **kwargs)
[rank43]:            ~~~~~~~~~~~~~~~^^^^^^^^^^^^^^^^^
[rank43]:   File "/home/hice1/cman8/conda_env/chakra_fx/lib/python3.13/site-packages/torch/nn/modules/module.py", line 1786, in _call_impl
[rank43]:     return forward_call(*args, **kwargs)
[rank43]:   File "/home/hice1/cman8/conda_env/chakra_fx/lib/python3.13/site-packages/torchtitan/models/llama3/model/model.py", line 300, in forward
[rank43]:     h = x + self.attention(self.attention_norm(x), freqs_cis)
[rank43]:                            ~~~~~~~~~~~~~~~~~~~^^^
[rank43]:   File "/home/hice1/cman8/conda_env/chakra_fx/lib/python3.13/site-packages/torch/nn/modules/module.py", line 1775, in _wrapped_call_impl
[rank43]:     return self._call_impl(*args, **kwargs)
[rank43]:            ~~~~~~~~~~~~~~~^^^^^^^^^^^^^^^^^
[rank43]:   File "/home/hice1/cman8/conda_env/chakra_fx/lib/python3.13/site-packages/torch/nn/modules/module.py", line 1881, in _call_impl
[rank43]:     return inner()
[rank43]:   File "/home/hice1/cman8/conda_env/chakra_fx/lib/python3.13/site-packages/torch/nn/modules/module.py", line 1829, in inner
[rank43]:     result = forward_call(*args, **kwargs)
[rank43]:   File "/home/hice1/cman8/conda_env/chakra_fx/lib/python3.13/site-packages/torch/nn/modules/normalization.py", line 414, in forward
[rank43]:     return F.rms_norm(x, self.normalized_shape, self.weight, self.eps)
[rank43]:            ~~~~~~~~~~^^^^^^^^^^^^^^^^^^^^^^^^^^^^^^^^^^^^^^^^^^^^^^^^^
[rank43]:   File "/home/hice1/cman8/conda_env/chakra_fx/lib/python3.13/site-packages/torch/nn/functional.py", line 2920, in rms_norm
[rank43]:     return torch.rms_norm(input, normalized_shape, weight, eps)
[rank43]:            ~~~~~~~~~~~~~~^^^^^^^^^^^^^^^^^^^^^^^^^^^^^^^^^^^^^^
[rank43]: RuntimeError: Expected weight to be of same shape as normalized_shape, but got weight of shape [4096] and normalized_shape = [2048]
[rank48]: Traceback (most recent call last):
[rank48]:   File "/storage/ice1/5/1/cman8/shared/chakra_fx/profile_fxgraph.py", line 92, in <module>
[rank48]:     profiler.run_eager_fwbw_kineto_pass()
[rank48]:     ~~~~~~~~~~~~~~~~~~~~~~~~~~~~~~~~~~~^^
[rank48]:   File "/storage/ice1/5/1/cman8/shared/chakra_fx/src/chakra_fx/profilers/model_profiler.py", line 164, in run_eager_fwbw_kineto_pass
[rank48]:     output = self.model(self.sample_input)
[rank48]:   File "/home/hice1/cman8/conda_env/chakra_fx/lib/python3.13/site-packages/torch/nn/modules/module.py", line 1775, in _wrapped_call_impl
[rank48]:     return self._call_impl(*args, **kwargs)
[rank48]:            ~~~~~~~~~~~~~~~^^^^^^^^^^^^^^^^^
[rank48]:   File "/home/hice1/cman8/conda_env/chakra_fx/lib/python3.13/site-packages/torch/nn/modules/module.py", line 1786, in _call_impl
[rank48]:     return forward_call(*args, **kwargs)
[rank48]:   File "/home/hice1/cman8/conda_env/chakra_fx/lib/python3.13/site-packages/torchtitan/models/llama3/model/model.py", line 428, in forward
[rank48]:     h = layer(h, self.freqs_cis)
[rank48]:   File "/home/hice1/cman8/conda_env/chakra_fx/lib/python3.13/site-packages/torch/nn/modules/module.py", line 1775, in _wrapped_call_impl
[rank48]:     return self._call_impl(*args, **kwargs)
[rank48]:            ~~~~~~~~~~~~~~~^^^^^^^^^^^^^^^^^
[rank48]:   File "/home/hice1/cman8/conda_env/chakra_fx/lib/python3.13/site-packages/torch/nn/modules/module.py", line 1786, in _call_impl
[rank48]:     return forward_call(*args, **kwargs)
[rank48]:   File "/home/hice1/cman8/conda_env/chakra_fx/lib/python3.13/site-packages/torchtitan/models/llama3/model/model.py", line 300, in forward
[rank48]:     h = x + self.attention(self.attention_norm(x), freqs_cis)
[rank48]:                            ~~~~~~~~~~~~~~~~~~~^^^
[rank48]:   File "/home/hice1/cman8/conda_env/chakra_fx/lib/python3.13/site-packages/torch/nn/modules/module.py", line 1775, in _wrapped_call_impl
[rank48]:     return self._call_impl(*args, **kwargs)
[rank48]:            ~~~~~~~~~~~~~~~^^^^^^^^^^^^^^^^^
[rank48]:   File "/home/hice1/cman8/conda_env/chakra_fx/lib/python3.13/site-packages/torch/nn/modules/module.py", line 1881, in _call_impl
[rank48]:     return inner()
[rank48]:   File "/home/hice1/cman8/conda_env/chakra_fx/lib/python3.13/site-packages/torch/nn/modules/module.py", line 1829, in inner
[rank48]:     result = forward_call(*args, **kwargs)
[rank48]:   File "/home/hice1/cman8/conda_env/chakra_fx/lib/python3.13/site-packages/torch/nn/modules/normalization.py", line 414, in forward
[rank48]:     return F.rms_norm(x, self.normalized_shape, self.weight, self.eps)
[rank48]:            ~~~~~~~~~~^^^^^^^^^^^^^^^^^^^^^^^^^^^^^^^^^^^^^^^^^^^^^^^^^
[rank48]:   File "/home/hice1/cman8/conda_env/chakra_fx/lib/python3.13/site-packages/torch/nn/functional.py", line 2920, in rms_norm
[rank48]:     return torch.rms_norm(input, normalized_shape, weight, eps)
[rank48]:            ~~~~~~~~~~~~~~^^^^^^^^^^^^^^^^^^^^^^^^^^^^^^^^^^^^^^
[rank48]: RuntimeError: Expected weight to be of same shape as normalized_shape, but got weight of shape [4096] and normalized_shape = [2048]
[rank61]: Traceback (most recent call last):
[rank61]:   File "/storage/ice1/5/1/cman8/shared/chakra_fx/profile_fxgraph.py", line 92, in <module>
[rank61]:     profiler.run_eager_fwbw_kineto_pass()
[rank61]:     ~~~~~~~~~~~~~~~~~~~~~~~~~~~~~~~~~~~^^
[rank61]:   File "/storage/ice1/5/1/cman8/shared/chakra_fx/src/chakra_fx/profilers/model_profiler.py", line 164, in run_eager_fwbw_kineto_pass
[rank61]:     output = self.model(self.sample_input)
[rank61]:   File "/home/hice1/cman8/conda_env/chakra_fx/lib/python3.13/site-packages/torch/nn/modules/module.py", line 1775, in _wrapped_call_impl
[rank61]:     return self._call_impl(*args, **kwargs)
[rank61]:            ~~~~~~~~~~~~~~~^^^^^^^^^^^^^^^^^
[rank61]:   File "/home/hice1/cman8/conda_env/chakra_fx/lib/python3.13/site-packages/torch/nn/modules/module.py", line 1786, in _call_impl
[rank61]:     return forward_call(*args, **kwargs)
[rank61]:   File "/home/hice1/cman8/conda_env/chakra_fx/lib/python3.13/site-packages/torchtitan/models/llama3/model/model.py", line 428, in forward
[rank61]:     h = layer(h, self.freqs_cis)
[rank61]:   File "/home/hice1/cman8/conda_env/chakra_fx/lib/python3.13/site-packages/torch/nn/modules/module.py", line 1775, in _wrapped_call_impl
[rank61]:     return self._call_impl(*args, **kwargs)
[rank61]:            ~~~~~~~~~~~~~~~^^^^^^^^^^^^^^^^^
[rank61]:   File "/home/hice1/cman8/conda_env/chakra_fx/lib/python3.13/site-packages/torch/nn/modules/module.py", line 1786, in _call_impl
[rank61]:     return forward_call(*args, **kwargs)
[rank61]:   File "/home/hice1/cman8/conda_env/chakra_fx/lib/python3.13/site-packages/torchtitan/models/llama3/model/model.py", line 300, in forward
[rank61]:     h = x + self.attention(self.attention_norm(x), freqs_cis)
[rank61]:                            ~~~~~~~~~~~~~~~~~~~^^^
[rank61]:   File "/home/hice1/cman8/conda_env/chakra_fx/lib/python3.13/site-packages/torch/nn/modules/module.py", line 1775, in _wrapped_call_impl
[rank61]:     return self._call_impl(*args, **kwargs)
[rank61]:            ~~~~~~~~~~~~~~~^^^^^^^^^^^^^^^^^
[rank61]:   File "/home/hice1/cman8/conda_env/chakra_fx/lib/python3.13/site-packages/torch/nn/modules/module.py", line 1881, in _call_impl
[rank61]:     return inner()
[rank61]:   File "/home/hice1/cman8/conda_env/chakra_fx/lib/python3.13/site-packages/torch/nn/modules/module.py", line 1829, in inner
[rank61]:     result = forward_call(*args, **kwargs)
[rank61]:   File "/home/hice1/cman8/conda_env/chakra_fx/lib/python3.13/site-packages/torch/nn/modules/normalization.py", line 414, in forward
[rank61]:     return F.rms_norm(x, self.normalized_shape, self.weight, self.eps)
[rank61]:            ~~~~~~~~~~^^^^^^^^^^^^^^^^^^^^^^^^^^^^^^^^^^^^^^^^^^^^^^^^^
[rank61]:   File "/home/hice1/cman8/conda_env/chakra_fx/lib/python3.13/site-packages/torch/nn/functional.py", line 2920, in rms_norm
[rank61]:     return torch.rms_norm(input, normalized_shape, weight, eps)
[rank61]:            ~~~~~~~~~~~~~~^^^^^^^^^^^^^^^^^^^^^^^^^^^^^^^^^^^^^^
[rank61]: RuntimeError: Expected weight to be of same shape as normalized_shape, but got weight of shape [4096] and normalized_shape = [2048]
[rank41]: Traceback (most recent call last):
[rank41]:   File "/storage/ice1/5/1/cman8/shared/chakra_fx/profile_fxgraph.py", line 92, in <module>
[rank41]:     profiler.run_eager_fwbw_kineto_pass()
[rank41]:     ~~~~~~~~~~~~~~~~~~~~~~~~~~~~~~~~~~~^^
[rank41]:   File "/storage/ice1/5/1/cman8/shared/chakra_fx/src/chakra_fx/profilers/model_profiler.py", line 164, in run_eager_fwbw_kineto_pass
[rank41]:     output = self.model(self.sample_input)
[rank41]:   File "/home/hice1/cman8/conda_env/chakra_fx/lib/python3.13/site-packages/torch/nn/modules/module.py", line 1775, in _wrapped_call_impl
[rank41]:     return self._call_impl(*args, **kwargs)
[rank41]:            ~~~~~~~~~~~~~~~^^^^^^^^^^^^^^^^^
[rank41]:   File "/home/hice1/cman8/conda_env/chakra_fx/lib/python3.13/site-packages/torch/nn/modules/module.py", line 1786, in _call_impl
[rank41]:     return forward_call(*args, **kwargs)
[rank41]:   File "/home/hice1/cman8/conda_env/chakra_fx/lib/python3.13/site-packages/torchtitan/models/llama3/model/model.py", line 428, in forward
[rank41]:     h = layer(h, self.freqs_cis)
[rank41]:   File "/home/hice1/cman8/conda_env/chakra_fx/lib/python3.13/site-packages/torch/nn/modules/module.py", line 1775, in _wrapped_call_impl
[rank41]:     return self._call_impl(*args, **kwargs)
[rank41]:            ~~~~~~~~~~~~~~~^^^^^^^^^^^^^^^^^
[rank41]:   File "/home/hice1/cman8/conda_env/chakra_fx/lib/python3.13/site-packages/torch/nn/modules/module.py", line 1786, in _call_impl
[rank41]:     return forward_call(*args, **kwargs)
[rank41]:   File "/home/hice1/cman8/conda_env/chakra_fx/lib/python3.13/site-packages/torchtitan/models/llama3/model/model.py", line 300, in forward
[rank41]:     h = x + self.attention(self.attention_norm(x), freqs_cis)
[rank41]:                            ~~~~~~~~~~~~~~~~~~~^^^
[rank41]:   File "/home/hice1/cman8/conda_env/chakra_fx/lib/python3.13/site-packages/torch/nn/modules/module.py", line 1775, in _wrapped_call_impl
[rank41]:     return self._call_impl(*args, **kwargs)
[rank41]:            ~~~~~~~~~~~~~~~^^^^^^^^^^^^^^^^^
[rank41]:   File "/home/hice1/cman8/conda_env/chakra_fx/lib/python3.13/site-packages/torch/nn/modules/module.py", line 1881, in _call_impl
[rank41]:     return inner()
[rank41]:   File "/home/hice1/cman8/conda_env/chakra_fx/lib/python3.13/site-packages/torch/nn/modules/module.py", line 1829, in inner
[rank41]:     result = forward_call(*args, **kwargs)
[rank41]:   File "/home/hice1/cman8/conda_env/chakra_fx/lib/python3.13/site-packages/torch/nn/modules/normalization.py", line 414, in forward
[rank41]:     return F.rms_norm(x, self.normalized_shape, self.weight, self.eps)
[rank41]:            ~~~~~~~~~~^^^^^^^^^^^^^^^^^^^^^^^^^^^^^^^^^^^^^^^^^^^^^^^^^
[rank41]:   File "/home/hice1/cman8/conda_env/chakra_fx/lib/python3.13/site-packages/torch/nn/functional.py", line 2920, in rms_norm
[rank41]:     return torch.rms_norm(input, normalized_shape, weight, eps)
[rank41]:            ~~~~~~~~~~~~~~^^^^^^^^^^^^^^^^^^^^^^^^^^^^^^^^^^^^^^
[rank41]: RuntimeError: Expected weight to be of same shape as normalized_shape, but got weight of shape [4096] and normalized_shape = [2048]
[rank35]: Traceback (most recent call last):
[rank35]:   File "/storage/ice1/5/1/cman8/shared/chakra_fx/profile_fxgraph.py", line 92, in <module>
[rank35]:     profiler.run_eager_fwbw_kineto_pass()
[rank35]:     ~~~~~~~~~~~~~~~~~~~~~~~~~~~~~~~~~~~^^
[rank35]:   File "/storage/ice1/5/1/cman8/shared/chakra_fx/src/chakra_fx/profilers/model_profiler.py", line 164, in run_eager_fwbw_kineto_pass
[rank35]:     output = self.model(self.sample_input)
[rank35]:   File "/home/hice1/cman8/conda_env/chakra_fx/lib/python3.13/site-packages/torch/nn/modules/module.py", line 1775, in _wrapped_call_impl
[rank35]:     return self._call_impl(*args, **kwargs)
[rank35]:            ~~~~~~~~~~~~~~~^^^^^^^^^^^^^^^^^
[rank35]:   File "/home/hice1/cman8/conda_env/chakra_fx/lib/python3.13/site-packages/torch/nn/modules/module.py", line 1786, in _call_impl
[rank35]:     return forward_call(*args, **kwargs)
[rank35]:   File "/home/hice1/cman8/conda_env/chakra_fx/lib/python3.13/site-packages/torchtitan/models/llama3/model/model.py", line 428, in forward
[rank35]:     h = layer(h, self.freqs_cis)
[rank35]:   File "/home/hice1/cman8/conda_env/chakra_fx/lib/python3.13/site-packages/torch/nn/modules/module.py", line 1775, in _wrapped_call_impl
[rank35]:     return self._call_impl(*args, **kwargs)
[rank35]:            ~~~~~~~~~~~~~~~^^^^^^^^^^^^^^^^^
[rank35]:   File "/home/hice1/cman8/conda_env/chakra_fx/lib/python3.13/site-packages/torch/nn/modules/module.py", line 1786, in _call_impl
[rank35]:     return forward_call(*args, **kwargs)
[rank35]:   File "/home/hice1/cman8/conda_env/chakra_fx/lib/python3.13/site-packages/torchtitan/models/llama3/model/model.py", line 300, in forward
[rank35]:     h = x + self.attention(self.attention_norm(x), freqs_cis)
[rank35]:                            ~~~~~~~~~~~~~~~~~~~^^^
[rank35]:   File "/home/hice1/cman8/conda_env/chakra_fx/lib/python3.13/site-packages/torch/nn/modules/module.py", line 1775, in _wrapped_call_impl
[rank35]:     return self._call_impl(*args, **kwargs)
[rank35]:            ~~~~~~~~~~~~~~~^^^^^^^^^^^^^^^^^
[rank35]:   File "/home/hice1/cman8/conda_env/chakra_fx/lib/python3.13/site-packages/torch/nn/modules/module.py", line 1881, in _call_impl
[rank35]:     return inner()
[rank35]:   File "/home/hice1/cman8/conda_env/chakra_fx/lib/python3.13/site-packages/torch/nn/modules/module.py", line 1829, in inner
[rank35]:     result = forward_call(*args, **kwargs)
[rank35]:   File "/home/hice1/cman8/conda_env/chakra_fx/lib/python3.13/site-packages/torch/nn/modules/normalization.py", line 414, in forward
[rank35]:     return F.rms_norm(x, self.normalized_shape, self.weight, self.eps)
[rank35]:            ~~~~~~~~~~^^^^^^^^^^^^^^^^^^^^^^^^^^^^^^^^^^^^^^^^^^^^^^^^^
[rank35]:   File "/home/hice1/cman8/conda_env/chakra_fx/lib/python3.13/site-packages/torch/nn/functional.py", line 2920, in rms_norm
[rank35]:     return torch.rms_norm(input, normalized_shape, weight, eps)
[rank35]:            ~~~~~~~~~~~~~~^^^^^^^^^^^^^^^^^^^^^^^^^^^^^^^^^^^^^^
[rank35]: RuntimeError: Expected weight to be of same shape as normalized_shape, but got weight of shape [4096] and normalized_shape = [2048]
[rank56]: Traceback (most recent call last):
[rank56]:   File "/storage/ice1/5/1/cman8/shared/chakra_fx/profile_fxgraph.py", line 92, in <module>
[rank56]:     profiler.run_eager_fwbw_kineto_pass()
[rank56]:     ~~~~~~~~~~~~~~~~~~~~~~~~~~~~~~~~~~~^^
[rank56]:   File "/storage/ice1/5/1/cman8/shared/chakra_fx/src/chakra_fx/profilers/model_profiler.py", line 164, in run_eager_fwbw_kineto_pass
[rank56]:     output = self.model(self.sample_input)
[rank56]:   File "/home/hice1/cman8/conda_env/chakra_fx/lib/python3.13/site-packages/torch/nn/modules/module.py", line 1775, in _wrapped_call_impl
[rank56]:     return self._call_impl(*args, **kwargs)
[rank56]:            ~~~~~~~~~~~~~~~^^^^^^^^^^^^^^^^^
[rank56]:   File "/home/hice1/cman8/conda_env/chakra_fx/lib/python3.13/site-packages/torch/nn/modules/module.py", line 1786, in _call_impl
[rank56]:     return forward_call(*args, **kwargs)
[rank56]:   File "/home/hice1/cman8/conda_env/chakra_fx/lib/python3.13/site-packages/torchtitan/models/llama3/model/model.py", line 428, in forward
[rank56]:     h = layer(h, self.freqs_cis)
[rank56]:   File "/home/hice1/cman8/conda_env/chakra_fx/lib/python3.13/site-packages/torch/nn/modules/module.py", line 1775, in _wrapped_call_impl
[rank56]:     return self._call_impl(*args, **kwargs)
[rank56]:            ~~~~~~~~~~~~~~~^^^^^^^^^^^^^^^^^
[rank56]:   File "/home/hice1/cman8/conda_env/chakra_fx/lib/python3.13/site-packages/torch/nn/modules/module.py", line 1786, in _call_impl
[rank56]:     return forward_call(*args, **kwargs)
[rank56]:   File "/home/hice1/cman8/conda_env/chakra_fx/lib/python3.13/site-packages/torchtitan/models/llama3/model/model.py", line 300, in forward
[rank56]:     h = x + self.attention(self.attention_norm(x), freqs_cis)
[rank56]:                            ~~~~~~~~~~~~~~~~~~~^^^
[rank56]:   File "/home/hice1/cman8/conda_env/chakra_fx/lib/python3.13/site-packages/torch/nn/modules/module.py", line 1775, in _wrapped_call_impl
[rank56]:     return self._call_impl(*args, **kwargs)
[rank56]:            ~~~~~~~~~~~~~~~^^^^^^^^^^^^^^^^^
[rank56]:   File "/home/hice1/cman8/conda_env/chakra_fx/lib/python3.13/site-packages/torch/nn/modules/module.py", line 1881, in _call_impl
[rank56]:     return inner()
[rank56]:   File "/home/hice1/cman8/conda_env/chakra_fx/lib/python3.13/site-packages/torch/nn/modules/module.py", line 1829, in inner
[rank56]:     result = forward_call(*args, **kwargs)
[rank56]:   File "/home/hice1/cman8/conda_env/chakra_fx/lib/python3.13/site-packages/torch/nn/modules/normalization.py", line 414, in forward
[rank56]:     return F.rms_norm(x, self.normalized_shape, self.weight, self.eps)
[rank56]:            ~~~~~~~~~~^^^^^^^^^^^^^^^^^^^^^^^^^^^^^^^^^^^^^^^^^^^^^^^^^
[rank56]:   File "/home/hice1/cman8/conda_env/chakra_fx/lib/python3.13/site-packages/torch/nn/functional.py", line 2920, in rms_norm
[rank56]:     return torch.rms_norm(input, normalized_shape, weight, eps)
[rank56]:            ~~~~~~~~~~~~~~^^^^^^^^^^^^^^^^^^^^^^^^^^^^^^^^^^^^^^
[rank56]: RuntimeError: Expected weight to be of same shape as normalized_shape, but got weight of shape [4096] and normalized_shape = [2048]
[rank34]: Traceback (most recent call last):
[rank34]:   File "/storage/ice1/5/1/cman8/shared/chakra_fx/profile_fxgraph.py", line 92, in <module>
[rank34]:     profiler.run_eager_fwbw_kineto_pass()
[rank34]:     ~~~~~~~~~~~~~~~~~~~~~~~~~~~~~~~~~~~^^
[rank34]:   File "/storage/ice1/5/1/cman8/shared/chakra_fx/src/chakra_fx/profilers/model_profiler.py", line 164, in run_eager_fwbw_kineto_pass
[rank34]:     output = self.model(self.sample_input)
[rank34]:   File "/home/hice1/cman8/conda_env/chakra_fx/lib/python3.13/site-packages/torch/nn/modules/module.py", line 1775, in _wrapped_call_impl
[rank34]:     return self._call_impl(*args, **kwargs)
[rank34]:            ~~~~~~~~~~~~~~~^^^^^^^^^^^^^^^^^
[rank34]:   File "/home/hice1/cman8/conda_env/chakra_fx/lib/python3.13/site-packages/torch/nn/modules/module.py", line 1786, in _call_impl
[rank34]:     return forward_call(*args, **kwargs)
[rank34]:   File "/home/hice1/cman8/conda_env/chakra_fx/lib/python3.13/site-packages/torchtitan/models/llama3/model/model.py", line 428, in forward
[rank34]:     h = layer(h, self.freqs_cis)
[rank34]:   File "/home/hice1/cman8/conda_env/chakra_fx/lib/python3.13/site-packages/torch/nn/modules/module.py", line 1775, in _wrapped_call_impl
[rank34]:     return self._call_impl(*args, **kwargs)
[rank34]:            ~~~~~~~~~~~~~~~^^^^^^^^^^^^^^^^^
[rank34]:   File "/home/hice1/cman8/conda_env/chakra_fx/lib/python3.13/site-packages/torch/nn/modules/module.py", line 1786, in _call_impl
[rank34]:     return forward_call(*args, **kwargs)
[rank34]:   File "/home/hice1/cman8/conda_env/chakra_fx/lib/python3.13/site-packages/torchtitan/models/llama3/model/model.py", line 300, in forward
[rank34]:     h = x + self.attention(self.attention_norm(x), freqs_cis)
[rank34]:                            ~~~~~~~~~~~~~~~~~~~^^^
[rank34]:   File "/home/hice1/cman8/conda_env/chakra_fx/lib/python3.13/site-packages/torch/nn/modules/module.py", line 1775, in _wrapped_call_impl
[rank34]:     return self._call_impl(*args, **kwargs)
[rank34]:            ~~~~~~~~~~~~~~~^^^^^^^^^^^^^^^^^
[rank34]:   File "/home/hice1/cman8/conda_env/chakra_fx/lib/python3.13/site-packages/torch/nn/modules/module.py", line 1881, in _call_impl
[rank34]:     return inner()
[rank34]:   File "/home/hice1/cman8/conda_env/chakra_fx/lib/python3.13/site-packages/torch/nn/modules/module.py", line 1829, in inner
[rank34]:     result = forward_call(*args, **kwargs)
[rank34]:   File "/home/hice1/cman8/conda_env/chakra_fx/lib/python3.13/site-packages/torch/nn/modules/normalization.py", line 414, in forward
[rank34]:     return F.rms_norm(x, self.normalized_shape, self.weight, self.eps)
[rank34]:            ~~~~~~~~~~^^^^^^^^^^^^^^^^^^^^^^^^^^^^^^^^^^^^^^^^^^^^^^^^^
[rank34]:   File "/home/hice1/cman8/conda_env/chakra_fx/lib/python3.13/site-packages/torch/nn/functional.py", line 2920, in rms_norm
[rank34]:     return torch.rms_norm(input, normalized_shape, weight, eps)
[rank34]:            ~~~~~~~~~~~~~~^^^^^^^^^^^^^^^^^^^^^^^^^^^^^^^^^^^^^^
[rank34]: RuntimeError: Expected weight to be of same shape as normalized_shape, but got weight of shape [4096] and normalized_shape = [2048]
[rank54]: Traceback (most recent call last):
[rank54]:   File "/storage/ice1/5/1/cman8/shared/chakra_fx/profile_fxgraph.py", line 92, in <module>
[rank54]:     profiler.run_eager_fwbw_kineto_pass()
[rank54]:     ~~~~~~~~~~~~~~~~~~~~~~~~~~~~~~~~~~~^^
[rank54]:   File "/storage/ice1/5/1/cman8/shared/chakra_fx/src/chakra_fx/profilers/model_profiler.py", line 164, in run_eager_fwbw_kineto_pass
[rank54]:     output = self.model(self.sample_input)
[rank54]:   File "/home/hice1/cman8/conda_env/chakra_fx/lib/python3.13/site-packages/torch/nn/modules/module.py", line 1775, in _wrapped_call_impl
[rank54]:     return self._call_impl(*args, **kwargs)
[rank54]:            ~~~~~~~~~~~~~~~^^^^^^^^^^^^^^^^^
[rank54]:   File "/home/hice1/cman8/conda_env/chakra_fx/lib/python3.13/site-packages/torch/nn/modules/module.py", line 1786, in _call_impl
[rank54]:     return forward_call(*args, **kwargs)
[rank54]:   File "/home/hice1/cman8/conda_env/chakra_fx/lib/python3.13/site-packages/torchtitan/models/llama3/model/model.py", line 428, in forward
[rank54]:     h = layer(h, self.freqs_cis)
[rank54]:   File "/home/hice1/cman8/conda_env/chakra_fx/lib/python3.13/site-packages/torch/nn/modules/module.py", line 1775, in _wrapped_call_impl
[rank54]:     return self._call_impl(*args, **kwargs)
[rank54]:            ~~~~~~~~~~~~~~~^^^^^^^^^^^^^^^^^
[rank54]:   File "/home/hice1/cman8/conda_env/chakra_fx/lib/python3.13/site-packages/torch/nn/modules/module.py", line 1786, in _call_impl
[rank54]:     return forward_call(*args, **kwargs)
[rank54]:   File "/home/hice1/cman8/conda_env/chakra_fx/lib/python3.13/site-packages/torchtitan/models/llama3/model/model.py", line 300, in forward
[rank54]:     h = x + self.attention(self.attention_norm(x), freqs_cis)
[rank54]:                            ~~~~~~~~~~~~~~~~~~~^^^
[rank54]:   File "/home/hice1/cman8/conda_env/chakra_fx/lib/python3.13/site-packages/torch/nn/modules/module.py", line 1775, in _wrapped_call_impl
[rank54]:     return self._call_impl(*args, **kwargs)
[rank54]:            ~~~~~~~~~~~~~~~^^^^^^^^^^^^^^^^^
[rank54]:   File "/home/hice1/cman8/conda_env/chakra_fx/lib/python3.13/site-packages/torch/nn/modules/module.py", line 1881, in _call_impl
[rank54]:     return inner()
[rank54]:   File "/home/hice1/cman8/conda_env/chakra_fx/lib/python3.13/site-packages/torch/nn/modules/module.py", line 1829, in inner
[rank54]:     result = forward_call(*args, **kwargs)
[rank54]:   File "/home/hice1/cman8/conda_env/chakra_fx/lib/python3.13/site-packages/torch/nn/modules/normalization.py", line 414, in forward
[rank54]:     return F.rms_norm(x, self.normalized_shape, self.weight, self.eps)
[rank54]:            ~~~~~~~~~~^^^^^^^^^^^^^^^^^^^^^^^^^^^^^^^^^^^^^^^^^^^^^^^^^
[rank54]:   File "/home/hice1/cman8/conda_env/chakra_fx/lib/python3.13/site-packages/torch/nn/functional.py", line 2920, in rms_norm
[rank54]:     return torch.rms_norm(input, normalized_shape, weight, eps)
[rank54]:            ~~~~~~~~~~~~~~^^^^^^^^^^^^^^^^^^^^^^^^^^^^^^^^^^^^^^
[rank54]: RuntimeError: Expected weight to be of same shape as normalized_shape, but got weight of shape [4096] and normalized_shape = [2048]
[rank50]: Traceback (most recent call last):
[rank50]:   File "/storage/ice1/5/1/cman8/shared/chakra_fx/profile_fxgraph.py", line 92, in <module>
[rank50]:     profiler.run_eager_fwbw_kineto_pass()
[rank50]:     ~~~~~~~~~~~~~~~~~~~~~~~~~~~~~~~~~~~^^
[rank50]:   File "/storage/ice1/5/1/cman8/shared/chakra_fx/src/chakra_fx/profilers/model_profiler.py", line 164, in run_eager_fwbw_kineto_pass
[rank50]:     output = self.model(self.sample_input)
[rank50]:   File "/home/hice1/cman8/conda_env/chakra_fx/lib/python3.13/site-packages/torch/nn/modules/module.py", line 1775, in _wrapped_call_impl
[rank50]:     return self._call_impl(*args, **kwargs)
[rank50]:            ~~~~~~~~~~~~~~~^^^^^^^^^^^^^^^^^
[rank50]:   File "/home/hice1/cman8/conda_env/chakra_fx/lib/python3.13/site-packages/torch/nn/modules/module.py", line 1786, in _call_impl
[rank50]:     return forward_call(*args, **kwargs)
[rank50]:   File "/home/hice1/cman8/conda_env/chakra_fx/lib/python3.13/site-packages/torchtitan/models/llama3/model/model.py", line 428, in forward
[rank50]:     h = layer(h, self.freqs_cis)
[rank50]:   File "/home/hice1/cman8/conda_env/chakra_fx/lib/python3.13/site-packages/torch/nn/modules/module.py", line 1775, in _wrapped_call_impl
[rank50]:     return self._call_impl(*args, **kwargs)
[rank50]:            ~~~~~~~~~~~~~~~^^^^^^^^^^^^^^^^^
[rank50]:   File "/home/hice1/cman8/conda_env/chakra_fx/lib/python3.13/site-packages/torch/nn/modules/module.py", line 1786, in _call_impl
[rank50]:     return forward_call(*args, **kwargs)
[rank50]:   File "/home/hice1/cman8/conda_env/chakra_fx/lib/python3.13/site-packages/torchtitan/models/llama3/model/model.py", line 300, in forward
[rank50]:     h = x + self.attention(self.attention_norm(x), freqs_cis)
[rank50]:                            ~~~~~~~~~~~~~~~~~~~^^^
[rank50]:   File "/home/hice1/cman8/conda_env/chakra_fx/lib/python3.13/site-packages/torch/nn/modules/module.py", line 1775, in _wrapped_call_impl
[rank50]:     return self._call_impl(*args, **kwargs)
[rank50]:            ~~~~~~~~~~~~~~~^^^^^^^^^^^^^^^^^
[rank50]:   File "/home/hice1/cman8/conda_env/chakra_fx/lib/python3.13/site-packages/torch/nn/modules/module.py", line 1881, in _call_impl
[rank50]:     return inner()
[rank50]:   File "/home/hice1/cman8/conda_env/chakra_fx/lib/python3.13/site-packages/torch/nn/modules/module.py", line 1829, in inner
[rank50]:     result = forward_call(*args, **kwargs)
[rank50]:   File "/home/hice1/cman8/conda_env/chakra_fx/lib/python3.13/site-packages/torch/nn/modules/normalization.py", line 414, in forward
[rank50]:     return F.rms_norm(x, self.normalized_shape, self.weight, self.eps)
[rank50]:            ~~~~~~~~~~^^^^^^^^^^^^^^^^^^^^^^^^^^^^^^^^^^^^^^^^^^^^^^^^^
[rank50]:   File "/home/hice1/cman8/conda_env/chakra_fx/lib/python3.13/site-packages/torch/nn/functional.py", line 2920, in rms_norm
[rank50]:     return torch.rms_norm(input, normalized_shape, weight, eps)
[rank50]:            ~~~~~~~~~~~~~~^^^^^^^^^^^^^^^^^^^^^^^^^^^^^^^^^^^^^^
[rank50]: RuntimeError: Expected weight to be of same shape as normalized_shape, but got weight of shape [4096] and normalized_shape = [2048]
[rank38]: Traceback (most recent call last):
[rank38]:   File "/storage/ice1/5/1/cman8/shared/chakra_fx/profile_fxgraph.py", line 92, in <module>
[rank38]:     profiler.run_eager_fwbw_kineto_pass()
[rank38]:     ~~~~~~~~~~~~~~~~~~~~~~~~~~~~~~~~~~~^^
[rank38]:   File "/storage/ice1/5/1/cman8/shared/chakra_fx/src/chakra_fx/profilers/model_profiler.py", line 164, in run_eager_fwbw_kineto_pass
[rank38]:     output = self.model(self.sample_input)
[rank38]:   File "/home/hice1/cman8/conda_env/chakra_fx/lib/python3.13/site-packages/torch/nn/modules/module.py", line 1775, in _wrapped_call_impl
[rank38]:     return self._call_impl(*args, **kwargs)
[rank38]:            ~~~~~~~~~~~~~~~^^^^^^^^^^^^^^^^^
[rank38]:   File "/home/hice1/cman8/conda_env/chakra_fx/lib/python3.13/site-packages/torch/nn/modules/module.py", line 1786, in _call_impl
[rank38]:     return forward_call(*args, **kwargs)
[rank38]:   File "/home/hice1/cman8/conda_env/chakra_fx/lib/python3.13/site-packages/torchtitan/models/llama3/model/model.py", line 428, in forward
[rank38]:     h = layer(h, self.freqs_cis)
[rank38]:   File "/home/hice1/cman8/conda_env/chakra_fx/lib/python3.13/site-packages/torch/nn/modules/module.py", line 1775, in _wrapped_call_impl
[rank38]:     return self._call_impl(*args, **kwargs)
[rank38]:            ~~~~~~~~~~~~~~~^^^^^^^^^^^^^^^^^
[rank38]:   File "/home/hice1/cman8/conda_env/chakra_fx/lib/python3.13/site-packages/torch/nn/modules/module.py", line 1786, in _call_impl
[rank38]:     return forward_call(*args, **kwargs)
[rank38]:   File "/home/hice1/cman8/conda_env/chakra_fx/lib/python3.13/site-packages/torchtitan/models/llama3/model/model.py", line 300, in forward
[rank38]:     h = x + self.attention(self.attention_norm(x), freqs_cis)
[rank38]:                            ~~~~~~~~~~~~~~~~~~~^^^
[rank38]:   File "/home/hice1/cman8/conda_env/chakra_fx/lib/python3.13/site-packages/torch/nn/modules/module.py", line 1775, in _wrapped_call_impl
[rank38]:     return self._call_impl(*args, **kwargs)
[rank38]:            ~~~~~~~~~~~~~~~^^^^^^^^^^^^^^^^^
[rank38]:   File "/home/hice1/cman8/conda_env/chakra_fx/lib/python3.13/site-packages/torch/nn/modules/module.py", line 1881, in _call_impl
[rank38]:     return inner()
[rank38]:   File "/home/hice1/cman8/conda_env/chakra_fx/lib/python3.13/site-packages/torch/nn/modules/module.py", line 1829, in inner
[rank38]:     result = forward_call(*args, **kwargs)
[rank38]:   File "/home/hice1/cman8/conda_env/chakra_fx/lib/python3.13/site-packages/torch/nn/modules/normalization.py", line 414, in forward
[rank38]:     return F.rms_norm(x, self.normalized_shape, self.weight, self.eps)
[rank38]:            ~~~~~~~~~~^^^^^^^^^^^^^^^^^^^^^^^^^^^^^^^^^^^^^^^^^^^^^^^^^
[rank38]:   File "/home/hice1/cman8/conda_env/chakra_fx/lib/python3.13/site-packages/torch/nn/functional.py", line 2920, in rms_norm
[rank38]:     return torch.rms_norm(input, normalized_shape, weight, eps)
[rank38]:            ~~~~~~~~~~~~~~^^^^^^^^^^^^^^^^^^^^^^^^^^^^^^^^^^^^^^
[rank38]: RuntimeError: Expected weight to be of same shape as normalized_shape, but got weight of shape [4096] and normalized_shape = [2048]
[rank49]: Traceback (most recent call last):
[rank49]:   File "/storage/ice1/5/1/cman8/shared/chakra_fx/profile_fxgraph.py", line 92, in <module>
[rank49]:     profiler.run_eager_fwbw_kineto_pass()
[rank49]:     ~~~~~~~~~~~~~~~~~~~~~~~~~~~~~~~~~~~^^
[rank49]:   File "/storage/ice1/5/1/cman8/shared/chakra_fx/src/chakra_fx/profilers/model_profiler.py", line 164, in run_eager_fwbw_kineto_pass
[rank49]:     output = self.model(self.sample_input)
[rank49]:   File "/home/hice1/cman8/conda_env/chakra_fx/lib/python3.13/site-packages/torch/nn/modules/module.py", line 1775, in _wrapped_call_impl
[rank49]:     return self._call_impl(*args, **kwargs)
[rank49]:            ~~~~~~~~~~~~~~~^^^^^^^^^^^^^^^^^
[rank49]:   File "/home/hice1/cman8/conda_env/chakra_fx/lib/python3.13/site-packages/torch/nn/modules/module.py", line 1786, in _call_impl
[rank49]:     return forward_call(*args, **kwargs)
[rank49]:   File "/home/hice1/cman8/conda_env/chakra_fx/lib/python3.13/site-packages/torchtitan/models/llama3/model/model.py", line 428, in forward
[rank49]:     h = layer(h, self.freqs_cis)
[rank49]:   File "/home/hice1/cman8/conda_env/chakra_fx/lib/python3.13/site-packages/torch/nn/modules/module.py", line 1775, in _wrapped_call_impl
[rank49]:     return self._call_impl(*args, **kwargs)
[rank49]:            ~~~~~~~~~~~~~~~^^^^^^^^^^^^^^^^^
[rank49]:   File "/home/hice1/cman8/conda_env/chakra_fx/lib/python3.13/site-packages/torch/nn/modules/module.py", line 1786, in _call_impl
[rank49]:     return forward_call(*args, **kwargs)
[rank49]:   File "/home/hice1/cman8/conda_env/chakra_fx/lib/python3.13/site-packages/torchtitan/models/llama3/model/model.py", line 300, in forward
[rank49]:     h = x + self.attention(self.attention_norm(x), freqs_cis)
[rank49]:                            ~~~~~~~~~~~~~~~~~~~^^^
[rank49]:   File "/home/hice1/cman8/conda_env/chakra_fx/lib/python3.13/site-packages/torch/nn/modules/module.py", line 1775, in _wrapped_call_impl
[rank49]:     return self._call_impl(*args, **kwargs)
[rank49]:            ~~~~~~~~~~~~~~~^^^^^^^^^^^^^^^^^
[rank49]:   File "/home/hice1/cman8/conda_env/chakra_fx/lib/python3.13/site-packages/torch/nn/modules/module.py", line 1881, in _call_impl
[rank49]:     return inner()
[rank49]:   File "/home/hice1/cman8/conda_env/chakra_fx/lib/python3.13/site-packages/torch/nn/modules/module.py", line 1829, in inner
[rank49]:     result = forward_call(*args, **kwargs)
[rank49]:   File "/home/hice1/cman8/conda_env/chakra_fx/lib/python3.13/site-packages/torch/nn/modules/normalization.py", line 414, in forward
[rank49]:     return F.rms_norm(x, self.normalized_shape, self.weight, self.eps)
[rank49]:            ~~~~~~~~~~^^^^^^^^^^^^^^^^^^^^^^^^^^^^^^^^^^^^^^^^^^^^^^^^^
[rank46]: Traceback (most recent call last):
[rank46]:   File "/storage/ice1/5/1/cman8/shared/chakra_fx/profile_fxgraph.py", line 92, in <module>
[rank46]:     profiler.run_eager_fwbw_kineto_pass()
[rank46]:     ~~~~~~~~~~~~~~~~~~~~~~~~~~~~~~~~~~~^^
[rank46]:   File "/storage/ice1/5/1/cman8/shared/chakra_fx/src/chakra_fx/profilers/model_profiler.py", line 164, in run_eager_fwbw_kineto_pass
[rank46]:     output = self.model(self.sample_input)
[rank46]:   File "/home/hice1/cman8/conda_env/chakra_fx/lib/python3.13/site-packages/torch/nn/modules/module.py", line 1775, in _wrapped_call_impl
[rank46]:     return self._call_impl(*args, **kwargs)
[rank46]:            ~~~~~~~~~~~~~~~^^^^^^^^^^^^^^^^^
[rank46]:   File "/home/hice1/cman8/conda_env/chakra_fx/lib/python3.13/site-packages/torch/nn/modules/module.py", line 1786, in _call_impl
[rank46]:     return forward_call(*args, **kwargs)
[rank49]:   File "/home/hice1/cman8/conda_env/chakra_fx/lib/python3.13/site-packages/torch/nn/functional.py", line 2920, in rms_norm
[rank49]:     return torch.rms_norm(input, normalized_shape, weight, eps)
[rank49]:            ~~~~~~~~~~~~~~^^^^^^^^^^^^^^^^^^^^^^^^^^^^^^^^^^^^^^
[rank49]: RuntimeError: Expected weight to be of same shape as normalized_shape, but got weight of shape [4096] and normalized_shape = [2048]
[rank46]:   File "/home/hice1/cman8/conda_env/chakra_fx/lib/python3.13/site-packages/torchtitan/models/llama3/model/model.py", line 428, in forward
[rank46]:     h = layer(h, self.freqs_cis)
[rank46]:   File "/home/hice1/cman8/conda_env/chakra_fx/lib/python3.13/site-packages/torch/nn/modules/module.py", line 1775, in _wrapped_call_impl
[rank46]:     return self._call_impl(*args, **kwargs)
[rank46]:            ~~~~~~~~~~~~~~~^^^^^^^^^^^^^^^^^
[rank46]:   File "/home/hice1/cman8/conda_env/chakra_fx/lib/python3.13/site-packages/torch/nn/modules/module.py", line 1786, in _call_impl
[rank46]:     return forward_call(*args, **kwargs)
[rank46]:   File "/home/hice1/cman8/conda_env/chakra_fx/lib/python3.13/site-packages/torchtitan/models/llama3/model/model.py", line 300, in forward
[rank46]:     h = x + self.attention(self.attention_norm(x), freqs_cis)
[rank46]:                            ~~~~~~~~~~~~~~~~~~~^^^
[rank46]:   File "/home/hice1/cman8/conda_env/chakra_fx/lib/python3.13/site-packages/torch/nn/modules/module.py", line 1775, in _wrapped_call_impl
[rank46]:     return self._call_impl(*args, **kwargs)
[rank46]:            ~~~~~~~~~~~~~~~^^^^^^^^^^^^^^^^^
[rank46]:   File "/home/hice1/cman8/conda_env/chakra_fx/lib/python3.13/site-packages/torch/nn/modules/module.py", line 1881, in _call_impl
[rank46]:     return inner()
[rank46]:   File "/home/hice1/cman8/conda_env/chakra_fx/lib/python3.13/site-packages/torch/nn/modules/module.py", line 1829, in inner
[rank46]:     result = forward_call(*args, **kwargs)
[rank46]:   File "/home/hice1/cman8/conda_env/chakra_fx/lib/python3.13/site-packages/torch/nn/modules/normalization.py", line 414, in forward
[rank46]:     return F.rms_norm(x, self.normalized_shape, self.weight, self.eps)
[rank46]:            ~~~~~~~~~~^^^^^^^^^^^^^^^^^^^^^^^^^^^^^^^^^^^^^^^^^^^^^^^^^
[rank46]:   File "/home/hice1/cman8/conda_env/chakra_fx/lib/python3.13/site-packages/torch/nn/functional.py", line 2920, in rms_norm
[rank46]:     return torch.rms_norm(input, normalized_shape, weight, eps)
[rank46]:            ~~~~~~~~~~~~~~^^^^^^^^^^^^^^^^^^^^^^^^^^^^^^^^^^^^^^
[rank46]: RuntimeError: Expected weight to be of same shape as normalized_shape, but got weight of shape [4096] and normalized_shape = [2048]
[rank33]: Traceback (most recent call last):
[rank33]:   File "/storage/ice1/5/1/cman8/shared/chakra_fx/profile_fxgraph.py", line 92, in <module>
[rank33]:     profiler.run_eager_fwbw_kineto_pass()
[rank33]:     ~~~~~~~~~~~~~~~~~~~~~~~~~~~~~~~~~~~^^
[rank33]:   File "/storage/ice1/5/1/cman8/shared/chakra_fx/src/chakra_fx/profilers/model_profiler.py", line 164, in run_eager_fwbw_kineto_pass
[rank33]:     output = self.model(self.sample_input)
[rank33]:   File "/home/hice1/cman8/conda_env/chakra_fx/lib/python3.13/site-packages/torch/nn/modules/module.py", line 1775, in _wrapped_call_impl
[rank33]:     return self._call_impl(*args, **kwargs)
[rank33]:            ~~~~~~~~~~~~~~~^^^^^^^^^^^^^^^^^
[rank33]:   File "/home/hice1/cman8/conda_env/chakra_fx/lib/python3.13/site-packages/torch/nn/modules/module.py", line 1786, in _call_impl
[rank33]:     return forward_call(*args, **kwargs)
[rank33]:   File "/home/hice1/cman8/conda_env/chakra_fx/lib/python3.13/site-packages/torchtitan/models/llama3/model/model.py", line 428, in forward
[rank33]:     h = layer(h, self.freqs_cis)
[rank33]:   File "/home/hice1/cman8/conda_env/chakra_fx/lib/python3.13/site-packages/torch/nn/modules/module.py", line 1775, in _wrapped_call_impl
[rank33]:     return self._call_impl(*args, **kwargs)
[rank33]:            ~~~~~~~~~~~~~~~^^^^^^^^^^^^^^^^^
[rank33]:   File "/home/hice1/cman8/conda_env/chakra_fx/lib/python3.13/site-packages/torch/nn/modules/module.py", line 1786, in _call_impl
[rank33]:     return forward_call(*args, **kwargs)
[rank33]:   File "/home/hice1/cman8/conda_env/chakra_fx/lib/python3.13/site-packages/torchtitan/models/llama3/model/model.py", line 300, in forward
[rank33]:     h = x + self.attention(self.attention_norm(x), freqs_cis)
[rank33]:                            ~~~~~~~~~~~~~~~~~~~^^^
[rank33]:   File "/home/hice1/cman8/conda_env/chakra_fx/lib/python3.13/site-packages/torch/nn/modules/module.py", line 1775, in _wrapped_call_impl
[rank33]:     return self._call_impl(*args, **kwargs)
[rank33]:            ~~~~~~~~~~~~~~~^^^^^^^^^^^^^^^^^
[rank33]:   File "/home/hice1/cman8/conda_env/chakra_fx/lib/python3.13/site-packages/torch/nn/modules/module.py", line 1881, in _call_impl
[rank33]:     return inner()
[rank33]:   File "/home/hice1/cman8/conda_env/chakra_fx/lib/python3.13/site-packages/torch/nn/modules/module.py", line 1829, in inner
[rank33]:     result = forward_call(*args, **kwargs)
[rank33]:   File "/home/hice1/cman8/conda_env/chakra_fx/lib/python3.13/site-packages/torch/nn/modules/normalization.py", line 414, in forward
[rank33]:     return F.rms_norm(x, self.normalized_shape, self.weight, self.eps)
[rank33]:            ~~~~~~~~~~^^^^^^^^^^^^^^^^^^^^^^^^^^^^^^^^^^^^^^^^^^^^^^^^^
[rank33]:   File "/home/hice1/cman8/conda_env/chakra_fx/lib/python3.13/site-packages/torch/nn/functional.py", line 2920, in rms_norm
[rank33]:     return torch.rms_norm(input, normalized_shape, weight, eps)
[rank33]:            ~~~~~~~~~~~~~~^^^^^^^^^^^^^^^^^^^^^^^^^^^^^^^^^^^^^^
[rank33]: RuntimeError: Expected weight to be of same shape as normalized_shape, but got weight of shape [4096] and normalized_shape = [2048]
[rank58]: Traceback (most recent call last):
[rank58]:   File "/storage/ice1/5/1/cman8/shared/chakra_fx/profile_fxgraph.py", line 92, in <module>
[rank58]:     profiler.run_eager_fwbw_kineto_pass()
[rank58]:     ~~~~~~~~~~~~~~~~~~~~~~~~~~~~~~~~~~~^^
[rank58]:   File "/storage/ice1/5/1/cman8/shared/chakra_fx/src/chakra_fx/profilers/model_profiler.py", line 164, in run_eager_fwbw_kineto_pass
[rank58]:     output = self.model(self.sample_input)
[rank58]:   File "/home/hice1/cman8/conda_env/chakra_fx/lib/python3.13/site-packages/torch/nn/modules/module.py", line 1775, in _wrapped_call_impl
[rank58]:     return self._call_impl(*args, **kwargs)
[rank58]:            ~~~~~~~~~~~~~~~^^^^^^^^^^^^^^^^^
[rank58]:   File "/home/hice1/cman8/conda_env/chakra_fx/lib/python3.13/site-packages/torch/nn/modules/module.py", line 1786, in _call_impl
[rank58]:     return forward_call(*args, **kwargs)
[rank58]:   File "/home/hice1/cman8/conda_env/chakra_fx/lib/python3.13/site-packages/torchtitan/models/llama3/model/model.py", line 428, in forward
[rank58]:     h = layer(h, self.freqs_cis)
[rank58]:   File "/home/hice1/cman8/conda_env/chakra_fx/lib/python3.13/site-packages/torch/nn/modules/module.py", line 1775, in _wrapped_call_impl
[rank58]:     return self._call_impl(*args, **kwargs)
[rank58]:            ~~~~~~~~~~~~~~~^^^^^^^^^^^^^^^^^
[rank58]:   File "/home/hice1/cman8/conda_env/chakra_fx/lib/python3.13/site-packages/torch/nn/modules/module.py", line 1786, in _call_impl
[rank58]:     return forward_call(*args, **kwargs)
[rank58]:   File "/home/hice1/cman8/conda_env/chakra_fx/lib/python3.13/site-packages/torchtitan/models/llama3/model/model.py", line 300, in forward
[rank58]:     h = x + self.attention(self.attention_norm(x), freqs_cis)
[rank58]:                            ~~~~~~~~~~~~~~~~~~~^^^
[rank58]:   File "/home/hice1/cman8/conda_env/chakra_fx/lib/python3.13/site-packages/torch/nn/modules/module.py", line 1775, in _wrapped_call_impl
[rank58]:     return self._call_impl(*args, **kwargs)
[rank58]:            ~~~~~~~~~~~~~~~^^^^^^^^^^^^^^^^^
[rank58]:   File "/home/hice1/cman8/conda_env/chakra_fx/lib/python3.13/site-packages/torch/nn/modules/module.py", line 1881, in _call_impl
[rank58]:     return inner()
[rank58]:   File "/home/hice1/cman8/conda_env/chakra_fx/lib/python3.13/site-packages/torch/nn/modules/module.py", line 1829, in inner
[rank58]:     result = forward_call(*args, **kwargs)
[rank58]:   File "/home/hice1/cman8/conda_env/chakra_fx/lib/python3.13/site-packages/torch/nn/modules/normalization.py", line 414, in forward
[rank58]:     return F.rms_norm(x, self.normalized_shape, self.weight, self.eps)
[rank58]:            ~~~~~~~~~~^^^^^^^^^^^^^^^^^^^^^^^^^^^^^^^^^^^^^^^^^^^^^^^^^
[rank58]:   File "/home/hice1/cman8/conda_env/chakra_fx/lib/python3.13/site-packages/torch/nn/functional.py", line 2920, in rms_norm
[rank58]:     return torch.rms_norm(input, normalized_shape, weight, eps)
[rank58]:            ~~~~~~~~~~~~~~^^^^^^^^^^^^^^^^^^^^^^^^^^^^^^^^^^^^^^
[rank58]: RuntimeError: Expected weight to be of same shape as normalized_shape, but got weight of shape [4096] and normalized_shape = [2048]
[rank40]: Traceback (most recent call last):
[rank40]:   File "/storage/ice1/5/1/cman8/shared/chakra_fx/profile_fxgraph.py", line 92, in <module>
[rank40]:     profiler.run_eager_fwbw_kineto_pass()
[rank40]:     ~~~~~~~~~~~~~~~~~~~~~~~~~~~~~~~~~~~^^
[rank40]:   File "/storage/ice1/5/1/cman8/shared/chakra_fx/src/chakra_fx/profilers/model_profiler.py", line 164, in run_eager_fwbw_kineto_pass
[rank40]:     output = self.model(self.sample_input)
[rank40]:   File "/home/hice1/cman8/conda_env/chakra_fx/lib/python3.13/site-packages/torch/nn/modules/module.py", line 1775, in _wrapped_call_impl
[rank40]:     return self._call_impl(*args, **kwargs)
[rank40]:            ~~~~~~~~~~~~~~~^^^^^^^^^^^^^^^^^
[rank40]:   File "/home/hice1/cman8/conda_env/chakra_fx/lib/python3.13/site-packages/torch/nn/modules/module.py", line 1786, in _call_impl
[rank40]:     return forward_call(*args, **kwargs)
[rank40]:   File "/home/hice1/cman8/conda_env/chakra_fx/lib/python3.13/site-packages/torchtitan/models/llama3/model/model.py", line 428, in forward
[rank40]:     h = layer(h, self.freqs_cis)
[rank40]:   File "/home/hice1/cman8/conda_env/chakra_fx/lib/python3.13/site-packages/torch/nn/modules/module.py", line 1775, in _wrapped_call_impl
[rank40]:     return self._call_impl(*args, **kwargs)
[rank40]:            ~~~~~~~~~~~~~~~^^^^^^^^^^^^^^^^^
[rank40]:   File "/home/hice1/cman8/conda_env/chakra_fx/lib/python3.13/site-packages/torch/nn/modules/module.py", line 1786, in _call_impl
[rank40]:     return forward_call(*args, **kwargs)
[rank40]:   File "/home/hice1/cman8/conda_env/chakra_fx/lib/python3.13/site-packages/torchtitan/models/llama3/model/model.py", line 300, in forward
[rank40]:     h = x + self.attention(self.attention_norm(x), freqs_cis)
[rank40]:                            ~~~~~~~~~~~~~~~~~~~^^^
[rank40]:   File "/home/hice1/cman8/conda_env/chakra_fx/lib/python3.13/site-packages/torch/nn/modules/module.py", line 1775, in _wrapped_call_impl
[rank40]:     return self._call_impl(*args, **kwargs)
[rank40]:            ~~~~~~~~~~~~~~~^^^^^^^^^^^^^^^^^
[rank40]:   File "/home/hice1/cman8/conda_env/chakra_fx/lib/python3.13/site-packages/torch/nn/modules/module.py", line 1881, in _call_impl
[rank40]:     return inner()
[rank40]:   File "/home/hice1/cman8/conda_env/chakra_fx/lib/python3.13/site-packages/torch/nn/modules/module.py", line 1829, in inner
[rank40]:     result = forward_call(*args, **kwargs)
[rank40]:   File "/home/hice1/cman8/conda_env/chakra_fx/lib/python3.13/site-packages/torch/nn/modules/normalization.py", line 414, in forward
[rank40]:     return F.rms_norm(x, self.normalized_shape, self.weight, self.eps)
[rank40]:            ~~~~~~~~~~^^^^^^^^^^^^^^^^^^^^^^^^^^^^^^^^^^^^^^^^^^^^^^^^^
[rank40]:   File "/home/hice1/cman8/conda_env/chakra_fx/lib/python3.13/site-packages/torch/nn/functional.py", line 2920, in rms_norm
[rank40]:     return torch.rms_norm(input, normalized_shape, weight, eps)
[rank40]:            ~~~~~~~~~~~~~~^^^^^^^^^^^^^^^^^^^^^^^^^^^^^^^^^^^^^^
[rank40]: RuntimeError: Expected weight to be of same shape as normalized_shape, but got weight of shape [4096] and normalized_shape = [2048]
[rank52]: Traceback (most recent call last):
[rank52]:   File "/storage/ice1/5/1/cman8/shared/chakra_fx/profile_fxgraph.py", line 92, in <module>
[rank52]:     profiler.run_eager_fwbw_kineto_pass()
[rank52]:     ~~~~~~~~~~~~~~~~~~~~~~~~~~~~~~~~~~~^^
[rank52]:   File "/storage/ice1/5/1/cman8/shared/chakra_fx/src/chakra_fx/profilers/model_profiler.py", line 164, in run_eager_fwbw_kineto_pass
[rank52]:     output = self.model(self.sample_input)
[rank52]:   File "/home/hice1/cman8/conda_env/chakra_fx/lib/python3.13/site-packages/torch/nn/modules/module.py", line 1775, in _wrapped_call_impl
[rank52]:     return self._call_impl(*args, **kwargs)
[rank52]:            ~~~~~~~~~~~~~~~^^^^^^^^^^^^^^^^^
[rank52]:   File "/home/hice1/cman8/conda_env/chakra_fx/lib/python3.13/site-packages/torch/nn/modules/module.py", line 1786, in _call_impl
[rank52]:     return forward_call(*args, **kwargs)
[rank52]:   File "/home/hice1/cman8/conda_env/chakra_fx/lib/python3.13/site-packages/torchtitan/models/llama3/model/model.py", line 428, in forward
[rank52]:     h = layer(h, self.freqs_cis)
[rank52]:   File "/home/hice1/cman8/conda_env/chakra_fx/lib/python3.13/site-packages/torch/nn/modules/module.py", line 1775, in _wrapped_call_impl
[rank52]:     return self._call_impl(*args, **kwargs)
[rank52]:            ~~~~~~~~~~~~~~~^^^^^^^^^^^^^^^^^
[rank52]:   File "/home/hice1/cman8/conda_env/chakra_fx/lib/python3.13/site-packages/torch/nn/modules/module.py", line 1786, in _call_impl
[rank52]:     return forward_call(*args, **kwargs)
[rank52]:   File "/home/hice1/cman8/conda_env/chakra_fx/lib/python3.13/site-packages/torchtitan/models/llama3/model/model.py", line 300, in forward
[rank52]:     h = x + self.attention(self.attention_norm(x), freqs_cis)
[rank52]:                            ~~~~~~~~~~~~~~~~~~~^^^
[rank52]:   File "/home/hice1/cman8/conda_env/chakra_fx/lib/python3.13/site-packages/torch/nn/modules/module.py", line 1775, in _wrapped_call_impl
[rank52]:     return self._call_impl(*args, **kwargs)
[rank52]:            ~~~~~~~~~~~~~~~^^^^^^^^^^^^^^^^^
[rank52]:   File "/home/hice1/cman8/conda_env/chakra_fx/lib/python3.13/site-packages/torch/nn/modules/module.py", line 1881, in _call_impl
[rank52]:     return inner()
[rank52]:   File "/home/hice1/cman8/conda_env/chakra_fx/lib/python3.13/site-packages/torch/nn/modules/module.py", line 1829, in inner
[rank52]:     result = forward_call(*args, **kwargs)
[rank52]:   File "/home/hice1/cman8/conda_env/chakra_fx/lib/python3.13/site-packages/torch/nn/modules/normalization.py", line 414, in forward
[rank52]:     return F.rms_norm(x, self.normalized_shape, self.weight, self.eps)
[rank52]:            ~~~~~~~~~~^^^^^^^^^^^^^^^^^^^^^^^^^^^^^^^^^^^^^^^^^^^^^^^^^
[rank52]:   File "/home/hice1/cman8/conda_env/chakra_fx/lib/python3.13/site-packages/torch/nn/functional.py", line 2920, in rms_norm
[rank52]:     return torch.rms_norm(input, normalized_shape, weight, eps)
[rank52]:            ~~~~~~~~~~~~~~^^^^^^^^^^^^^^^^^^^^^^^^^^^^^^^^^^^^^^
[rank52]: RuntimeError: Expected weight to be of same shape as normalized_shape, but got weight of shape [4096] and normalized_shape = [2048]
[rank62]: Traceback (most recent call last):
[rank62]:   File "/storage/ice1/5/1/cman8/shared/chakra_fx/profile_fxgraph.py", line 92, in <module>
[rank62]:     profiler.run_eager_fwbw_kineto_pass()
[rank62]:     ~~~~~~~~~~~~~~~~~~~~~~~~~~~~~~~~~~~^^
[rank62]:   File "/storage/ice1/5/1/cman8/shared/chakra_fx/src/chakra_fx/profilers/model_profiler.py", line 164, in run_eager_fwbw_kineto_pass
[rank62]:     output = self.model(self.sample_input)
[rank62]:   File "/home/hice1/cman8/conda_env/chakra_fx/lib/python3.13/site-packages/torch/nn/modules/module.py", line 1775, in _wrapped_call_impl
[rank62]:     return self._call_impl(*args, **kwargs)
[rank62]:            ~~~~~~~~~~~~~~~^^^^^^^^^^^^^^^^^
[rank62]:   File "/home/hice1/cman8/conda_env/chakra_fx/lib/python3.13/site-packages/torch/nn/modules/module.py", line 1786, in _call_impl
[rank62]:     return forward_call(*args, **kwargs)
[rank62]:   File "/home/hice1/cman8/conda_env/chakra_fx/lib/python3.13/site-packages/torchtitan/models/llama3/model/model.py", line 428, in forward
[rank62]:     h = layer(h, self.freqs_cis)
[rank62]:   File "/home/hice1/cman8/conda_env/chakra_fx/lib/python3.13/site-packages/torch/nn/modules/module.py", line 1775, in _wrapped_call_impl
[rank62]:     return self._call_impl(*args, **kwargs)
[rank62]:            ~~~~~~~~~~~~~~~^^^^^^^^^^^^^^^^^
[rank62]:   File "/home/hice1/cman8/conda_env/chakra_fx/lib/python3.13/site-packages/torch/nn/modules/module.py", line 1786, in _call_impl
[rank62]:     return forward_call(*args, **kwargs)
[rank62]:   File "/home/hice1/cman8/conda_env/chakra_fx/lib/python3.13/site-packages/torchtitan/models/llama3/model/model.py", line 300, in forward
[rank62]:     h = x + self.attention(self.attention_norm(x), freqs_cis)
[rank62]:                            ~~~~~~~~~~~~~~~~~~~^^^
[rank62]:   File "/home/hice1/cman8/conda_env/chakra_fx/lib/python3.13/site-packages/torch/nn/modules/module.py", line 1775, in _wrapped_call_impl
[rank62]:     return self._call_impl(*args, **kwargs)
[rank62]:            ~~~~~~~~~~~~~~~^^^^^^^^^^^^^^^^^
[rank62]:   File "/home/hice1/cman8/conda_env/chakra_fx/lib/python3.13/site-packages/torch/nn/modules/module.py", line 1881, in _call_impl
[rank62]:     return inner()
[rank62]:   File "/home/hice1/cman8/conda_env/chakra_fx/lib/python3.13/site-packages/torch/nn/modules/module.py", line 1829, in inner
[rank62]:     result = forward_call(*args, **kwargs)
[rank62]:   File "/home/hice1/cman8/conda_env/chakra_fx/lib/python3.13/site-packages/torch/nn/modules/normalization.py", line 414, in forward
[rank62]:     return F.rms_norm(x, self.normalized_shape, self.weight, self.eps)
[rank62]:            ~~~~~~~~~~^^^^^^^^^^^^^^^^^^^^^^^^^^^^^^^^^^^^^^^^^^^^^^^^^
[rank62]:   File "/home/hice1/cman8/conda_env/chakra_fx/lib/python3.13/site-packages/torch/nn/functional.py", line 2920, in rms_norm
[rank62]:     return torch.rms_norm(input, normalized_shape, weight, eps)
[rank62]:            ~~~~~~~~~~~~~~^^^^^^^^^^^^^^^^^^^^^^^^^^^^^^^^^^^^^^
[rank62]: RuntimeError: Expected weight to be of same shape as normalized_shape, but got weight of shape [4096] and normalized_shape = [2048]
[rank36]: Traceback (most recent call last):
[rank36]:   File "/storage/ice1/5/1/cman8/shared/chakra_fx/profile_fxgraph.py", line 92, in <module>
[rank36]:     profiler.run_eager_fwbw_kineto_pass()
[rank36]:     ~~~~~~~~~~~~~~~~~~~~~~~~~~~~~~~~~~~^^
[rank36]:   File "/storage/ice1/5/1/cman8/shared/chakra_fx/src/chakra_fx/profilers/model_profiler.py", line 164, in run_eager_fwbw_kineto_pass
[rank36]:     output = self.model(self.sample_input)
[rank36]:   File "/home/hice1/cman8/conda_env/chakra_fx/lib/python3.13/site-packages/torch/nn/modules/module.py", line 1775, in _wrapped_call_impl
[rank36]:     return self._call_impl(*args, **kwargs)
[rank36]:            ~~~~~~~~~~~~~~~^^^^^^^^^^^^^^^^^
[rank36]:   File "/home/hice1/cman8/conda_env/chakra_fx/lib/python3.13/site-packages/torch/nn/modules/module.py", line 1786, in _call_impl
[rank36]:     return forward_call(*args, **kwargs)
[rank36]:   File "/home/hice1/cman8/conda_env/chakra_fx/lib/python3.13/site-packages/torchtitan/models/llama3/model/model.py", line 428, in forward
[rank36]:     h = layer(h, self.freqs_cis)
[rank36]:   File "/home/hice1/cman8/conda_env/chakra_fx/lib/python3.13/site-packages/torch/nn/modules/module.py", line 1775, in _wrapped_call_impl
[rank36]:     return self._call_impl(*args, **kwargs)
[rank36]:            ~~~~~~~~~~~~~~~^^^^^^^^^^^^^^^^^
[rank36]:   File "/home/hice1/cman8/conda_env/chakra_fx/lib/python3.13/site-packages/torch/nn/modules/module.py", line 1786, in _call_impl
[rank36]:     return forward_call(*args, **kwargs)
[rank36]:   File "/home/hice1/cman8/conda_env/chakra_fx/lib/python3.13/site-packages/torchtitan/models/llama3/model/model.py", line 300, in forward
[rank36]:     h = x + self.attention(self.attention_norm(x), freqs_cis)
[rank36]:                            ~~~~~~~~~~~~~~~~~~~^^^
[rank36]:   File "/home/hice1/cman8/conda_env/chakra_fx/lib/python3.13/site-packages/torch/nn/modules/module.py", line 1775, in _wrapped_call_impl
[rank36]:     return self._call_impl(*args, **kwargs)
[rank36]:            ~~~~~~~~~~~~~~~^^^^^^^^^^^^^^^^^
[rank36]:   File "/home/hice1/cman8/conda_env/chakra_fx/lib/python3.13/site-packages/torch/nn/modules/module.py", line 1881, in _call_impl
[rank36]:     return inner()
[rank36]:   File "/home/hice1/cman8/conda_env/chakra_fx/lib/python3.13/site-packages/torch/nn/modules/module.py", line 1829, in inner
[rank36]:     result = forward_call(*args, **kwargs)
[rank36]:   File "/home/hice1/cman8/conda_env/chakra_fx/lib/python3.13/site-packages/torch/nn/modules/normalization.py", line 414, in forward
[rank36]:     return F.rms_norm(x, self.normalized_shape, self.weight, self.eps)
[rank36]:            ~~~~~~~~~~^^^^^^^^^^^^^^^^^^^^^^^^^^^^^^^^^^^^^^^^^^^^^^^^^
[rank36]:   File "/home/hice1/cman8/conda_env/chakra_fx/lib/python3.13/site-packages/torch/nn/functional.py", line 2920, in rms_norm
[rank36]:     return torch.rms_norm(input, normalized_shape, weight, eps)
[rank36]:            ~~~~~~~~~~~~~~^^^^^^^^^^^^^^^^^^^^^^^^^^^^^^^^^^^^^^
[rank36]: RuntimeError: Expected weight to be of same shape as normalized_shape, but got weight of shape [4096] and normalized_shape = [2048]
[rank59]: Traceback (most recent call last):
[rank59]:   File "/storage/ice1/5/1/cman8/shared/chakra_fx/profile_fxgraph.py", line 92, in <module>
[rank59]:     profiler.run_eager_fwbw_kineto_pass()
[rank59]:     ~~~~~~~~~~~~~~~~~~~~~~~~~~~~~~~~~~~^^
[rank59]:   File "/storage/ice1/5/1/cman8/shared/chakra_fx/src/chakra_fx/profilers/model_profiler.py", line 164, in run_eager_fwbw_kineto_pass
[rank59]:     output = self.model(self.sample_input)
[rank59]:   File "/home/hice1/cman8/conda_env/chakra_fx/lib/python3.13/site-packages/torch/nn/modules/module.py", line 1775, in _wrapped_call_impl
[rank59]:     return self._call_impl(*args, **kwargs)
[rank59]:            ~~~~~~~~~~~~~~~^^^^^^^^^^^^^^^^^
[rank59]:   File "/home/hice1/cman8/conda_env/chakra_fx/lib/python3.13/site-packages/torch/nn/modules/module.py", line 1786, in _call_impl
[rank59]:     return forward_call(*args, **kwargs)
[rank59]:   File "/home/hice1/cman8/conda_env/chakra_fx/lib/python3.13/site-packages/torchtitan/models/llama3/model/model.py", line 428, in forward
[rank59]:     h = layer(h, self.freqs_cis)
[rank59]:   File "/home/hice1/cman8/conda_env/chakra_fx/lib/python3.13/site-packages/torch/nn/modules/module.py", line 1775, in _wrapped_call_impl
[rank59]:     return self._call_impl(*args, **kwargs)
[rank59]:            ~~~~~~~~~~~~~~~^^^^^^^^^^^^^^^^^
[rank59]:   File "/home/hice1/cman8/conda_env/chakra_fx/lib/python3.13/site-packages/torch/nn/modules/module.py", line 1786, in _call_impl
[rank59]:     return forward_call(*args, **kwargs)
[rank59]:   File "/home/hice1/cman8/conda_env/chakra_fx/lib/python3.13/site-packages/torchtitan/models/llama3/model/model.py", line 300, in forward
[rank59]:     h = x + self.attention(self.attention_norm(x), freqs_cis)
[rank59]:                            ~~~~~~~~~~~~~~~~~~~^^^
[rank59]:   File "/home/hice1/cman8/conda_env/chakra_fx/lib/python3.13/site-packages/torch/nn/modules/module.py", line 1775, in _wrapped_call_impl
[rank59]:     return self._call_impl(*args, **kwargs)
[rank59]:            ~~~~~~~~~~~~~~~^^^^^^^^^^^^^^^^^
[rank59]:   File "/home/hice1/cman8/conda_env/chakra_fx/lib/python3.13/site-packages/torch/nn/modules/module.py", line 1881, in _call_impl
[rank59]:     return inner()
[rank59]:   File "/home/hice1/cman8/conda_env/chakra_fx/lib/python3.13/site-packages/torch/nn/modules/module.py", line 1829, in inner
[rank59]:     result = forward_call(*args, **kwargs)
[rank59]:   File "/home/hice1/cman8/conda_env/chakra_fx/lib/python3.13/site-packages/torch/nn/modules/normalization.py", line 414, in forward
[rank59]:     return F.rms_norm(x, self.normalized_shape, self.weight, self.eps)
[rank59]:            ~~~~~~~~~~^^^^^^^^^^^^^^^^^^^^^^^^^^^^^^^^^^^^^^^^^^^^^^^^^
[rank59]:   File "/home/hice1/cman8/conda_env/chakra_fx/lib/python3.13/site-packages/torch/nn/functional.py", line 2920, in rms_norm
[rank59]:     return torch.rms_norm(input, normalized_shape, weight, eps)
[rank59]:            ~~~~~~~~~~~~~~^^^^^^^^^^^^^^^^^^^^^^^^^^^^^^^^^^^^^^
[rank59]: RuntimeError: Expected weight to be of same shape as normalized_shape, but got weight of shape [4096] and normalized_shape = [2048]
[rank32]: Traceback (most recent call last):
[rank32]:   File "/storage/ice1/5/1/cman8/shared/chakra_fx/profile_fxgraph.py", line 92, in <module>
[rank32]:     profiler.run_eager_fwbw_kineto_pass()
[rank32]:     ~~~~~~~~~~~~~~~~~~~~~~~~~~~~~~~~~~~^^
[rank32]:   File "/storage/ice1/5/1/cman8/shared/chakra_fx/src/chakra_fx/profilers/model_profiler.py", line 164, in run_eager_fwbw_kineto_pass
[rank32]:     output = self.model(self.sample_input)
[rank32]:   File "/home/hice1/cman8/conda_env/chakra_fx/lib/python3.13/site-packages/torch/nn/modules/module.py", line 1775, in _wrapped_call_impl
[rank32]:     return self._call_impl(*args, **kwargs)
[rank32]:            ~~~~~~~~~~~~~~~^^^^^^^^^^^^^^^^^
[rank32]:   File "/home/hice1/cman8/conda_env/chakra_fx/lib/python3.13/site-packages/torch/nn/modules/module.py", line 1786, in _call_impl
[rank32]:     return forward_call(*args, **kwargs)
[rank32]:   File "/home/hice1/cman8/conda_env/chakra_fx/lib/python3.13/site-packages/torchtitan/models/llama3/model/model.py", line 428, in forward
[rank32]:     h = layer(h, self.freqs_cis)
[rank32]:   File "/home/hice1/cman8/conda_env/chakra_fx/lib/python3.13/site-packages/torch/nn/modules/module.py", line 1775, in _wrapped_call_impl
[rank32]:     return self._call_impl(*args, **kwargs)
[rank32]:            ~~~~~~~~~~~~~~~^^^^^^^^^^^^^^^^^
[rank32]:   File "/home/hice1/cman8/conda_env/chakra_fx/lib/python3.13/site-packages/torch/nn/modules/module.py", line 1786, in _call_impl
[rank32]:     return forward_call(*args, **kwargs)
[rank32]:   File "/home/hice1/cman8/conda_env/chakra_fx/lib/python3.13/site-packages/torchtitan/models/llama3/model/model.py", line 300, in forward
[rank32]:     h = x + self.attention(self.attention_norm(x), freqs_cis)
[rank32]:                            ~~~~~~~~~~~~~~~~~~~^^^
[rank32]:   File "/home/hice1/cman8/conda_env/chakra_fx/lib/python3.13/site-packages/torch/nn/modules/module.py", line 1775, in _wrapped_call_impl
[rank32]:     return self._call_impl(*args, **kwargs)
[rank32]:            ~~~~~~~~~~~~~~~^^^^^^^^^^^^^^^^^
[rank32]:   File "/home/hice1/cman8/conda_env/chakra_fx/lib/python3.13/site-packages/torch/nn/modules/module.py", line 1881, in _call_impl
[rank32]:     return inner()
[rank32]:   File "/home/hice1/cman8/conda_env/chakra_fx/lib/python3.13/site-packages/torch/nn/modules/module.py", line 1829, in inner
[rank32]:     result = forward_call(*args, **kwargs)
[rank32]:   File "/home/hice1/cman8/conda_env/chakra_fx/lib/python3.13/site-packages/torch/nn/modules/normalization.py", line 414, in forward
[rank32]:     return F.rms_norm(x, self.normalized_shape, self.weight, self.eps)
[rank32]:            ~~~~~~~~~~^^^^^^^^^^^^^^^^^^^^^^^^^^^^^^^^^^^^^^^^^^^^^^^^^
[rank32]:   File "/home/hice1/cman8/conda_env/chakra_fx/lib/python3.13/site-packages/torch/nn/functional.py", line 2920, in rms_norm
[rank32]:     return torch.rms_norm(input, normalized_shape, weight, eps)
[rank32]:            ~~~~~~~~~~~~~~^^^^^^^^^^^^^^^^^^^^^^^^^^^^^^^^^^^^^^
[rank32]: RuntimeError: Expected weight to be of same shape as normalized_shape, but got weight of shape [4096] and normalized_shape = [2048]
[rank51]: Traceback (most recent call last):
[rank51]:   File "/storage/ice1/5/1/cman8/shared/chakra_fx/profile_fxgraph.py", line 92, in <module>
[rank51]:     profiler.run_eager_fwbw_kineto_pass()
[rank51]:     ~~~~~~~~~~~~~~~~~~~~~~~~~~~~~~~~~~~^^
[rank51]:   File "/storage/ice1/5/1/cman8/shared/chakra_fx/src/chakra_fx/profilers/model_profiler.py", line 164, in run_eager_fwbw_kineto_pass
[rank51]:     output = self.model(self.sample_input)
[rank51]:   File "/home/hice1/cman8/conda_env/chakra_fx/lib/python3.13/site-packages/torch/nn/modules/module.py", line 1775, in _wrapped_call_impl
[rank51]:     return self._call_impl(*args, **kwargs)
[rank51]:            ~~~~~~~~~~~~~~~^^^^^^^^^^^^^^^^^
[rank51]:   File "/home/hice1/cman8/conda_env/chakra_fx/lib/python3.13/site-packages/torch/nn/modules/module.py", line 1786, in _call_impl
[rank51]:     return forward_call(*args, **kwargs)
[rank51]:   File "/home/hice1/cman8/conda_env/chakra_fx/lib/python3.13/site-packages/torchtitan/models/llama3/model/model.py", line 428, in forward
[rank51]:     h = layer(h, self.freqs_cis)
[rank51]:   File "/home/hice1/cman8/conda_env/chakra_fx/lib/python3.13/site-packages/torch/nn/modules/module.py", line 1775, in _wrapped_call_impl
[rank51]:     return self._call_impl(*args, **kwargs)
[rank51]:            ~~~~~~~~~~~~~~~^^^^^^^^^^^^^^^^^
[rank51]:   File "/home/hice1/cman8/conda_env/chakra_fx/lib/python3.13/site-packages/torch/nn/modules/module.py", line 1786, in _call_impl
[rank51]:     return forward_call(*args, **kwargs)
[rank51]:   File "/home/hice1/cman8/conda_env/chakra_fx/lib/python3.13/site-packages/torchtitan/models/llama3/model/model.py", line 300, in forward
[rank51]:     h = x + self.attention(self.attention_norm(x), freqs_cis)
[rank51]:                            ~~~~~~~~~~~~~~~~~~~^^^
[rank51]:   File "/home/hice1/cman8/conda_env/chakra_fx/lib/python3.13/site-packages/torch/nn/modules/module.py", line 1775, in _wrapped_call_impl
[rank51]:     return self._call_impl(*args, **kwargs)
[rank51]:            ~~~~~~~~~~~~~~~^^^^^^^^^^^^^^^^^
[rank51]:   File "/home/hice1/cman8/conda_env/chakra_fx/lib/python3.13/site-packages/torch/nn/modules/module.py", line 1881, in _call_impl
[rank51]:     return inner()
[rank51]:   File "/home/hice1/cman8/conda_env/chakra_fx/lib/python3.13/site-packages/torch/nn/modules/module.py", line 1829, in inner
[rank51]:     result = forward_call(*args, **kwargs)
[rank51]:   File "/home/hice1/cman8/conda_env/chakra_fx/lib/python3.13/site-packages/torch/nn/modules/normalization.py", line 414, in forward
[rank51]:     return F.rms_norm(x, self.normalized_shape, self.weight, self.eps)
[rank51]:            ~~~~~~~~~~^^^^^^^^^^^^^^^^^^^^^^^^^^^^^^^^^^^^^^^^^^^^^^^^^
[rank51]:   File "/home/hice1/cman8/conda_env/chakra_fx/lib/python3.13/site-packages/torch/nn/functional.py", line 2920, in rms_norm
[rank51]:     return torch.rms_norm(input, normalized_shape, weight, eps)
[rank51]:            ~~~~~~~~~~~~~~^^^^^^^^^^^^^^^^^^^^^^^^^^^^^^^^^^^^^^
[rank51]: RuntimeError: Expected weight to be of same shape as normalized_shape, but got weight of shape [4096] and normalized_shape = [2048]
[rank45]: Traceback (most recent call last):
[rank45]:   File "/storage/ice1/5/1/cman8/shared/chakra_fx/profile_fxgraph.py", line 92, in <module>
[rank45]:     profiler.run_eager_fwbw_kineto_pass()
[rank45]:     ~~~~~~~~~~~~~~~~~~~~~~~~~~~~~~~~~~~^^
[rank45]:   File "/storage/ice1/5/1/cman8/shared/chakra_fx/src/chakra_fx/profilers/model_profiler.py", line 164, in run_eager_fwbw_kineto_pass
[rank45]:     output = self.model(self.sample_input)
[rank45]:   File "/home/hice1/cman8/conda_env/chakra_fx/lib/python3.13/site-packages/torch/nn/modules/module.py", line 1775, in _wrapped_call_impl
[rank45]:     return self._call_impl(*args, **kwargs)
[rank45]:            ~~~~~~~~~~~~~~~^^^^^^^^^^^^^^^^^
[rank45]:   File "/home/hice1/cman8/conda_env/chakra_fx/lib/python3.13/site-packages/torch/nn/modules/module.py", line 1786, in _call_impl
[rank45]:     return forward_call(*args, **kwargs)
[rank45]:   File "/home/hice1/cman8/conda_env/chakra_fx/lib/python3.13/site-packages/torchtitan/models/llama3/model/model.py", line 428, in forward
[rank45]:     h = layer(h, self.freqs_cis)
[rank45]:   File "/home/hice1/cman8/conda_env/chakra_fx/lib/python3.13/site-packages/torch/nn/modules/module.py", line 1775, in _wrapped_call_impl
[rank45]:     return self._call_impl(*args, **kwargs)
[rank45]:            ~~~~~~~~~~~~~~~^^^^^^^^^^^^^^^^^
[rank45]:   File "/home/hice1/cman8/conda_env/chakra_fx/lib/python3.13/site-packages/torch/nn/modules/module.py", line 1786, in _call_impl
[rank45]:     return forward_call(*args, **kwargs)
[rank45]:   File "/home/hice1/cman8/conda_env/chakra_fx/lib/python3.13/site-packages/torchtitan/models/llama3/model/model.py", line 300, in forward
[rank45]:     h = x + self.attention(self.attention_norm(x), freqs_cis)
[rank45]:                            ~~~~~~~~~~~~~~~~~~~^^^
[rank45]:   File "/home/hice1/cman8/conda_env/chakra_fx/lib/python3.13/site-packages/torch/nn/modules/module.py", line 1775, in _wrapped_call_impl
[rank45]:     return self._call_impl(*args, **kwargs)
[rank45]:            ~~~~~~~~~~~~~~~^^^^^^^^^^^^^^^^^
[rank45]:   File "/home/hice1/cman8/conda_env/chakra_fx/lib/python3.13/site-packages/torch/nn/modules/module.py", line 1881, in _call_impl
[rank45]:     return inner()
[rank45]:   File "/home/hice1/cman8/conda_env/chakra_fx/lib/python3.13/site-packages/torch/nn/modules/module.py", line 1829, in inner
[rank45]:     result = forward_call(*args, **kwargs)
[rank45]:   File "/home/hice1/cman8/conda_env/chakra_fx/lib/python3.13/site-packages/torch/nn/modules/normalization.py", line 414, in forward
[rank45]:     return F.rms_norm(x, self.normalized_shape, self.weight, self.eps)
[rank45]:            ~~~~~~~~~~^^^^^^^^^^^^^^^^^^^^^^^^^^^^^^^^^^^^^^^^^^^^^^^^^
[rank45]:   File "/home/hice1/cman8/conda_env/chakra_fx/lib/python3.13/site-packages/torch/nn/functional.py", line 2920, in rms_norm
[rank45]:     return torch.rms_norm(input, normalized_shape, weight, eps)
[rank45]:            ~~~~~~~~~~~~~~^^^^^^^^^^^^^^^^^^^^^^^^^^^^^^^^^^^^^^
[rank45]: RuntimeError: Expected weight to be of same shape as normalized_shape, but got weight of shape [4096] and normalized_shape = [2048]
[rank53]: Traceback (most recent call last):
[rank53]:   File "/storage/ice1/5/1/cman8/shared/chakra_fx/profile_fxgraph.py", line 92, in <module>
[rank53]:     profiler.run_eager_fwbw_kineto_pass()
[rank53]:     ~~~~~~~~~~~~~~~~~~~~~~~~~~~~~~~~~~~^^
[rank53]:   File "/storage/ice1/5/1/cman8/shared/chakra_fx/src/chakra_fx/profilers/model_profiler.py", line 164, in run_eager_fwbw_kineto_pass
[rank53]:     output = self.model(self.sample_input)
[rank53]:   File "/home/hice1/cman8/conda_env/chakra_fx/lib/python3.13/site-packages/torch/nn/modules/module.py", line 1775, in _wrapped_call_impl
[rank53]:     return self._call_impl(*args, **kwargs)
[rank53]:            ~~~~~~~~~~~~~~~^^^^^^^^^^^^^^^^^
[rank53]:   File "/home/hice1/cman8/conda_env/chakra_fx/lib/python3.13/site-packages/torch/nn/modules/module.py", line 1786, in _call_impl
[rank53]:     return forward_call(*args, **kwargs)
[rank53]:   File "/home/hice1/cman8/conda_env/chakra_fx/lib/python3.13/site-packages/torchtitan/models/llama3/model/model.py", line 428, in forward
[rank53]:     h = layer(h, self.freqs_cis)
[rank53]:   File "/home/hice1/cman8/conda_env/chakra_fx/lib/python3.13/site-packages/torch/nn/modules/module.py", line 1775, in _wrapped_call_impl
[rank53]:     return self._call_impl(*args, **kwargs)
[rank53]:            ~~~~~~~~~~~~~~~^^^^^^^^^^^^^^^^^
[rank53]:   File "/home/hice1/cman8/conda_env/chakra_fx/lib/python3.13/site-packages/torch/nn/modules/module.py", line 1786, in _call_impl
[rank53]:     return forward_call(*args, **kwargs)
[rank53]:   File "/home/hice1/cman8/conda_env/chakra_fx/lib/python3.13/site-packages/torchtitan/models/llama3/model/model.py", line 300, in forward
[rank53]:     h = x + self.attention(self.attention_norm(x), freqs_cis)
[rank53]:                            ~~~~~~~~~~~~~~~~~~~^^^
[rank53]:   File "/home/hice1/cman8/conda_env/chakra_fx/lib/python3.13/site-packages/torch/nn/modules/module.py", line 1775, in _wrapped_call_impl
[rank53]:     return self._call_impl(*args, **kwargs)
[rank53]:            ~~~~~~~~~~~~~~~^^^^^^^^^^^^^^^^^
[rank53]:   File "/home/hice1/cman8/conda_env/chakra_fx/lib/python3.13/site-packages/torch/nn/modules/module.py", line 1881, in _call_impl
[rank53]:     return inner()
[rank53]:   File "/home/hice1/cman8/conda_env/chakra_fx/lib/python3.13/site-packages/torch/nn/modules/module.py", line 1829, in inner
[rank53]:     result = forward_call(*args, **kwargs)
[rank53]:   File "/home/hice1/cman8/conda_env/chakra_fx/lib/python3.13/site-packages/torch/nn/modules/normalization.py", line 414, in forward
[rank53]:     return F.rms_norm(x, self.normalized_shape, self.weight, self.eps)
[rank53]:            ~~~~~~~~~~^^^^^^^^^^^^^^^^^^^^^^^^^^^^^^^^^^^^^^^^^^^^^^^^^
[rank53]:   File "/home/hice1/cman8/conda_env/chakra_fx/lib/python3.13/site-packages/torch/nn/functional.py", line 2920, in rms_norm
[rank53]:     return torch.rms_norm(input, normalized_shape, weight, eps)
[rank53]:            ~~~~~~~~~~~~~~^^^^^^^^^^^^^^^^^^^^^^^^^^^^^^^^^^^^^^
[rank53]: RuntimeError: Expected weight to be of same shape as normalized_shape, but got weight of shape [4096] and normalized_shape = [2048]
[rank57]: Traceback (most recent call last):
[rank57]:   File "/storage/ice1/5/1/cman8/shared/chakra_fx/profile_fxgraph.py", line 92, in <module>
[rank57]:     profiler.run_eager_fwbw_kineto_pass()
[rank57]:     ~~~~~~~~~~~~~~~~~~~~~~~~~~~~~~~~~~~^^
[rank57]:   File "/storage/ice1/5/1/cman8/shared/chakra_fx/src/chakra_fx/profilers/model_profiler.py", line 164, in run_eager_fwbw_kineto_pass
[rank57]:     output = self.model(self.sample_input)
[rank57]:   File "/home/hice1/cman8/conda_env/chakra_fx/lib/python3.13/site-packages/torch/nn/modules/module.py", line 1775, in _wrapped_call_impl
[rank57]:     return self._call_impl(*args, **kwargs)
[rank57]:            ~~~~~~~~~~~~~~~^^^^^^^^^^^^^^^^^
[rank57]:   File "/home/hice1/cman8/conda_env/chakra_fx/lib/python3.13/site-packages/torch/nn/modules/module.py", line 1786, in _call_impl
[rank57]:     return forward_call(*args, **kwargs)
[rank57]:   File "/home/hice1/cman8/conda_env/chakra_fx/lib/python3.13/site-packages/torchtitan/models/llama3/model/model.py", line 428, in forward
[rank57]:     h = layer(h, self.freqs_cis)
[rank57]:   File "/home/hice1/cman8/conda_env/chakra_fx/lib/python3.13/site-packages/torch/nn/modules/module.py", line 1775, in _wrapped_call_impl
[rank57]:     return self._call_impl(*args, **kwargs)
[rank57]:            ~~~~~~~~~~~~~~~^^^^^^^^^^^^^^^^^
[rank57]:   File "/home/hice1/cman8/conda_env/chakra_fx/lib/python3.13/site-packages/torch/nn/modules/module.py", line 1786, in _call_impl
[rank57]:     return forward_call(*args, **kwargs)
[rank57]:   File "/home/hice1/cman8/conda_env/chakra_fx/lib/python3.13/site-packages/torchtitan/models/llama3/model/model.py", line 300, in forward
[rank57]:     h = x + self.attention(self.attention_norm(x), freqs_cis)
[rank57]:                            ~~~~~~~~~~~~~~~~~~~^^^
[rank57]:   File "/home/hice1/cman8/conda_env/chakra_fx/lib/python3.13/site-packages/torch/nn/modules/module.py", line 1775, in _wrapped_call_impl
[rank57]:     return self._call_impl(*args, **kwargs)
[rank57]:            ~~~~~~~~~~~~~~~^^^^^^^^^^^^^^^^^
[rank57]:   File "/home/hice1/cman8/conda_env/chakra_fx/lib/python3.13/site-packages/torch/nn/modules/module.py", line 1881, in _call_impl
[rank57]:     return inner()
[rank57]:   File "/home/hice1/cman8/conda_env/chakra_fx/lib/python3.13/site-packages/torch/nn/modules/module.py", line 1829, in inner
[rank57]:     result = forward_call(*args, **kwargs)
[rank57]:   File "/home/hice1/cman8/conda_env/chakra_fx/lib/python3.13/site-packages/torch/nn/modules/normalization.py", line 414, in forward
[rank57]:     return F.rms_norm(x, self.normalized_shape, self.weight, self.eps)
[rank57]:            ~~~~~~~~~~^^^^^^^^^^^^^^^^^^^^^^^^^^^^^^^^^^^^^^^^^^^^^^^^^
[rank57]:   File "/home/hice1/cman8/conda_env/chakra_fx/lib/python3.13/site-packages/torch/nn/functional.py", line 2920, in rms_norm
[rank57]:     return torch.rms_norm(input, normalized_shape, weight, eps)
[rank57]:            ~~~~~~~~~~~~~~^^^^^^^^^^^^^^^^^^^^^^^^^^^^^^^^^^^^^^
[rank57]: RuntimeError: Expected weight to be of same shape as normalized_shape, but got weight of shape [4096] and normalized_shape = [2048]
[rank44]: Traceback (most recent call last):
[rank44]:   File "/storage/ice1/5/1/cman8/shared/chakra_fx/profile_fxgraph.py", line 92, in <module>
[rank44]:     profiler.run_eager_fwbw_kineto_pass()
[rank44]:     ~~~~~~~~~~~~~~~~~~~~~~~~~~~~~~~~~~~^^
[rank44]:   File "/storage/ice1/5/1/cman8/shared/chakra_fx/src/chakra_fx/profilers/model_profiler.py", line 164, in run_eager_fwbw_kineto_pass
[rank44]:     output = self.model(self.sample_input)
[rank44]:   File "/home/hice1/cman8/conda_env/chakra_fx/lib/python3.13/site-packages/torch/nn/modules/module.py", line 1775, in _wrapped_call_impl
[rank44]:     return self._call_impl(*args, **kwargs)
[rank44]:            ~~~~~~~~~~~~~~~^^^^^^^^^^^^^^^^^
[rank44]:   File "/home/hice1/cman8/conda_env/chakra_fx/lib/python3.13/site-packages/torch/nn/modules/module.py", line 1786, in _call_impl
[rank44]:     return forward_call(*args, **kwargs)
[rank44]:   File "/home/hice1/cman8/conda_env/chakra_fx/lib/python3.13/site-packages/torchtitan/models/llama3/model/model.py", line 428, in forward
[rank44]:     h = layer(h, self.freqs_cis)
[rank44]:   File "/home/hice1/cman8/conda_env/chakra_fx/lib/python3.13/site-packages/torch/nn/modules/module.py", line 1775, in _wrapped_call_impl
[rank44]:     return self._call_impl(*args, **kwargs)
[rank44]:            ~~~~~~~~~~~~~~~^^^^^^^^^^^^^^^^^
[rank44]:   File "/home/hice1/cman8/conda_env/chakra_fx/lib/python3.13/site-packages/torch/nn/modules/module.py", line 1786, in _call_impl
[rank44]:     return forward_call(*args, **kwargs)
[rank44]:   File "/home/hice1/cman8/conda_env/chakra_fx/lib/python3.13/site-packages/torchtitan/models/llama3/model/model.py", line 300, in forward
[rank44]:     h = x + self.attention(self.attention_norm(x), freqs_cis)
[rank44]:                            ~~~~~~~~~~~~~~~~~~~^^^
[rank44]:   File "/home/hice1/cman8/conda_env/chakra_fx/lib/python3.13/site-packages/torch/nn/modules/module.py", line 1775, in _wrapped_call_impl
[rank44]:     return self._call_impl(*args, **kwargs)
[rank44]:            ~~~~~~~~~~~~~~~^^^^^^^^^^^^^^^^^
[rank44]:   File "/home/hice1/cman8/conda_env/chakra_fx/lib/python3.13/site-packages/torch/nn/modules/module.py", line 1881, in _call_impl
[rank44]:     return inner()
[rank44]:   File "/home/hice1/cman8/conda_env/chakra_fx/lib/python3.13/site-packages/torch/nn/modules/module.py", line 1829, in inner
[rank44]:     result = forward_call(*args, **kwargs)
[rank44]:   File "/home/hice1/cman8/conda_env/chakra_fx/lib/python3.13/site-packages/torch/nn/modules/normalization.py", line 414, in forward
[rank44]:     return F.rms_norm(x, self.normalized_shape, self.weight, self.eps)
[rank44]:            ~~~~~~~~~~^^^^^^^^^^^^^^^^^^^^^^^^^^^^^^^^^^^^^^^^^^^^^^^^^
[rank44]:   File "/home/hice1/cman8/conda_env/chakra_fx/lib/python3.13/site-packages/torch/nn/functional.py", line 2920, in rms_norm
[rank44]:     return torch.rms_norm(input, normalized_shape, weight, eps)
[rank44]:            ~~~~~~~~~~~~~~^^^^^^^^^^^^^^^^^^^^^^^^^^^^^^^^^^^^^^
[rank44]: RuntimeError: Expected weight to be of same shape as normalized_shape, but got weight of shape [4096] and normalized_shape = [2048]
[rank39]: Traceback (most recent call last):
[rank39]:   File "/storage/ice1/5/1/cman8/shared/chakra_fx/profile_fxgraph.py", line 92, in <module>
[rank39]:     profiler.run_eager_fwbw_kineto_pass()
[rank39]:     ~~~~~~~~~~~~~~~~~~~~~~~~~~~~~~~~~~~^^
[rank39]:   File "/storage/ice1/5/1/cman8/shared/chakra_fx/src/chakra_fx/profilers/model_profiler.py", line 164, in run_eager_fwbw_kineto_pass
[rank39]:     output = self.model(self.sample_input)
[rank39]:   File "/home/hice1/cman8/conda_env/chakra_fx/lib/python3.13/site-packages/torch/nn/modules/module.py", line 1775, in _wrapped_call_impl
[rank39]:     return self._call_impl(*args, **kwargs)
[rank39]:            ~~~~~~~~~~~~~~~^^^^^^^^^^^^^^^^^
[rank39]:   File "/home/hice1/cman8/conda_env/chakra_fx/lib/python3.13/site-packages/torch/nn/modules/module.py", line 1786, in _call_impl
[rank39]:     return forward_call(*args, **kwargs)
[rank39]:   File "/home/hice1/cman8/conda_env/chakra_fx/lib/python3.13/site-packages/torchtitan/models/llama3/model/model.py", line 428, in forward
[rank39]:     h = layer(h, self.freqs_cis)
[rank39]:   File "/home/hice1/cman8/conda_env/chakra_fx/lib/python3.13/site-packages/torch/nn/modules/module.py", line 1775, in _wrapped_call_impl
[rank39]:     return self._call_impl(*args, **kwargs)
[rank39]:            ~~~~~~~~~~~~~~~^^^^^^^^^^^^^^^^^
[rank39]:   File "/home/hice1/cman8/conda_env/chakra_fx/lib/python3.13/site-packages/torch/nn/modules/module.py", line 1786, in _call_impl
[rank39]:     return forward_call(*args, **kwargs)
[rank39]:   File "/home/hice1/cman8/conda_env/chakra_fx/lib/python3.13/site-packages/torchtitan/models/llama3/model/model.py", line 300, in forward
[rank39]:     h = x + self.attention(self.attention_norm(x), freqs_cis)
[rank39]:                            ~~~~~~~~~~~~~~~~~~~^^^
[rank39]:   File "/home/hice1/cman8/conda_env/chakra_fx/lib/python3.13/site-packages/torch/nn/modules/module.py", line 1775, in _wrapped_call_impl
[rank39]:     return self._call_impl(*args, **kwargs)
[rank39]:            ~~~~~~~~~~~~~~~^^^^^^^^^^^^^^^^^
[rank39]:   File "/home/hice1/cman8/conda_env/chakra_fx/lib/python3.13/site-packages/torch/nn/modules/module.py", line 1881, in _call_impl
[rank39]:     return inner()
[rank39]:   File "/home/hice1/cman8/conda_env/chakra_fx/lib/python3.13/site-packages/torch/nn/modules/module.py", line 1829, in inner
[rank39]:     result = forward_call(*args, **kwargs)
[rank39]:   File "/home/hice1/cman8/conda_env/chakra_fx/lib/python3.13/site-packages/torch/nn/modules/normalization.py", line 414, in forward
[rank39]:     return F.rms_norm(x, self.normalized_shape, self.weight, self.eps)
[rank39]:            ~~~~~~~~~~^^^^^^^^^^^^^^^^^^^^^^^^^^^^^^^^^^^^^^^^^^^^^^^^^
[rank39]:   File "/home/hice1/cman8/conda_env/chakra_fx/lib/python3.13/site-packages/torch/nn/functional.py", line 2920, in rms_norm
[rank39]:     return torch.rms_norm(input, normalized_shape, weight, eps)
[rank39]:            ~~~~~~~~~~~~~~^^^^^^^^^^^^^^^^^^^^^^^^^^^^^^^^^^^^^^
[rank39]: RuntimeError: Expected weight to be of same shape as normalized_shape, but got weight of shape [4096] and normalized_shape = [2048]
[rank42]: Traceback (most recent call last):
[rank42]:   File "/storage/ice1/5/1/cman8/shared/chakra_fx/profile_fxgraph.py", line 92, in <module>
[rank42]:     profiler.run_eager_fwbw_kineto_pass()
[rank42]:     ~~~~~~~~~~~~~~~~~~~~~~~~~~~~~~~~~~~^^
[rank42]:   File "/storage/ice1/5/1/cman8/shared/chakra_fx/src/chakra_fx/profilers/model_profiler.py", line 164, in run_eager_fwbw_kineto_pass
[rank42]:     output = self.model(self.sample_input)
[rank42]:   File "/home/hice1/cman8/conda_env/chakra_fx/lib/python3.13/site-packages/torch/nn/modules/module.py", line 1775, in _wrapped_call_impl
[rank42]:     return self._call_impl(*args, **kwargs)
[rank42]:            ~~~~~~~~~~~~~~~^^^^^^^^^^^^^^^^^
[rank42]:   File "/home/hice1/cman8/conda_env/chakra_fx/lib/python3.13/site-packages/torch/nn/modules/module.py", line 1786, in _call_impl
[rank42]:     return forward_call(*args, **kwargs)
[rank42]:   File "/home/hice1/cman8/conda_env/chakra_fx/lib/python3.13/site-packages/torchtitan/models/llama3/model/model.py", line 428, in forward
[rank42]:     h = layer(h, self.freqs_cis)
[rank42]:   File "/home/hice1/cman8/conda_env/chakra_fx/lib/python3.13/site-packages/torch/nn/modules/module.py", line 1775, in _wrapped_call_impl
[rank42]:     return self._call_impl(*args, **kwargs)
[rank42]:            ~~~~~~~~~~~~~~~^^^^^^^^^^^^^^^^^
[rank42]:   File "/home/hice1/cman8/conda_env/chakra_fx/lib/python3.13/site-packages/torch/nn/modules/module.py", line 1786, in _call_impl
[rank42]:     return forward_call(*args, **kwargs)
[rank42]:   File "/home/hice1/cman8/conda_env/chakra_fx/lib/python3.13/site-packages/torchtitan/models/llama3/model/model.py", line 300, in forward
[rank42]:     h = x + self.attention(self.attention_norm(x), freqs_cis)
[rank42]:                            ~~~~~~~~~~~~~~~~~~~^^^
[rank42]:   File "/home/hice1/cman8/conda_env/chakra_fx/lib/python3.13/site-packages/torch/nn/modules/module.py", line 1775, in _wrapped_call_impl
[rank42]:     return self._call_impl(*args, **kwargs)
[rank42]:            ~~~~~~~~~~~~~~~^^^^^^^^^^^^^^^^^
[rank42]:   File "/home/hice1/cman8/conda_env/chakra_fx/lib/python3.13/site-packages/torch/nn/modules/module.py", line 1881, in _call_impl
[rank42]:     return inner()
[rank42]:   File "/home/hice1/cman8/conda_env/chakra_fx/lib/python3.13/site-packages/torch/nn/modules/module.py", line 1829, in inner
[rank42]:     result = forward_call(*args, **kwargs)
[rank42]:   File "/home/hice1/cman8/conda_env/chakra_fx/lib/python3.13/site-packages/torch/nn/modules/normalization.py", line 414, in forward
[rank42]:     return F.rms_norm(x, self.normalized_shape, self.weight, self.eps)
[rank42]:            ~~~~~~~~~~^^^^^^^^^^^^^^^^^^^^^^^^^^^^^^^^^^^^^^^^^^^^^^^^^
[rank42]:   File "/home/hice1/cman8/conda_env/chakra_fx/lib/python3.13/site-packages/torch/nn/functional.py", line 2920, in rms_norm
[rank42]:     return torch.rms_norm(input, normalized_shape, weight, eps)
[rank42]:            ~~~~~~~~~~~~~~^^^^^^^^^^^^^^^^^^^^^^^^^^^^^^^^^^^^^^
[rank42]: RuntimeError: Expected weight to be of same shape as normalized_shape, but got weight of shape [4096] and normalized_shape = [2048]
[rank63]: Traceback (most recent call last):
[rank63]:   File "/storage/ice1/5/1/cman8/shared/chakra_fx/profile_fxgraph.py", line 92, in <module>
[rank63]:     profiler.run_eager_fwbw_kineto_pass()
[rank63]:     ~~~~~~~~~~~~~~~~~~~~~~~~~~~~~~~~~~~^^
[rank63]:   File "/storage/ice1/5/1/cman8/shared/chakra_fx/src/chakra_fx/profilers/model_profiler.py", line 164, in run_eager_fwbw_kineto_pass
[rank63]:     output = self.model(self.sample_input)
[rank63]:   File "/home/hice1/cman8/conda_env/chakra_fx/lib/python3.13/site-packages/torch/nn/modules/module.py", line 1775, in _wrapped_call_impl
[rank63]:     return self._call_impl(*args, **kwargs)
[rank63]:            ~~~~~~~~~~~~~~~^^^^^^^^^^^^^^^^^
[rank63]:   File "/home/hice1/cman8/conda_env/chakra_fx/lib/python3.13/site-packages/torch/nn/modules/module.py", line 1786, in _call_impl
[rank63]:     return forward_call(*args, **kwargs)
[rank63]:   File "/home/hice1/cman8/conda_env/chakra_fx/lib/python3.13/site-packages/torchtitan/models/llama3/model/model.py", line 428, in forward
[rank63]:     h = layer(h, self.freqs_cis)
[rank63]:   File "/home/hice1/cman8/conda_env/chakra_fx/lib/python3.13/site-packages/torch/nn/modules/module.py", line 1775, in _wrapped_call_impl
[rank63]:     return self._call_impl(*args, **kwargs)
[rank63]:            ~~~~~~~~~~~~~~~^^^^^^^^^^^^^^^^^
[rank63]:   File "/home/hice1/cman8/conda_env/chakra_fx/lib/python3.13/site-packages/torch/nn/modules/module.py", line 1786, in _call_impl
[rank63]:     return forward_call(*args, **kwargs)
[rank63]:   File "/home/hice1/cman8/conda_env/chakra_fx/lib/python3.13/site-packages/torchtitan/models/llama3/model/model.py", line 300, in forward
[rank63]:     h = x + self.attention(self.attention_norm(x), freqs_cis)
[rank63]:                            ~~~~~~~~~~~~~~~~~~~^^^
[rank63]:   File "/home/hice1/cman8/conda_env/chakra_fx/lib/python3.13/site-packages/torch/nn/modules/module.py", line 1775, in _wrapped_call_impl
[rank63]:     return self._call_impl(*args, **kwargs)
[rank63]:            ~~~~~~~~~~~~~~~^^^^^^^^^^^^^^^^^
[rank63]:   File "/home/hice1/cman8/conda_env/chakra_fx/lib/python3.13/site-packages/torch/nn/modules/module.py", line 1881, in _call_impl
[rank63]:     return inner()
[rank63]:   File "/home/hice1/cman8/conda_env/chakra_fx/lib/python3.13/site-packages/torch/nn/modules/module.py", line 1829, in inner
[rank63]:     result = forward_call(*args, **kwargs)
[rank63]:   File "/home/hice1/cman8/conda_env/chakra_fx/lib/python3.13/site-packages/torch/nn/modules/normalization.py", line 414, in forward
[rank63]:     return F.rms_norm(x, self.normalized_shape, self.weight, self.eps)
[rank63]:            ~~~~~~~~~~^^^^^^^^^^^^^^^^^^^^^^^^^^^^^^^^^^^^^^^^^^^^^^^^^
[rank63]:   File "/home/hice1/cman8/conda_env/chakra_fx/lib/python3.13/site-packages/torch/nn/functional.py", line 2920, in rms_norm
[rank63]:     return torch.rms_norm(input, normalized_shape, weight, eps)
[rank63]:            ~~~~~~~~~~~~~~^^^^^^^^^^^^^^^^^^^^^^^^^^^^^^^^^^^^^^
[rank63]: RuntimeError: Expected weight to be of same shape as normalized_shape, but got weight of shape [4096] and normalized_shape = [2048]
[rank60]: Traceback (most recent call last):
[rank60]:   File "/storage/ice1/5/1/cman8/shared/chakra_fx/profile_fxgraph.py", line 92, in <module>
[rank60]:     profiler.run_eager_fwbw_kineto_pass()
[rank60]:     ~~~~~~~~~~~~~~~~~~~~~~~~~~~~~~~~~~~^^
[rank60]:   File "/storage/ice1/5/1/cman8/shared/chakra_fx/src/chakra_fx/profilers/model_profiler.py", line 164, in run_eager_fwbw_kineto_pass
[rank60]:     output = self.model(self.sample_input)
[rank60]:   File "/home/hice1/cman8/conda_env/chakra_fx/lib/python3.13/site-packages/torch/nn/modules/module.py", line 1775, in _wrapped_call_impl
[rank60]:     return self._call_impl(*args, **kwargs)
[rank60]:            ~~~~~~~~~~~~~~~^^^^^^^^^^^^^^^^^
[rank60]:   File "/home/hice1/cman8/conda_env/chakra_fx/lib/python3.13/site-packages/torch/nn/modules/module.py", line 1786, in _call_impl
[rank60]:     return forward_call(*args, **kwargs)
[rank60]:   File "/home/hice1/cman8/conda_env/chakra_fx/lib/python3.13/site-packages/torchtitan/models/llama3/model/model.py", line 428, in forward
[rank60]:     h = layer(h, self.freqs_cis)
[rank60]:   File "/home/hice1/cman8/conda_env/chakra_fx/lib/python3.13/site-packages/torch/nn/modules/module.py", line 1775, in _wrapped_call_impl
[rank60]:     return self._call_impl(*args, **kwargs)
[rank60]:            ~~~~~~~~~~~~~~~^^^^^^^^^^^^^^^^^
[rank60]:   File "/home/hice1/cman8/conda_env/chakra_fx/lib/python3.13/site-packages/torch/nn/modules/module.py", line 1786, in _call_impl
[rank60]:     return forward_call(*args, **kwargs)
[rank60]:   File "/home/hice1/cman8/conda_env/chakra_fx/lib/python3.13/site-packages/torchtitan/models/llama3/model/model.py", line 300, in forward
[rank60]:     h = x + self.attention(self.attention_norm(x), freqs_cis)
[rank60]:                            ~~~~~~~~~~~~~~~~~~~^^^
[rank60]:   File "/home/hice1/cman8/conda_env/chakra_fx/lib/python3.13/site-packages/torch/nn/modules/module.py", line 1775, in _wrapped_call_impl
[rank60]:     return self._call_impl(*args, **kwargs)
[rank60]:            ~~~~~~~~~~~~~~~^^^^^^^^^^^^^^^^^
[rank60]:   File "/home/hice1/cman8/conda_env/chakra_fx/lib/python3.13/site-packages/torch/nn/modules/module.py", line 1881, in _call_impl
[rank60]:     return inner()
[rank60]:   File "/home/hice1/cman8/conda_env/chakra_fx/lib/python3.13/site-packages/torch/nn/modules/module.py", line 1829, in inner
[rank60]:     result = forward_call(*args, **kwargs)
[rank60]:   File "/home/hice1/cman8/conda_env/chakra_fx/lib/python3.13/site-packages/torch/nn/modules/normalization.py", line 414, in forward
[rank60]:     return F.rms_norm(x, self.normalized_shape, self.weight, self.eps)
[rank60]:            ~~~~~~~~~~^^^^^^^^^^^^^^^^^^^^^^^^^^^^^^^^^^^^^^^^^^^^^^^^^
[rank60]:   File "/home/hice1/cman8/conda_env/chakra_fx/lib/python3.13/site-packages/torch/nn/functional.py", line 2920, in rms_norm
[rank60]:     return torch.rms_norm(input, normalized_shape, weight, eps)
[rank60]:            ~~~~~~~~~~~~~~^^^^^^^^^^^^^^^^^^^^^^^^^^^^^^^^^^^^^^
[rank60]: RuntimeError: Expected weight to be of same shape as normalized_shape, but got weight of shape [4096] and normalized_shape = [2048]
[rank47]: Traceback (most recent call last):
[rank47]:   File "/storage/ice1/5/1/cman8/shared/chakra_fx/profile_fxgraph.py", line 92, in <module>
[rank47]:     profiler.run_eager_fwbw_kineto_pass()
[rank47]:     ~~~~~~~~~~~~~~~~~~~~~~~~~~~~~~~~~~~^^
[rank47]:   File "/storage/ice1/5/1/cman8/shared/chakra_fx/src/chakra_fx/profilers/model_profiler.py", line 164, in run_eager_fwbw_kineto_pass
[rank47]:     output = self.model(self.sample_input)
[rank47]:   File "/home/hice1/cman8/conda_env/chakra_fx/lib/python3.13/site-packages/torch/nn/modules/module.py", line 1775, in _wrapped_call_impl
[rank47]:     return self._call_impl(*args, **kwargs)
[rank47]:            ~~~~~~~~~~~~~~~^^^^^^^^^^^^^^^^^
[rank47]:   File "/home/hice1/cman8/conda_env/chakra_fx/lib/python3.13/site-packages/torch/nn/modules/module.py", line 1786, in _call_impl
[rank47]:     return forward_call(*args, **kwargs)
[rank47]:   File "/home/hice1/cman8/conda_env/chakra_fx/lib/python3.13/site-packages/torchtitan/models/llama3/model/model.py", line 428, in forward
[rank47]:     h = layer(h, self.freqs_cis)
[rank47]:   File "/home/hice1/cman8/conda_env/chakra_fx/lib/python3.13/site-packages/torch/nn/modules/module.py", line 1775, in _wrapped_call_impl
[rank47]:     return self._call_impl(*args, **kwargs)
[rank47]:            ~~~~~~~~~~~~~~~^^^^^^^^^^^^^^^^^
[rank47]:   File "/home/hice1/cman8/conda_env/chakra_fx/lib/python3.13/site-packages/torch/nn/modules/module.py", line 1786, in _call_impl
[rank47]:     return forward_call(*args, **kwargs)
[rank47]:   File "/home/hice1/cman8/conda_env/chakra_fx/lib/python3.13/site-packages/torchtitan/models/llama3/model/model.py", line 300, in forward
[rank47]:     h = x + self.attention(self.attention_norm(x), freqs_cis)
[rank47]:                            ~~~~~~~~~~~~~~~~~~~^^^
[rank47]:   File "/home/hice1/cman8/conda_env/chakra_fx/lib/python3.13/site-packages/torch/nn/modules/module.py", line 1775, in _wrapped_call_impl
[rank47]:     return self._call_impl(*args, **kwargs)
[rank47]:            ~~~~~~~~~~~~~~~^^^^^^^^^^^^^^^^^
[rank47]:   File "/home/hice1/cman8/conda_env/chakra_fx/lib/python3.13/site-packages/torch/nn/modules/module.py", line 1881, in _call_impl
[rank47]:     return inner()
[rank47]:   File "/home/hice1/cman8/conda_env/chakra_fx/lib/python3.13/site-packages/torch/nn/modules/module.py", line 1829, in inner
[rank47]:     result = forward_call(*args, **kwargs)
[rank47]:   File "/home/hice1/cman8/conda_env/chakra_fx/lib/python3.13/site-packages/torch/nn/modules/normalization.py", line 414, in forward
[rank47]:     return F.rms_norm(x, self.normalized_shape, self.weight, self.eps)
[rank47]:            ~~~~~~~~~~^^^^^^^^^^^^^^^^^^^^^^^^^^^^^^^^^^^^^^^^^^^^^^^^^
[rank47]:   File "/home/hice1/cman8/conda_env/chakra_fx/lib/python3.13/site-packages/torch/nn/functional.py", line 2920, in rms_norm
[rank47]:     return torch.rms_norm(input, normalized_shape, weight, eps)
[rank47]:            ~~~~~~~~~~~~~~^^^^^^^^^^^^^^^^^^^^^^^^^^^^^^^^^^^^^^
[rank47]: RuntimeError: Expected weight to be of same shape as normalized_shape, but got weight of shape [4096] and normalized_shape = [2048]
[rank50]:[W820 00:38:19.360699089 ProcessGroupNCCL.cpp:1519] Warning: WARNING: destroy_process_group() was not called before program exit, which can leak resources. For more info, please see https://pytorch.org/docs/stable/distributed.html#shutdown (function operator())
[rank55]:[W820 00:38:19.362268914 ProcessGroupNCCL.cpp:1519] Warning: WARNING: destroy_process_group() was not called before program exit, which can leak resources. For more info, please see https://pytorch.org/docs/stable/distributed.html#shutdown (function operator())
[rank35]:[W820 00:38:19.824090606 ProcessGroupNCCL.cpp:1519] Warning: WARNING: destroy_process_group() was not called before program exit, which can leak resources. For more info, please see https://pytorch.org/docs/stable/distributed.html#shutdown (function operator())
[rank32]:[W820 00:38:19.824156098 ProcessGroupNCCL.cpp:1519] Warning: WARNING: destroy_process_group() was not called before program exit, which can leak resources. For more info, please see https://pytorch.org/docs/stable/distributed.html#shutdown (function operator())
[rank33]:[W820 00:38:19.827136259 ProcessGroupNCCL.cpp:1519] Warning: WARNING: destroy_process_group() was not called before program exit, which can leak resources. For more info, please see https://pytorch.org/docs/stable/distributed.html#shutdown (function operator())
[rank36]:[W820 00:38:19.828505928 ProcessGroupNCCL.cpp:1519] Warning: WARNING: destroy_process_group() was not called before program exit, which can leak resources. For more info, please see https://pytorch.org/docs/stable/distributed.html#shutdown (function operator())
[rank56]:[W820 00:38:19.187551365 ProcessGroupNCCL.cpp:1519] Warning: WARNING: destroy_process_group() was not called before program exit, which can leak resources. For more info, please see https://pytorch.org/docs/stable/distributed.html#shutdown (function operator())
[rank41]:[W820 00:38:19.377769082 ProcessGroupNCCL.cpp:1519] Warning: WARNING: destroy_process_group() was not called before program exit, which can leak resources. For more info, please see https://pytorch.org/docs/stable/distributed.html#shutdown (function operator())
[rank43]:[W820 00:38:19.380206296 ProcessGroupNCCL.cpp:1519] Warning: WARNING: destroy_process_group() was not called before program exit, which can leak resources. For more info, please see https://pytorch.org/docs/stable/distributed.html#shutdown (function operator())
[rank47]:[W820 00:38:19.380808380 ProcessGroupNCCL.cpp:1519] Warning: WARNING: destroy_process_group() was not called before program exit, which can leak resources. For more info, please see https://pytorch.org/docs/stable/distributed.html#shutdown (function operator())
[rank46]:[W820 00:38:19.385335793 ProcessGroupNCCL.cpp:1519] Warning: WARNING: destroy_process_group() was not called before program exit, which can leak resources. For more info, please see https://pytorch.org/docs/stable/distributed.html#shutdown (function operator())
[rank37]:[W820 00:38:19.843080056 ProcessGroupNCCL.cpp:1519] Warning: WARNING: destroy_process_group() was not called before program exit, which can leak resources. For more info, please see https://pytorch.org/docs/stable/distributed.html#shutdown (function operator())
[rank44]:[W820 00:38:19.387909350 ProcessGroupNCCL.cpp:1519] Warning: WARNING: destroy_process_group() was not called before program exit, which can leak resources. For more info, please see https://pytorch.org/docs/stable/distributed.html#shutdown (function operator())
[rank51]:[W820 00:38:19.398510729 ProcessGroupNCCL.cpp:1519] Warning: WARNING: destroy_process_group() was not called before program exit, which can leak resources. For more info, please see https://pytorch.org/docs/stable/distributed.html#shutdown (function operator())
[rank40]:[W820 00:38:19.409697491 ProcessGroupNCCL.cpp:1519] Warning: WARNING: destroy_process_group() was not called before program exit, which can leak resources. For more info, please see https://pytorch.org/docs/stable/distributed.html#shutdown (function operator())
[rank38]:[W820 00:38:19.870992700 ProcessGroupNCCL.cpp:1519] Warning: WARNING: destroy_process_group() was not called before program exit, which can leak resources. For more info, please see https://pytorch.org/docs/stable/distributed.html#shutdown (function operator())
[rank49]:[W820 00:38:19.421644630 ProcessGroupNCCL.cpp:1519] Warning: WARNING: destroy_process_group() was not called before program exit, which can leak resources. For more info, please see https://pytorch.org/docs/stable/distributed.html#shutdown (function operator())
[rank34]:[W820 00:38:19.894794035 ProcessGroupNCCL.cpp:1519] Warning: WARNING: destroy_process_group() was not called before program exit, which can leak resources. For more info, please see https://pytorch.org/docs/stable/distributed.html#shutdown (function operator())
[rank48]:[W820 00:38:19.465551377 ProcessGroupNCCL.cpp:1519] Warning: WARNING: destroy_process_group() was not called before program exit, which can leak resources. For more info, please see https://pytorch.org/docs/stable/distributed.html#shutdown (function operator())
[rank28]:[W820 00:38:19.504804731 ProcessGroup.cpp:367] Warning: At the time of process termination, there are still 1 unwaited collective calls. Please review your program to ensure that:
1. c10d_functional.wait_tensor() is invoked on all tensors returned from c10d_functional collective,
2. c10d_functional.wait_tensor() is invoked on all output tensors of async_op=True torch.distributed collective called under `with allow_inflight_collective_as_graph_input_ctx():`,
before the output tensors of the collective are used. (function ~WorkRegistry)
[rank42]:[W820 00:38:19.507292877 ProcessGroupNCCL.cpp:1519] Warning: WARNING: destroy_process_group() was not called before program exit, which can leak resources. For more info, please see https://pytorch.org/docs/stable/distributed.html#shutdown (function operator())
[rank45]:[W820 00:38:19.511406586 ProcessGroupNCCL.cpp:1519] Warning: WARNING: destroy_process_group() was not called before program exit, which can leak resources. For more info, please see https://pytorch.org/docs/stable/distributed.html#shutdown (function operator())
[rank24]:[W820 00:38:19.521903202 ProcessGroup.cpp:367] Warning: At the time of process termination, there are still 1 unwaited collective calls. Please review your program to ensure that:
1. c10d_functional.wait_tensor() is invoked on all tensors returned from c10d_functional collective,
2. c10d_functional.wait_tensor() is invoked on all output tensors of async_op=True torch.distributed collective called under `with allow_inflight_collective_as_graph_input_ctx():`,
before the output tensors of the collective are used. (function ~WorkRegistry)
[rank27]:[W820 00:38:19.533781252 ProcessGroup.cpp:367] Warning: At the time of process termination, there are still 1 unwaited collective calls. Please review your program to ensure that:
1. c10d_functional.wait_tensor() is invoked on all tensors returned from c10d_functional collective,
2. c10d_functional.wait_tensor() is invoked on all output tensors of async_op=True torch.distributed collective called under `with allow_inflight_collective_as_graph_input_ctx():`,
before the output tensors of the collective are used. (function ~WorkRegistry)
[rank39]:[W820 00:38:19.986648693 ProcessGroupNCCL.cpp:1519] Warning: WARNING: destroy_process_group() was not called before program exit, which can leak resources. For more info, please see https://pytorch.org/docs/stable/distributed.html#shutdown (function operator())
[rank54]:[W820 00:38:19.537344794 ProcessGroupNCCL.cpp:1519] Warning: WARNING: destroy_process_group() was not called before program exit, which can leak resources. For more info, please see https://pytorch.org/docs/stable/distributed.html#shutdown (function operator())
[rank53]:[W820 00:38:19.572015670 ProcessGroupNCCL.cpp:1519] Warning: WARNING: destroy_process_group() was not called before program exit, which can leak resources. For more info, please see https://pytorch.org/docs/stable/distributed.html#shutdown (function operator())
[rank52]:[W820 00:38:19.573082651 ProcessGroupNCCL.cpp:1519] Warning: WARNING: destroy_process_group() was not called before program exit, which can leak resources. For more info, please see https://pytorch.org/docs/stable/distributed.html#shutdown (function operator())
[rank30]:[W820 00:38:19.589976280 ProcessGroup.cpp:367] Warning: At the time of process termination, there are still 1 unwaited collective calls. Please review your program to ensure that:
1. c10d_functional.wait_tensor() is invoked on all tensors returned from c10d_functional collective,
2. c10d_functional.wait_tensor() is invoked on all output tensors of async_op=True torch.distributed collective called under `with allow_inflight_collective_as_graph_input_ctx():`,
before the output tensors of the collective are used. (function ~WorkRegistry)
[rank1]:[W820 00:38:19.632544310 ProcessGroup.cpp:367] Warning: At the time of process termination, there are still 1 unwaited collective calls. Please review your program to ensure that:
1. c10d_functional.wait_tensor() is invoked on all tensors returned from c10d_functional collective,
2. c10d_functional.wait_tensor() is invoked on all output tensors of async_op=True torch.distributed collective called under `with allow_inflight_collective_as_graph_input_ctx():`,
before the output tensors of the collective are used. (function ~WorkRegistry)
[rank5]:[W820 00:38:19.657943943 ProcessGroup.cpp:367] Warning: At the time of process termination, there are still 1 unwaited collective calls. Please review your program to ensure that:
1. c10d_functional.wait_tensor() is invoked on all tensors returned from c10d_functional collective,
2. c10d_functional.wait_tensor() is invoked on all output tensors of async_op=True torch.distributed collective called under `with allow_inflight_collective_as_graph_input_ctx():`,
before the output tensors of the collective are used. (function ~WorkRegistry)
[rank6]:[W820 00:38:19.658094663 ProcessGroup.cpp:367] Warning: At the time of process termination, there are still 1 unwaited collective calls. Please review your program to ensure that:
1. c10d_functional.wait_tensor() is invoked on all tensors returned from c10d_functional collective,
2. c10d_functional.wait_tensor() is invoked on all output tensors of async_op=True torch.distributed collective called under `with allow_inflight_collective_as_graph_input_ctx():`,
before the output tensors of the collective are used. (function ~WorkRegistry)
[rank4]:[W820 00:38:19.663487367 ProcessGroup.cpp:367] Warning: At the time of process termination, there are still 1 unwaited collective calls. Please review your program to ensure that:
1. c10d_functional.wait_tensor() is invoked on all tensors returned from c10d_functional collective,
2. c10d_functional.wait_tensor() is invoked on all output tensors of async_op=True torch.distributed collective called under `with allow_inflight_collective_as_graph_input_ctx():`,
before the output tensors of the collective are used. (function ~WorkRegistry)
[rank2]:[W820 00:38:19.683891751 ProcessGroup.cpp:367] Warning: At the time of process termination, there are still 1 unwaited collective calls. Please review your program to ensure that:
1. c10d_functional.wait_tensor() is invoked on all tensors returned from c10d_functional collective,
2. c10d_functional.wait_tensor() is invoked on all output tensors of async_op=True torch.distributed collective called under `with allow_inflight_collective_as_graph_input_ctx():`,
before the output tensors of the collective are used. (function ~WorkRegistry)
[rank26]:[W820 00:38:19.679737096 ProcessGroup.cpp:367] Warning: At the time of process termination, there are still 1 unwaited collective calls. Please review your program to ensure that:
1. c10d_functional.wait_tensor() is invoked on all tensors returned from c10d_functional collective,
2. c10d_functional.wait_tensor() is invoked on all output tensors of async_op=True torch.distributed collective called under `with allow_inflight_collective_as_graph_input_ctx():`,
before the output tensors of the collective are used. (function ~WorkRegistry)
[rank0]:[W820 00:38:19.744567671 ProcessGroup.cpp:367] Warning: At the time of process termination, there are still 1 unwaited collective calls. Please review your program to ensure that:
1. c10d_functional.wait_tensor() is invoked on all tensors returned from c10d_functional collective,
2. c10d_functional.wait_tensor() is invoked on all output tensors of async_op=True torch.distributed collective called under `with allow_inflight_collective_as_graph_input_ctx():`,
before the output tensors of the collective are used. (function ~WorkRegistry)
[rank7]:[W820 00:38:19.766605368 ProcessGroup.cpp:367] Warning: At the time of process termination, there are still 1 unwaited collective calls. Please review your program to ensure that:
1. c10d_functional.wait_tensor() is invoked on all tensors returned from c10d_functional collective,
2. c10d_functional.wait_tensor() is invoked on all output tensors of async_op=True torch.distributed collective called under `with allow_inflight_collective_as_graph_input_ctx():`,
before the output tensors of the collective are used. (function ~WorkRegistry)
[rank29]:[W820 00:38:19.790753939 ProcessGroup.cpp:367] Warning: At the time of process termination, there are still 1 unwaited collective calls. Please review your program to ensure that:
1. c10d_functional.wait_tensor() is invoked on all tensors returned from c10d_functional collective,
2. c10d_functional.wait_tensor() is invoked on all output tensors of async_op=True torch.distributed collective called under `with allow_inflight_collective_as_graph_input_ctx():`,
before the output tensors of the collective are used. (function ~WorkRegistry)
[rank25]:[W820 00:38:19.805998147 ProcessGroup.cpp:367] Warning: At the time of process termination, there are still 1 unwaited collective calls. Please review your program to ensure that:
1. c10d_functional.wait_tensor() is invoked on all tensors returned from c10d_functional collective,
2. c10d_functional.wait_tensor() is invoked on all output tensors of async_op=True torch.distributed collective called under `with allow_inflight_collective_as_graph_input_ctx():`,
before the output tensors of the collective are used. (function ~WorkRegistry)
[rank31]:[W820 00:38:19.913477709 ProcessGroup.cpp:367] Warning: At the time of process termination, there are still 1 unwaited collective calls. Please review your program to ensure that:
1. c10d_functional.wait_tensor() is invoked on all tensors returned from c10d_functional collective,
2. c10d_functional.wait_tensor() is invoked on all output tensors of async_op=True torch.distributed collective called under `with allow_inflight_collective_as_graph_input_ctx():`,
before the output tensors of the collective are used. (function ~WorkRegistry)
[rank3]:[W820 00:38:19.018462153 ProcessGroup.cpp:367] Warning: At the time of process termination, there are still 1 unwaited collective calls. Please review your program to ensure that:
1. c10d_functional.wait_tensor() is invoked on all tensors returned from c10d_functional collective,
2. c10d_functional.wait_tensor() is invoked on all output tensors of async_op=True torch.distributed collective called under `with allow_inflight_collective_as_graph_input_ctx():`,
before the output tensors of the collective are used. (function ~WorkRegistry)
W0820 00:38:19.987000 2827619 /storage/ice1/5/1/cman8/conda_env/chakra_fx/lib/python3.13/site-packages/torch/distributed/elastic/multiprocessing/api.py:908] Sending process 2827697 closing signal SIGTERM
W0820 00:38:19.988000 2827619 /storage/ice1/5/1/cman8/conda_env/chakra_fx/lib/python3.13/site-packages/torch/distributed/elastic/multiprocessing/api.py:908] Sending process 2827698 closing signal SIGTERM
W0820 00:38:19.988000 2827619 /storage/ice1/5/1/cman8/conda_env/chakra_fx/lib/python3.13/site-packages/torch/distributed/elastic/multiprocessing/api.py:908] Sending process 2827699 closing signal SIGTERM
W0820 00:38:19.989000 2827619 /storage/ice1/5/1/cman8/conda_env/chakra_fx/lib/python3.13/site-packages/torch/distributed/elastic/multiprocessing/api.py:908] Sending process 2827700 closing signal SIGTERM
W0820 00:38:19.989000 2827619 /storage/ice1/5/1/cman8/conda_env/chakra_fx/lib/python3.13/site-packages/torch/distributed/elastic/multiprocessing/api.py:908] Sending process 2827701 closing signal SIGTERM
W0820 00:38:19.989000 2827619 /storage/ice1/5/1/cman8/conda_env/chakra_fx/lib/python3.13/site-packages/torch/distributed/elastic/multiprocessing/api.py:908] Sending process 2827702 closing signal SIGTERM
W0820 00:38:19.990000 2827619 /storage/ice1/5/1/cman8/conda_env/chakra_fx/lib/python3.13/site-packages/torch/distributed/elastic/multiprocessing/api.py:908] Sending process 2827703 closing signal SIGTERM
W0820 00:38:20.382000 1426016 /storage/ice1/5/1/cman8/conda_env/chakra_fx/lib/python3.13/site-packages/torch/distributed/elastic/multiprocessing/api.py:908] Sending process 1426094 closing signal SIGTERM
W0820 00:38:20.382000 1426016 /storage/ice1/5/1/cman8/conda_env/chakra_fx/lib/python3.13/site-packages/torch/distributed/elastic/multiprocessing/api.py:908] Sending process 1426095 closing signal SIGTERM
W0820 00:38:20.383000 1426016 /storage/ice1/5/1/cman8/conda_env/chakra_fx/lib/python3.13/site-packages/torch/distributed/elastic/multiprocessing/api.py:908] Sending process 1426096 closing signal SIGTERM
W0820 00:38:20.383000 1426016 /storage/ice1/5/1/cman8/conda_env/chakra_fx/lib/python3.13/site-packages/torch/distributed/elastic/multiprocessing/api.py:908] Sending process 1426097 closing signal SIGTERM
W0820 00:38:20.384000 1426016 /storage/ice1/5/1/cman8/conda_env/chakra_fx/lib/python3.13/site-packages/torch/distributed/elastic/multiprocessing/api.py:908] Sending process 1426098 closing signal SIGTERM
W0820 00:38:20.384000 1426016 /storage/ice1/5/1/cman8/conda_env/chakra_fx/lib/python3.13/site-packages/torch/distributed/elastic/multiprocessing/api.py:908] Sending process 1426099 closing signal SIGTERM
W0820 00:38:20.384000 1426016 /storage/ice1/5/1/cman8/conda_env/chakra_fx/lib/python3.13/site-packages/torch/distributed/elastic/multiprocessing/api.py:908] Sending process 1426100 closing signal SIGTERM
[rank36]:[W820 00:38:20.937810167 ProcessGroup.cpp:367] Warning: At the time of process termination, there are still 1 unwaited collective calls. Please review your program to ensure that:
1. c10d_functional.wait_tensor() is invoked on all tensors returned from c10d_functional collective,
2. c10d_functional.wait_tensor() is invoked on all output tensors of async_op=True torch.distributed collective called under `with allow_inflight_collective_as_graph_input_ctx():`,
before the output tensors of the collective are used. (function ~WorkRegistry)
[rank44]:[W820 00:38:20.502586197 ProcessGroup.cpp:367] Warning: At the time of process termination, there are still 1 unwaited collective calls. Please review your program to ensure that:
1. c10d_functional.wait_tensor() is invoked on all tensors returned from c10d_functional collective,
2. c10d_functional.wait_tensor() is invoked on all output tensors of async_op=True torch.distributed collective called under `with allow_inflight_collective_as_graph_input_ctx():`,
before the output tensors of the collective are used. (function ~WorkRegistry)
[rank50]:[W820 00:38:20.602454831 ProcessGroup.cpp:367] Warning: At the time of process termination, there are still 1 unwaited collective calls. Please review your program to ensure that:
1. c10d_functional.wait_tensor() is invoked on all tensors returned from c10d_functional collective,
2. c10d_functional.wait_tensor() is invoked on all output tensors of async_op=True torch.distributed collective called under `with allow_inflight_collective_as_graph_input_ctx():`,
before the output tensors of the collective are used. (function ~WorkRegistry)
[rank51]:[W820 00:38:20.638162170 ProcessGroup.cpp:367] Warning: At the time of process termination, there are still 1 unwaited collective calls. Please review your program to ensure that:
1. c10d_functional.wait_tensor() is invoked on all tensors returned from c10d_functional collective,
2. c10d_functional.wait_tensor() is invoked on all output tensors of async_op=True torch.distributed collective called under `with allow_inflight_collective_as_graph_input_ctx():`,
before the output tensors of the collective are used. (function ~WorkRegistry)
[rank58]:[W820 00:38:20.454703675 ProcessGroup.cpp:367] Warning: At the time of process termination, there are still 1 unwaited collective calls. Please review your program to ensure that:
1. c10d_functional.wait_tensor() is invoked on all tensors returned from c10d_functional collective,
2. c10d_functional.wait_tensor() is invoked on all output tensors of async_op=True torch.distributed collective called under `with allow_inflight_collective_as_graph_input_ctx():`,
before the output tensors of the collective are used. (function ~WorkRegistry)
[rank38]:[W820 00:38:20.104364782 ProcessGroup.cpp:367] Warning: At the time of process termination, there are still 1 unwaited collective calls. Please review your program to ensure that:
1. c10d_functional.wait_tensor() is invoked on all tensors returned from c10d_functional collective,
2. c10d_functional.wait_tensor() is invoked on all output tensors of async_op=True torch.distributed collective called under `with allow_inflight_collective_as_graph_input_ctx():`,
before the output tensors of the collective are used. (function ~WorkRegistry)
[rank41]:[W820 00:38:20.681380315 ProcessGroup.cpp:367] Warning: At the time of process termination, there are still 1 unwaited collective calls. Please review your program to ensure that:
1. c10d_functional.wait_tensor() is invoked on all tensors returned from c10d_functional collective,
2. c10d_functional.wait_tensor() is invoked on all output tensors of async_op=True torch.distributed collective called under `with allow_inflight_collective_as_graph_input_ctx():`,
before the output tensors of the collective are used. (function ~WorkRegistry)
[rank43]:[W820 00:38:20.681819083 ProcessGroup.cpp:367] Warning: At the time of process termination, there are still 1 unwaited collective calls. Please review your program to ensure that:
1. c10d_functional.wait_tensor() is invoked on all tensors returned from c10d_functional collective,
2. c10d_functional.wait_tensor() is invoked on all output tensors of async_op=True torch.distributed collective called under `with allow_inflight_collective_as_graph_input_ctx():`,
before the output tensors of the collective are used. (function ~WorkRegistry)
[rank49]:[W820 00:38:20.690087198 ProcessGroup.cpp:367] Warning: At the time of process termination, there are still 1 unwaited collective calls. Please review your program to ensure that:
1. c10d_functional.wait_tensor() is invoked on all tensors returned from c10d_functional collective,
2. c10d_functional.wait_tensor() is invoked on all output tensors of async_op=True torch.distributed collective called under `with allow_inflight_collective_as_graph_input_ctx():`,
before the output tensors of the collective are used. (function ~WorkRegistry)
[rank55]:[W820 00:38:20.692488034 ProcessGroup.cpp:367] Warning: At the time of process termination, there are still 1 unwaited collective calls. Please review your program to ensure that:
1. c10d_functional.wait_tensor() is invoked on all tensors returned from c10d_functional collective,
2. c10d_functional.wait_tensor() is invoked on all output tensors of async_op=True torch.distributed collective called under `with allow_inflight_collective_as_graph_input_ctx():`,
before the output tensors of the collective are used. (function ~WorkRegistry)
[rank35]:[W820 00:38:20.144190463 ProcessGroup.cpp:367] Warning: At the time of process termination, there are still 1 unwaited collective calls. Please review your program to ensure that:
1. c10d_functional.wait_tensor() is invoked on all tensors returned from c10d_functional collective,
2. c10d_functional.wait_tensor() is invoked on all output tensors of async_op=True torch.distributed collective called under `with allow_inflight_collective_as_graph_input_ctx():`,
before the output tensors of the collective are used. (function ~WorkRegistry)
[rank32]:[W820 00:38:20.144790572 ProcessGroup.cpp:367] Warning: At the time of process termination, there are still 1 unwaited collective calls. Please review your program to ensure that:
1. c10d_functional.wait_tensor() is invoked on all tensors returned from c10d_functional collective,
2. c10d_functional.wait_tensor() is invoked on all output tensors of async_op=True torch.distributed collective called under `with allow_inflight_collective_as_graph_input_ctx():`,
before the output tensors of the collective are used. (function ~WorkRegistry)
[rank33]:[W820 00:38:20.145315533 ProcessGroup.cpp:367] Warning: At the time of process termination, there are still 1 unwaited collective calls. Please review your program to ensure that:
1. c10d_functional.wait_tensor() is invoked on all tensors returned from c10d_functional collective,
2. c10d_functional.wait_tensor() is invoked on all output tensors of async_op=True torch.distributed collective called under `with allow_inflight_collective_as_graph_input_ctx():`,
before the output tensors of the collective are used. (function ~WorkRegistry)
[rank40]:[W820 00:38:20.703239075 ProcessGroup.cpp:367] Warning: At the time of process termination, there are still 1 unwaited collective calls. Please review your program to ensure that:
1. c10d_functional.wait_tensor() is invoked on all tensors returned from c10d_functional collective,
2. c10d_functional.wait_tensor() is invoked on all output tensors of async_op=True torch.distributed collective called under `with allow_inflight_collective_as_graph_input_ctx():`,
before the output tensors of the collective are used. (function ~WorkRegistry)
[rank57]:[W820 00:38:20.523420864 ProcessGroup.cpp:367] Warning: At the time of process termination, there are still 1 unwaited collective calls. Please review your program to ensure that:
1. c10d_functional.wait_tensor() is invoked on all tensors returned from c10d_functional collective,
2. c10d_functional.wait_tensor() is invoked on all output tensors of async_op=True torch.distributed collective called under `with allow_inflight_collective_as_graph_input_ctx():`,
before the output tensors of the collective are used. (function ~WorkRegistry)
[rank47]:[W820 00:38:20.713950374 ProcessGroup.cpp:367] Warning: At the time of process termination, there are still 1 unwaited collective calls. Please review your program to ensure that:
1. c10d_functional.wait_tensor() is invoked on all tensors returned from c10d_functional collective,
2. c10d_functional.wait_tensor() is invoked on all output tensors of async_op=True torch.distributed collective called under `with allow_inflight_collective_as_graph_input_ctx():`,
before the output tensors of the collective are used. (function ~WorkRegistry)
[rank46]:[W820 00:38:20.744667740 ProcessGroup.cpp:367] Warning: At the time of process termination, there are still 1 unwaited collective calls. Please review your program to ensure that:
1. c10d_functional.wait_tensor() is invoked on all tensors returned from c10d_functional collective,
2. c10d_functional.wait_tensor() is invoked on all output tensors of async_op=True torch.distributed collective called under `with allow_inflight_collective_as_graph_input_ctx():`,
before the output tensors of the collective are used. (function ~WorkRegistry)
[rank59]:[W820 00:38:20.564137551 ProcessGroup.cpp:367] Warning: At the time of process termination, there are still 1 unwaited collective calls. Please review your program to ensure that:
1. c10d_functional.wait_tensor() is invoked on all tensors returned from c10d_functional collective,
2. c10d_functional.wait_tensor() is invoked on all output tensors of async_op=True torch.distributed collective called under `with allow_inflight_collective_as_graph_input_ctx():`,
before the output tensors of the collective are used. (function ~WorkRegistry)
[rank62]:[W820 00:38:20.564260193 ProcessGroup.cpp:367] Warning: At the time of process termination, there are still 1 unwaited collective calls. Please review your program to ensure that:
1. c10d_functional.wait_tensor() is invoked on all tensors returned from c10d_functional collective,
2. c10d_functional.wait_tensor() is invoked on all output tensors of async_op=True torch.distributed collective called under `with allow_inflight_collective_as_graph_input_ctx():`,
before the output tensors of the collective are used. (function ~WorkRegistry)
[rank61]:[W820 00:38:20.568180008 ProcessGroup.cpp:367] Warning: At the time of process termination, there are still 1 unwaited collective calls. Please review your program to ensure that:
1. c10d_functional.wait_tensor() is invoked on all tensors returned from c10d_functional collective,
2. c10d_functional.wait_tensor() is invoked on all output tensors of async_op=True torch.distributed collective called under `with allow_inflight_collective_as_graph_input_ctx():`,
before the output tensors of the collective are used. (function ~WorkRegistry)
[rank56]:[W820 00:38:20.576580554 ProcessGroup.cpp:367] Warning: At the time of process termination, there are still 1 unwaited collective calls. Please review your program to ensure that:
1. c10d_functional.wait_tensor() is invoked on all tensors returned from c10d_functional collective,
2. c10d_functional.wait_tensor() is invoked on all output tensors of async_op=True torch.distributed collective called under `with allow_inflight_collective_as_graph_input_ctx():`,
before the output tensors of the collective are used. (function ~WorkRegistry)
[rank37]:[W820 00:38:20.249953651 ProcessGroup.cpp:367] Warning: At the time of process termination, there are still 1 unwaited collective calls. Please review your program to ensure that:
1. c10d_functional.wait_tensor() is invoked on all tensors returned from c10d_functional collective,
2. c10d_functional.wait_tensor() is invoked on all output tensors of async_op=True torch.distributed collective called under `with allow_inflight_collective_as_graph_input_ctx():`,
before the output tensors of the collective are used. (function ~WorkRegistry)
[rank48]:[W820 00:38:20.811667949 ProcessGroup.cpp:367] Warning: At the time of process termination, there are still 1 unwaited collective calls. Please review your program to ensure that:
1. c10d_functional.wait_tensor() is invoked on all tensors returned from c10d_functional collective,
2. c10d_functional.wait_tensor() is invoked on all output tensors of async_op=True torch.distributed collective called under `with allow_inflight_collective_as_graph_input_ctx():`,
before the output tensors of the collective are used. (function ~WorkRegistry)
[rank63]:[W820 00:38:20.679549094 ProcessGroup.cpp:367] Warning: At the time of process termination, there are still 1 unwaited collective calls. Please review your program to ensure that:
1. c10d_functional.wait_tensor() is invoked on all tensors returned from c10d_functional collective,
2. c10d_functional.wait_tensor() is invoked on all output tensors of async_op=True torch.distributed collective called under `with allow_inflight_collective_as_graph_input_ctx():`,
before the output tensors of the collective are used. (function ~WorkRegistry)
[rank53]:[W820 00:38:20.880096217 ProcessGroup.cpp:367] Warning: At the time of process termination, there are still 1 unwaited collective calls. Please review your program to ensure that:
1. c10d_functional.wait_tensor() is invoked on all tensors returned from c10d_functional collective,
2. c10d_functional.wait_tensor() is invoked on all output tensors of async_op=True torch.distributed collective called under `with allow_inflight_collective_as_graph_input_ctx():`,
before the output tensors of the collective are used. (function ~WorkRegistry)
[rank54]:[W820 00:38:20.885933019 ProcessGroup.cpp:367] Warning: At the time of process termination, there are still 1 unwaited collective calls. Please review your program to ensure that:
1. c10d_functional.wait_tensor() is invoked on all tensors returned from c10d_functional collective,
2. c10d_functional.wait_tensor() is invoked on all output tensors of async_op=True torch.distributed collective called under `with allow_inflight_collective_as_graph_input_ctx():`,
before the output tensors of the collective are used. (function ~WorkRegistry)
W0820 00:38:20.885000 769111 /storage/ice1/5/1/cman8/conda_env/chakra_fx/lib/python3.13/site-packages/torch/distributed/elastic/multiprocessing/api.py:908] Sending process 769177 closing signal SIGTERM
W0820 00:38:20.886000 769111 /storage/ice1/5/1/cman8/conda_env/chakra_fx/lib/python3.13/site-packages/torch/distributed/elastic/multiprocessing/api.py:908] Sending process 769178 closing signal SIGTERM
W0820 00:38:20.886000 769111 /storage/ice1/5/1/cman8/conda_env/chakra_fx/lib/python3.13/site-packages/torch/distributed/elastic/multiprocessing/api.py:908] Sending process 769179 closing signal SIGTERM
W0820 00:38:20.887000 769111 /storage/ice1/5/1/cman8/conda_env/chakra_fx/lib/python3.13/site-packages/torch/distributed/elastic/multiprocessing/api.py:908] Sending process 769180 closing signal SIGTERM
W0820 00:38:20.887000 769111 /storage/ice1/5/1/cman8/conda_env/chakra_fx/lib/python3.13/site-packages/torch/distributed/elastic/multiprocessing/api.py:908] Sending process 769182 closing signal SIGTERM
W0820 00:38:20.887000 769111 /storage/ice1/5/1/cman8/conda_env/chakra_fx/lib/python3.13/site-packages/torch/distributed/elastic/multiprocessing/api.py:908] Sending process 769183 closing signal SIGTERM
W0820 00:38:20.888000 769111 /storage/ice1/5/1/cman8/conda_env/chakra_fx/lib/python3.13/site-packages/torch/distributed/elastic/multiprocessing/api.py:908] Sending process 769184 closing signal SIGTERM
W0820 00:38:20.986000 1403399 /storage/ice1/5/1/cman8/conda_env/chakra_fx/lib/python3.13/site-packages/torch/distributed/elastic/multiprocessing/api.py:908] Sending process 1403465 closing signal SIGTERM
W0820 00:38:20.986000 1403399 /storage/ice1/5/1/cman8/conda_env/chakra_fx/lib/python3.13/site-packages/torch/distributed/elastic/multiprocessing/api.py:908] Sending process 1403466 closing signal SIGTERM
W0820 00:38:20.987000 1403399 /storage/ice1/5/1/cman8/conda_env/chakra_fx/lib/python3.13/site-packages/torch/distributed/elastic/multiprocessing/api.py:908] Sending process 1403467 closing signal SIGTERM
W0820 00:38:20.987000 1403399 /storage/ice1/5/1/cman8/conda_env/chakra_fx/lib/python3.13/site-packages/torch/distributed/elastic/multiprocessing/api.py:908] Sending process 1403468 closing signal SIGTERM
W0820 00:38:20.988000 1403399 /storage/ice1/5/1/cman8/conda_env/chakra_fx/lib/python3.13/site-packages/torch/distributed/elastic/multiprocessing/api.py:908] Sending process 1403470 closing signal SIGTERM
W0820 00:38:20.988000 1403399 /storage/ice1/5/1/cman8/conda_env/chakra_fx/lib/python3.13/site-packages/torch/distributed/elastic/multiprocessing/api.py:908] Sending process 1403471 closing signal SIGTERM
W0820 00:38:20.989000 1403399 /storage/ice1/5/1/cman8/conda_env/chakra_fx/lib/python3.13/site-packages/torch/distributed/elastic/multiprocessing/api.py:908] Sending process 1403472 closing signal SIGTERM
[rank60]:[W820 00:38:20.826216606 ProcessGroup.cpp:367] Warning: At the time of process termination, there are still 1 unwaited collective calls. Please review your program to ensure that:
1. c10d_functional.wait_tensor() is invoked on all tensors returned from c10d_functional collective,
2. c10d_functional.wait_tensor() is invoked on all output tensors of async_op=True torch.distributed collective called under `with allow_inflight_collective_as_graph_input_ctx():`,
before the output tensors of the collective are used. (function ~WorkRegistry)
W0820 00:38:21.085000 1001491 /storage/ice1/5/1/cman8/conda_env/chakra_fx/lib/python3.13/site-packages/torch/distributed/elastic/multiprocessing/api.py:908] Sending process 1001569 closing signal SIGTERM
W0820 00:38:21.086000 1001491 /storage/ice1/5/1/cman8/conda_env/chakra_fx/lib/python3.13/site-packages/torch/distributed/elastic/multiprocessing/api.py:908] Sending process 1001570 closing signal SIGTERM
W0820 00:38:21.086000 1001491 /storage/ice1/5/1/cman8/conda_env/chakra_fx/lib/python3.13/site-packages/torch/distributed/elastic/multiprocessing/api.py:908] Sending process 1001572 closing signal SIGTERM
W0820 00:38:21.087000 1001491 /storage/ice1/5/1/cman8/conda_env/chakra_fx/lib/python3.13/site-packages/torch/distributed/elastic/multiprocessing/api.py:908] Sending process 1001573 closing signal SIGTERM
W0820 00:38:21.087000 1001491 /storage/ice1/5/1/cman8/conda_env/chakra_fx/lib/python3.13/site-packages/torch/distributed/elastic/multiprocessing/api.py:908] Sending process 1001574 closing signal SIGTERM
W0820 00:38:21.087000 1001491 /storage/ice1/5/1/cman8/conda_env/chakra_fx/lib/python3.13/site-packages/torch/distributed/elastic/multiprocessing/api.py:908] Sending process 1001575 closing signal SIGTERM
W0820 00:38:21.088000 1001491 /storage/ice1/5/1/cman8/conda_env/chakra_fx/lib/python3.13/site-packages/torch/distributed/elastic/multiprocessing/api.py:908] Sending process 1001576 closing signal SIGTERM
[rank52]:[W820 00:38:21.131511416 ProcessGroup.cpp:367] Warning: At the time of process termination, there are still 1 unwaited collective calls. Please review your program to ensure that:
1. c10d_functional.wait_tensor() is invoked on all tensors returned from c10d_functional collective,
2. c10d_functional.wait_tensor() is invoked on all output tensors of async_op=True torch.distributed collective called under `with allow_inflight_collective_as_graph_input_ctx():`,
before the output tensors of the collective are used. (function ~WorkRegistry)
[rank13]:[W820 00:38:21.589137804 ProcessGroup.cpp:367] Warning: At the time of process termination, there are still 1 unwaited collective calls. Please review your program to ensure that:
1. c10d_functional.wait_tensor() is invoked on all tensors returned from c10d_functional collective,
2. c10d_functional.wait_tensor() is invoked on all output tensors of async_op=True torch.distributed collective called under `with allow_inflight_collective_as_graph_input_ctx():`,
before the output tensors of the collective are used. (function ~WorkRegistry)
[rank8]:[W820 00:38:21.589985252 ProcessGroup.cpp:367] Warning: At the time of process termination, there are still 1 unwaited collective calls. Please review your program to ensure that:
1. c10d_functional.wait_tensor() is invoked on all tensors returned from c10d_functional collective,
2. c10d_functional.wait_tensor() is invoked on all output tensors of async_op=True torch.distributed collective called under `with allow_inflight_collective_as_graph_input_ctx():`,
before the output tensors of the collective are used. (function ~WorkRegistry)
[rank9]:[W820 00:38:21.609438421 ProcessGroup.cpp:367] Warning: At the time of process termination, there are still 1 unwaited collective calls. Please review your program to ensure that:
1. c10d_functional.wait_tensor() is invoked on all tensors returned from c10d_functional collective,
2. c10d_functional.wait_tensor() is invoked on all output tensors of async_op=True torch.distributed collective called under `with allow_inflight_collective_as_graph_input_ctx():`,
before the output tensors of the collective are used. (function ~WorkRegistry)
[rank11]:[W820 00:38:21.611091686 ProcessGroup.cpp:367] Warning: At the time of process termination, there are still 1 unwaited collective calls. Please review your program to ensure that:
1. c10d_functional.wait_tensor() is invoked on all tensors returned from c10d_functional collective,
2. c10d_functional.wait_tensor() is invoked on all output tensors of async_op=True torch.distributed collective called under `with allow_inflight_collective_as_graph_input_ctx():`,
before the output tensors of the collective are used. (function ~WorkRegistry)
[rank12]:[W820 00:38:21.611990212 ProcessGroup.cpp:367] Warning: At the time of process termination, there are still 1 unwaited collective calls. Please review your program to ensure that:
1. c10d_functional.wait_tensor() is invoked on all tensors returned from c10d_functional collective,
2. c10d_functional.wait_tensor() is invoked on all output tensors of async_op=True torch.distributed collective called under `with allow_inflight_collective_as_graph_input_ctx():`,
before the output tensors of the collective are used. (function ~WorkRegistry)
[rank10]:[W820 00:38:21.613684270 ProcessGroup.cpp:367] Warning: At the time of process termination, there are still 1 unwaited collective calls. Please review your program to ensure that:
1. c10d_functional.wait_tensor() is invoked on all tensors returned from c10d_functional collective,
2. c10d_functional.wait_tensor() is invoked on all output tensors of async_op=True torch.distributed collective called under `with allow_inflight_collective_as_graph_input_ctx():`,
before the output tensors of the collective are used. (function ~WorkRegistry)
W0820 00:38:21.185000 994209 /storage/ice1/5/1/cman8/conda_env/chakra_fx/lib/python3.13/site-packages/torch/distributed/elastic/multiprocessing/api.py:908] Sending process 994274 closing signal SIGTERM
W0820 00:38:21.186000 994209 /storage/ice1/5/1/cman8/conda_env/chakra_fx/lib/python3.13/site-packages/torch/distributed/elastic/multiprocessing/api.py:908] Sending process 994275 closing signal SIGTERM
W0820 00:38:21.186000 994209 /storage/ice1/5/1/cman8/conda_env/chakra_fx/lib/python3.13/site-packages/torch/distributed/elastic/multiprocessing/api.py:908] Sending process 994277 closing signal SIGTERM
W0820 00:38:21.187000 994209 /storage/ice1/5/1/cman8/conda_env/chakra_fx/lib/python3.13/site-packages/torch/distributed/elastic/multiprocessing/api.py:908] Sending process 994278 closing signal SIGTERM
W0820 00:38:21.187000 994209 /storage/ice1/5/1/cman8/conda_env/chakra_fx/lib/python3.13/site-packages/torch/distributed/elastic/multiprocessing/api.py:908] Sending process 994279 closing signal SIGTERM
W0820 00:38:21.188000 994209 /storage/ice1/5/1/cman8/conda_env/chakra_fx/lib/python3.13/site-packages/torch/distributed/elastic/multiprocessing/api.py:908] Sending process 994280 closing signal SIGTERM
W0820 00:38:21.188000 994209 /storage/ice1/5/1/cman8/conda_env/chakra_fx/lib/python3.13/site-packages/torch/distributed/elastic/multiprocessing/api.py:908] Sending process 994281 closing signal SIGTERM
E0820 00:38:21.218000 2827619 /storage/ice1/5/1/cman8/conda_env/chakra_fx/lib/python3.13/site-packages/torch/distributed/elastic/multiprocessing/api.py:882] failed (exitcode: 1) local_rank: 0 (pid: 2827696) of binary: /home/hice1/cman8/conda_env/chakra_fx/bin/python
Traceback (most recent call last):
  File "/home/hice1/cman8/conda_env/chakra_fx/bin/torchrun", line 8, in <module>
    sys.exit(main())
             ~~~~^^
  File "/home/hice1/cman8/conda_env/chakra_fx/lib/python3.13/site-packages/torch/distributed/elastic/multiprocessing/errors/__init__.py", line 357, in wrapper
    return f(*args, **kwargs)
  File "/home/hice1/cman8/conda_env/chakra_fx/lib/python3.13/site-packages/torch/distributed/run.py", line 936, in main
    run(args)
    ~~~^^^^^^
  File "/home/hice1/cman8/conda_env/chakra_fx/lib/python3.13/site-packages/torch/distributed/run.py", line 927, in run
    elastic_launch(
    ~~~~~~~~~~~~~~~
        config=config,
        ~~~~~~~~~~~~~~
        entrypoint=cmd,
        ~~~~~~~~~~~~~~~
    )(*cmd_args)
    ~^^^^^^^^^^^
  File "/home/hice1/cman8/conda_env/chakra_fx/lib/python3.13/site-packages/torch/distributed/launcher/api.py", line 159, in __call__
    return launch_agent(self._config, self._entrypoint, list(args))
  File "/home/hice1/cman8/conda_env/chakra_fx/lib/python3.13/site-packages/torch/distributed/launcher/api.py", line 296, in launch_agent
    raise ChildFailedError(
    ...<2 lines>...
    )
torch.distributed.elastic.multiprocessing.errors.ChildFailedError: 
============================================================
profile_fxgraph.py FAILED
------------------------------------------------------------
Failures:
  <NO_OTHER_FAILURES>
------------------------------------------------------------
Root Cause (first observed failure):
[0]:
  time      : 2025-08-20_00:38:19
  host      : atl1-1-03-011-8-0.pace.gatech.edu
  rank      : 24 (local_rank: 0)
  exitcode  : 1 (pid: 2827696)
  error_file: <N/A>
  traceback : To enable traceback see: https://pytorch.org/docs/stable/elastic/errors.html
============================================================
[rank15]:[W820 00:38:21.690807768 ProcessGroup.cpp:367] Warning: At the time of process termination, there are still 1 unwaited collective calls. Please review your program to ensure that:
1. c10d_functional.wait_tensor() is invoked on all tensors returned from c10d_functional collective,
2. c10d_functional.wait_tensor() is invoked on all output tensors of async_op=True torch.distributed collective called under `with allow_inflight_collective_as_graph_input_ctx():`,
before the output tensors of the collective are used. (function ~WorkRegistry)
E0820 00:38:21.426000 1426016 /storage/ice1/5/1/cman8/conda_env/chakra_fx/lib/python3.13/site-packages/torch/distributed/elastic/multiprocessing/api.py:882] failed (exitcode: 1) local_rank: 0 (pid: 1426093) of binary: /home/hice1/cman8/conda_env/chakra_fx/bin/python
Traceback (most recent call last):
  File "/home/hice1/cman8/conda_env/chakra_fx/bin/torchrun", line 8, in <module>
    sys.exit(main())
             ~~~~^^
  File "/home/hice1/cman8/conda_env/chakra_fx/lib/python3.13/site-packages/torch/distributed/elastic/multiprocessing/errors/__init__.py", line 357, in wrapper
    return f(*args, **kwargs)
  File "/home/hice1/cman8/conda_env/chakra_fx/lib/python3.13/site-packages/torch/distributed/run.py", line 936, in main
    run(args)
    ~~~^^^^^^
  File "/home/hice1/cman8/conda_env/chakra_fx/lib/python3.13/site-packages/torch/distributed/run.py", line 927, in run
    elastic_launch(
    ~~~~~~~~~~~~~~~
        config=config,
        ~~~~~~~~~~~~~~
        entrypoint=cmd,
        ~~~~~~~~~~~~~~~
    )(*cmd_args)
    ~^^^^^^^^^^^
  File "/home/hice1/cman8/conda_env/chakra_fx/lib/python3.13/site-packages/torch/distributed/launcher/api.py", line 159, in __call__
    return launch_agent(self._config, self._entrypoint, list(args))
  File "/home/hice1/cman8/conda_env/chakra_fx/lib/python3.13/site-packages/torch/distributed/launcher/api.py", line 296, in launch_agent
    raise ChildFailedError(
    ...<2 lines>...
    )
torch.distributed.elastic.multiprocessing.errors.ChildFailedError: 
============================================================
profile_fxgraph.py FAILED
------------------------------------------------------------
Failures:
  <NO_OTHER_FAILURES>
------------------------------------------------------------
Root Cause (first observed failure):
[0]:
  time      : 2025-08-20_00:38:20
  host      : atl1-1-03-010-30-0.pace.gatech.edu
  rank      : 0 (local_rank: 0)
  exitcode  : 1 (pid: 1426093)
  error_file: <N/A>
  traceback : To enable traceback see: https://pytorch.org/docs/stable/elastic/errors.html
============================================================
[rank18]:[W820 00:38:21.719565514 ProcessGroup.cpp:367] Warning: At the time of process termination, there are still 1 unwaited collective calls. Please review your program to ensure that:
1. c10d_functional.wait_tensor() is invoked on all tensors returned from c10d_functional collective,
2. c10d_functional.wait_tensor() is invoked on all output tensors of async_op=True torch.distributed collective called under `with allow_inflight_collective_as_graph_input_ctx():`,
before the output tensors of the collective are used. (function ~WorkRegistry)
[rank20]:[W820 00:38:21.719667976 ProcessGroup.cpp:367] Warning: At the time of process termination, there are still 1 unwaited collective calls. Please review your program to ensure that:
1. c10d_functional.wait_tensor() is invoked on all tensors returned from c10d_functional collective,
2. c10d_functional.wait_tensor() is invoked on all output tensors of async_op=True torch.distributed collective called under `with allow_inflight_collective_as_graph_input_ctx():`,
before the output tensors of the collective are used. (function ~WorkRegistry)
[rank22]:[W820 00:38:21.719886003 ProcessGroup.cpp:367] Warning: At the time of process termination, there are still 1 unwaited collective calls. Please review your program to ensure that:
1. c10d_functional.wait_tensor() is invoked on all tensors returned from c10d_functional collective,
2. c10d_functional.wait_tensor() is invoked on all output tensors of async_op=True torch.distributed collective called under `with allow_inflight_collective_as_graph_input_ctx():`,
before the output tensors of the collective are used. (function ~WorkRegistry)
[rank21]:[W820 00:38:21.719991282 ProcessGroup.cpp:367] Warning: At the time of process termination, there are still 1 unwaited collective calls. Please review your program to ensure that:
1. c10d_functional.wait_tensor() is invoked on all tensors returned from c10d_functional collective,
2. c10d_functional.wait_tensor() is invoked on all output tensors of async_op=True torch.distributed collective called under `with allow_inflight_collective_as_graph_input_ctx():`,
before the output tensors of the collective are used. (function ~WorkRegistry)
[rank16]:[W820 00:38:21.722821805 ProcessGroup.cpp:367] Warning: At the time of process termination, there are still 1 unwaited collective calls. Please review your program to ensure that:
1. c10d_functional.wait_tensor() is invoked on all tensors returned from c10d_functional collective,
2. c10d_functional.wait_tensor() is invoked on all output tensors of async_op=True torch.distributed collective called under `with allow_inflight_collective_as_graph_input_ctx():`,
before the output tensors of the collective are used. (function ~WorkRegistry)
[rank23]:[W820 00:38:21.722851543 ProcessGroup.cpp:367] Warning: At the time of process termination, there are still 1 unwaited collective calls. Please review your program to ensure that:
1. c10d_functional.wait_tensor() is invoked on all tensors returned from c10d_functional collective,
2. c10d_functional.wait_tensor() is invoked on all output tensors of async_op=True torch.distributed collective called under `with allow_inflight_collective_as_graph_input_ctx():`,
before the output tensors of the collective are used. (function ~WorkRegistry)
[rank14]:[W820 00:38:21.042960093 ProcessGroup.cpp:367] Warning: At the time of process termination, there are still 1 unwaited collective calls. Please review your program to ensure that:
1. c10d_functional.wait_tensor() is invoked on all tensors returned from c10d_functional collective,
2. c10d_functional.wait_tensor() is invoked on all output tensors of async_op=True torch.distributed collective called under `with allow_inflight_collective_as_graph_input_ctx():`,
before the output tensors of the collective are used. (function ~WorkRegistry)
[rank19]:[W820 00:38:21.797412156 TCPStore.cpp:125] [c10d] recvValue failed on SocketImpl(fd=93, addr=[atl1-1-03-011-3-0.pace.gatech.edu]:50984, remote=[atl1-1-03-010-30-0.pace.gatech.edu]:43501): Failed to recv, got 0 bytes. Connection was likely closed. Did the remote server shutdown or crash?
Exception raised from recvBytes at /pytorch/torch/csrc/distributed/c10d/Utils.hpp:682 (most recent call first):
frame #0: c10::Error::Error(c10::SourceLocation, std::__cxx11::basic_string<char, std::char_traits<char>, std::allocator<char> >) + 0x80 (0x1554cd9a6c30 in /home/hice1/cman8/conda_env/chakra_fx/lib/python3.13/site-packages/torch/lib/libc10.so)
frame #1: <unknown function> + 0x5fe9451 (0x15552adc8451 in /home/hice1/cman8/conda_env/chakra_fx/lib/python3.13/site-packages/torch/lib/libtorch_cpu.so)
frame #2: <unknown function> + 0x5fea84d (0x15552adc984d in /home/hice1/cman8/conda_env/chakra_fx/lib/python3.13/site-packages/torch/lib/libtorch_cpu.so)
frame #3: <unknown function> + 0x5feb3fa (0x15552adca3fa in /home/hice1/cman8/conda_env/chakra_fx/lib/python3.13/site-packages/torch/lib/libtorch_cpu.so)
frame #4: c10d::TCPStore::check(std::vector<std::__cxx11::basic_string<char, std::char_traits<char>, std::allocator<char> >, std::allocator<std::__cxx11::basic_string<char, std::char_traits<char>, std::allocator<char> > > > const&) + 0x31e (0x15552adc511e in /home/hice1/cman8/conda_env/chakra_fx/lib/python3.13/site-packages/torch/lib/libtorch_cpu.so)
frame #5: c10d::ProcessGroupNCCL::HeartbeatMonitor::runLoop() + 0x3c8 (0x1554ce939148 in /home/hice1/cman8/conda_env/chakra_fx/lib/python3.13/site-packages/torch/lib/libtorch_cuda.so)
frame #6: <unknown function> + 0xdbbf4 (0x1554b2140bf4 in /storage/ice1/5/1/cman8/conda_env/chakra_fx/bin/../lib/libstdc++.so.6)
frame #7: <unknown function> + 0x897fa (0x1555552897fa in /lib64/libc.so.6)
frame #8: <unknown function> + 0x10e820 (0x15555530e820 in /lib64/libc.so.6)

[rank19]:[W820 00:38:21.817998859 ProcessGroupNCCL.cpp:1766] [PG ID 0 PG GUID 0 Rank 19] Failed to check the "should dump" flag on TCPStore, (maybe TCPStore server has shut down too early), with error: Failed to recv, got 0 bytes. Connection was likely closed. Did the remote server shutdown or crash?
srun: error: atl1-1-03-011-8-0: task 2: Exited with exit code 1
[rank17]:[W820 00:38:21.835770616 TCPStore.cpp:125] [c10d] recvValue failed on SocketImpl(fd=93, addr=[atl1-1-03-011-3-0.pace.gatech.edu]:50992, remote=[atl1-1-03-010-30-0.pace.gatech.edu]:43501): Failed to recv, got 0 bytes. Connection was likely closed. Did the remote server shutdown or crash?
Exception raised from recvBytes at /pytorch/torch/csrc/distributed/c10d/Utils.hpp:682 (most recent call first):
frame #0: c10::Error::Error(c10::SourceLocation, std::__cxx11::basic_string<char, std::char_traits<char>, std::allocator<char> >) + 0x80 (0x1554cd9a6c30 in /home/hice1/cman8/conda_env/chakra_fx/lib/python3.13/site-packages/torch/lib/libc10.so)
frame #1: <unknown function> + 0x5fe9451 (0x15552adc8451 in /home/hice1/cman8/conda_env/chakra_fx/lib/python3.13/site-packages/torch/lib/libtorch_cpu.so)
frame #2: <unknown function> + 0x5fea84d (0x15552adc984d in /home/hice1/cman8/conda_env/chakra_fx/lib/python3.13/site-packages/torch/lib/libtorch_cpu.so)
frame #3: <unknown function> + 0x5feb3fa (0x15552adca3fa in /home/hice1/cman8/conda_env/chakra_fx/lib/python3.13/site-packages/torch/lib/libtorch_cpu.so)
frame #4: c10d::TCPStore::check(std::vector<std::__cxx11::basic_string<char, std::char_traits<char>, std::allocator<char> >, std::allocator<std::__cxx11::basic_string<char, std::char_traits<char>, std::allocator<char> > > > const&) + 0x31e (0x15552adc511e in /home/hice1/cman8/conda_env/chakra_fx/lib/python3.13/site-packages/torch/lib/libtorch_cpu.so)
frame #5: c10d::ProcessGroupNCCL::HeartbeatMonitor::runLoop() + 0x3c8 (0x1554ce939148 in /home/hice1/cman8/conda_env/chakra_fx/lib/python3.13/site-packages/torch/lib/libtorch_cuda.so)
frame #6: <unknown function> + 0xdbbf4 (0x1554b2140bf4 in /storage/ice1/5/1/cman8/conda_env/chakra_fx/bin/../lib/libstdc++.so.6)
frame #7: <unknown function> + 0x897fa (0x1555552897fa in /lib64/libc.so.6)
frame #8: <unknown function> + 0x10e820 (0x15555530e820 in /lib64/libc.so.6)

[rank17]:[W820 00:38:21.839929473 ProcessGroupNCCL.cpp:1766] [PG ID 0 PG GUID 0 Rank 17] Failed to check the "should dump" flag on TCPStore, (maybe TCPStore server has shut down too early), with error: Failed to recv, got 0 bytes. Connection was likely closed. Did the remote server shutdown or crash?
W0820 00:38:21.783000 1035086 /storage/ice1/5/1/cman8/conda_env/chakra_fx/lib/python3.13/site-packages/torch/distributed/elastic/multiprocessing/api.py:908] Sending process 1035164 closing signal SIGTERM
W0820 00:38:21.784000 1035086 /storage/ice1/5/1/cman8/conda_env/chakra_fx/lib/python3.13/site-packages/torch/distributed/elastic/multiprocessing/api.py:908] Sending process 1035165 closing signal SIGTERM
W0820 00:38:21.785000 1035086 /storage/ice1/5/1/cman8/conda_env/chakra_fx/lib/python3.13/site-packages/torch/distributed/elastic/multiprocessing/api.py:908] Sending process 1035166 closing signal SIGTERM
W0820 00:38:21.785000 1035086 /storage/ice1/5/1/cman8/conda_env/chakra_fx/lib/python3.13/site-packages/torch/distributed/elastic/multiprocessing/api.py:908] Sending process 1035167 closing signal SIGTERM
W0820 00:38:21.785000 1035086 /storage/ice1/5/1/cman8/conda_env/chakra_fx/lib/python3.13/site-packages/torch/distributed/elastic/multiprocessing/api.py:908] Sending process 1035168 closing signal SIGTERM
W0820 00:38:21.786000 1035086 /storage/ice1/5/1/cman8/conda_env/chakra_fx/lib/python3.13/site-packages/torch/distributed/elastic/multiprocessing/api.py:908] Sending process 1035169 closing signal SIGTERM
W0820 00:38:21.786000 1035086 /storage/ice1/5/1/cman8/conda_env/chakra_fx/lib/python3.13/site-packages/torch/distributed/elastic/multiprocessing/api.py:908] Sending process 1035170 closing signal SIGTERM
srun: error: atl1-1-03-010-30-0: task 0: Exited with exit code 1
[rank17]:[W820 00:38:22.170294988 ProcessGroup.cpp:367] Warning: At the time of process termination, there are still 1 unwaited collective calls. Please review your program to ensure that:
1. c10d_functional.wait_tensor() is invoked on all tensors returned from c10d_functional collective,
2. c10d_functional.wait_tensor() is invoked on all output tensors of async_op=True torch.distributed collective called under `with allow_inflight_collective_as_graph_input_ctx():`,
before the output tensors of the collective are used. (function ~WorkRegistry)
[rank19]:[W820 00:38:22.215803179 ProcessGroup.cpp:367] Warning: At the time of process termination, there are still 1 unwaited collective calls. Please review your program to ensure that:
1. c10d_functional.wait_tensor() is invoked on all tensors returned from c10d_functional collective,
2. c10d_functional.wait_tensor() is invoked on all output tensors of async_op=True torch.distributed collective called under `with allow_inflight_collective_as_graph_input_ctx():`,
before the output tensors of the collective are used. (function ~WorkRegistry)
W0820 00:38:22.186000 1406037 /storage/ice1/5/1/cman8/conda_env/chakra_fx/lib/python3.13/site-packages/torch/distributed/elastic/multiprocessing/api.py:908] Sending process 1406115 closing signal SIGTERM
W0820 00:38:22.187000 1406037 /storage/ice1/5/1/cman8/conda_env/chakra_fx/lib/python3.13/site-packages/torch/distributed/elastic/multiprocessing/api.py:908] Sending process 1406116 closing signal SIGTERM
W0820 00:38:22.187000 1406037 /storage/ice1/5/1/cman8/conda_env/chakra_fx/lib/python3.13/site-packages/torch/distributed/elastic/multiprocessing/api.py:908] Sending process 1406117 closing signal SIGTERM
W0820 00:38:22.187000 1406037 /storage/ice1/5/1/cman8/conda_env/chakra_fx/lib/python3.13/site-packages/torch/distributed/elastic/multiprocessing/api.py:908] Sending process 1406118 closing signal SIGTERM
W0820 00:38:22.188000 1406037 /storage/ice1/5/1/cman8/conda_env/chakra_fx/lib/python3.13/site-packages/torch/distributed/elastic/multiprocessing/api.py:908] Sending process 1406119 closing signal SIGTERM
W0820 00:38:22.188000 1406037 /storage/ice1/5/1/cman8/conda_env/chakra_fx/lib/python3.13/site-packages/torch/distributed/elastic/multiprocessing/api.py:908] Sending process 1406120 closing signal SIGTERM
W0820 00:38:22.189000 1406037 /storage/ice1/5/1/cman8/conda_env/chakra_fx/lib/python3.13/site-packages/torch/distributed/elastic/multiprocessing/api.py:908] Sending process 1406121 closing signal SIGTERM
E0820 00:38:22.230000 769111 /storage/ice1/5/1/cman8/conda_env/chakra_fx/lib/python3.13/site-packages/torch/distributed/elastic/multiprocessing/api.py:882] failed (exitcode: 1) local_rank: 4 (pid: 769181) of binary: /home/hice1/cman8/conda_env/chakra_fx/bin/python
[W820 00:38:22.710796487 TCPStore.cpp:138] [c10d] recvValueWithTimeout failed on SocketImpl(fd=73, addr=[atl1-1-03-012-13-0.pace.gatech.edu]:39278, remote=[atl1-1-03-010-30-0.pace.gatech.edu]:27338): Failed to recv, got 0 bytes. Connection was likely closed. Did the remote server shutdown or crash?
Exception raised from recvBytes at /pytorch/torch/csrc/distributed/c10d/Utils.hpp:682 (most recent call first):
frame #0: c10::Error::Error(c10::SourceLocation, std::__cxx11::basic_string<char, std::char_traits<char>, std::allocator<char> >) + 0x80 (0x1554cd9a6c30 in /home/hice1/cman8/conda_env/chakra_fx/lib/python3.13/site-packages/torch/lib/libc10.so)
frame #1: <unknown function> + 0x5fe9451 (0x15552adc8451 in /home/hice1/cman8/conda_env/chakra_fx/lib/python3.13/site-packages/torch/lib/libtorch_cpu.so)
frame #2: <unknown function> + 0x5feaaad (0x15552adc9aad in /home/hice1/cman8/conda_env/chakra_fx/lib/python3.13/site-packages/torch/lib/libtorch_cpu.so)
frame #3: <unknown function> + 0x5feb169 (0x15552adca169 in /home/hice1/cman8/conda_env/chakra_fx/lib/python3.13/site-packages/torch/lib/libtorch_cpu.so)
frame #4: c10d::TCPStore::doWait(c10::ArrayRef<std::__cxx11::basic_string<char, std::char_traits<char>, std::allocator<char> > >, std::chrono::duration<long, std::ratio<1l, 1000l> >) + 0x1c6 (0x15552adc5416 in /home/hice1/cman8/conda_env/chakra_fx/lib/python3.13/site-packages/torch/lib/libtorch_cpu.so)
frame #5: c10d::TCPStore::doGet(std::__cxx11::basic_string<char, std::char_traits<char>, std::allocator<char> > const&) + 0x33 (0x15552adc6f63 in /home/hice1/cman8/conda_env/chakra_fx/lib/python3.13/site-packages/torch/lib/libtorch_cpu.so)
frame #6: c10d::TCPStore::get(std::__cxx11::basic_string<char, std::char_traits<char>, std::allocator<char> > const&) + 0x114 (0x15552adc8074 in /home/hice1/cman8/conda_env/chakra_fx/lib/python3.13/site-packages/torch/lib/libtorch_cpu.so)
frame #7: <unknown function> + 0xc70ce5 (0x15553a3c3ce5 in /home/hice1/cman8/conda_env/chakra_fx/lib/python3.13/site-packages/torch/lib/libtorch_python.so)
frame #8: <unknown function> + 0x384772 (0x155539ad7772 in /home/hice1/cman8/conda_env/chakra_fx/lib/python3.13/site-packages/torch/lib/libtorch_python.so)
frame #9: /home/hice1/cman8/conda_env/chakra_fx/bin/python() [0x59736d]
frame #10: _PyObject_MakeTpCall + 0x2c4 (0x55ada4 in /home/hice1/cman8/conda_env/chakra_fx/bin/python)
frame #11: /home/hice1/cman8/conda_env/chakra_fx/bin/python() [0x5eb968]
frame #12: _PyEval_EvalFrameDefault + 0x4e79 (0x5767c9 in /home/hice1/cman8/conda_env/chakra_fx/bin/python)
frame #13: /home/hice1/cman8/conda_env/chakra_fx/bin/python() [0x55d862]
frame #14: /home/hice1/cman8/conda_env/chakra_fx/bin/python() [0x6d5a0b]
frame #15: /home/hice1/cman8/conda_env/chakra_fx/bin/python() [0x694655]
frame #16: _PyEval_EvalFrameDefault + 0x4e79 (0x5767c9 in /home/hice1/cman8/conda_env/chakra_fx/bin/python)
frame #17: PyEval_EvalCode + 0x3b8 (0x68bcb8 in /home/hice1/cman8/conda_env/chakra_fx/bin/python)
frame #18: /home/hice1/cman8/conda_env/chakra_fx/bin/python() [0x62640e]
frame #19: /home/hice1/cman8/conda_env/chakra_fx/bin/python() [0x6c1e40]
frame #20: /home/hice1/cman8/conda_env/chakra_fx/bin/python() [0x6c1adb]
frame #21: /home/hice1/cman8/conda_env/chakra_fx/bin/python() [0x6c190b]
frame #22: Py_RunMain + 0x377 (0x6bff47 in /home/hice1/cman8/conda_env/chakra_fx/bin/python)
frame #23: Py_BytesMain + 0x39 (0x67fa99 in /home/hice1/cman8/conda_env/chakra_fx/bin/python)
frame #24: <unknown function> + 0x295d0 (0x1555552295d0 in /lib64/libc.so.6)
frame #25: __libc_start_main + 0x80 (0x155555229680 in /lib64/libc.so.6)
frame #26: /home/hice1/cman8/conda_env/chakra_fx/bin/python() [0x67ecd2]

W0820 00:38:22.271000 769111 /storage/ice1/5/1/cman8/conda_env/chakra_fx/lib/python3.13/site-packages/torch/distributed/elastic/rendezvous/dynamic_rendezvous.py:1292] The node 'atl1-1-03-012-13-0.pace.gatech.edu_769111_0' has failed to shutdown the rendezvous '2755338' due to an error of type RendezvousConnectionError.
Traceback (most recent call last):
  File "/home/hice1/cman8/conda_env/chakra_fx/bin/torchrun", line 8, in <module>
    sys.exit(main())
             ~~~~^^
  File "/home/hice1/cman8/conda_env/chakra_fx/lib/python3.13/site-packages/torch/distributed/elastic/multiprocessing/errors/__init__.py", line 357, in wrapper
    return f(*args, **kwargs)
  File "/home/hice1/cman8/conda_env/chakra_fx/lib/python3.13/site-packages/torch/distributed/run.py", line 936, in main
    run(args)
    ~~~^^^^^^
  File "/home/hice1/cman8/conda_env/chakra_fx/lib/python3.13/site-packages/torch/distributed/run.py", line 927, in run
    elastic_launch(
    ~~~~~~~~~~~~~~~
        config=config,
        ~~~~~~~~~~~~~~
        entrypoint=cmd,
        ~~~~~~~~~~~~~~~
    )(*cmd_args)
    ~^^^^^^^^^^^
  File "/home/hice1/cman8/conda_env/chakra_fx/lib/python3.13/site-packages/torch/distributed/launcher/api.py", line 159, in __call__
    return launch_agent(self._config, self._entrypoint, list(args))
  File "/home/hice1/cman8/conda_env/chakra_fx/lib/python3.13/site-packages/torch/distributed/launcher/api.py", line 296, in launch_agent
    raise ChildFailedError(
    ...<2 lines>...
    )
torch.distributed.elastic.multiprocessing.errors.ChildFailedError: 
============================================================
profile_fxgraph.py FAILED
------------------------------------------------------------
Failures:
  <NO_OTHER_FAILURES>
------------------------------------------------------------
Root Cause (first observed failure):
[0]:
  time      : 2025-08-20_00:38:20
  host      : atl1-1-03-012-13-0.pace.gatech.edu
  rank      : 36 (local_rank: 4)
  exitcode  : 1 (pid: 769181)
  error_file: <N/A>
  traceback : To enable traceback see: https://pytorch.org/docs/stable/elastic/errors.html
============================================================
E0820 00:38:22.294000 1403399 /storage/ice1/5/1/cman8/conda_env/chakra_fx/lib/python3.13/site-packages/torch/distributed/elastic/multiprocessing/api.py:882] failed (exitcode: 1) local_rank: 4 (pid: 1403469) of binary: /home/hice1/cman8/conda_env/chakra_fx/bin/python
[W820 00:38:22.317779879 TCPStore.cpp:138] [c10d] recvValueWithTimeout failed on SocketImpl(fd=72, addr=[atl1-1-03-012-18-0.pace.gatech.edu]:50304, remote=[atl1-1-03-010-30-0.pace.gatech.edu]:27338): Failed to recv, got 0 bytes. Connection was likely closed. Did the remote server shutdown or crash?
Exception raised from recvBytes at /pytorch/torch/csrc/distributed/c10d/Utils.hpp:682 (most recent call first):
frame #0: c10::Error::Error(c10::SourceLocation, std::__cxx11::basic_string<char, std::char_traits<char>, std::allocator<char> >) + 0x80 (0x1554cd9a6c30 in /home/hice1/cman8/conda_env/chakra_fx/lib/python3.13/site-packages/torch/lib/libc10.so)
frame #1: <unknown function> + 0x5fe9451 (0x15552adc8451 in /home/hice1/cman8/conda_env/chakra_fx/lib/python3.13/site-packages/torch/lib/libtorch_cpu.so)
frame #2: <unknown function> + 0x5feaaad (0x15552adc9aad in /home/hice1/cman8/conda_env/chakra_fx/lib/python3.13/site-packages/torch/lib/libtorch_cpu.so)
frame #3: <unknown function> + 0x5feb169 (0x15552adca169 in /home/hice1/cman8/conda_env/chakra_fx/lib/python3.13/site-packages/torch/lib/libtorch_cpu.so)
frame #4: c10d::TCPStore::doWait(c10::ArrayRef<std::__cxx11::basic_string<char, std::char_traits<char>, std::allocator<char> > >, std::chrono::duration<long, std::ratio<1l, 1000l> >) + 0x1c6 (0x15552adc5416 in /home/hice1/cman8/conda_env/chakra_fx/lib/python3.13/site-packages/torch/lib/libtorch_cpu.so)
frame #5: c10d::TCPStore::doGet(std::__cxx11::basic_string<char, std::char_traits<char>, std::allocator<char> > const&) + 0x33 (0x15552adc6f63 in /home/hice1/cman8/conda_env/chakra_fx/lib/python3.13/site-packages/torch/lib/libtorch_cpu.so)
frame #6: c10d::TCPStore::get(std::__cxx11::basic_string<char, std::char_traits<char>, std::allocator<char> > const&) + 0x114 (0x15552adc8074 in /home/hice1/cman8/conda_env/chakra_fx/lib/python3.13/site-packages/torch/lib/libtorch_cpu.so)
frame #7: <unknown function> + 0xc70ce5 (0x15553a3c3ce5 in /home/hice1/cman8/conda_env/chakra_fx/lib/python3.13/site-packages/torch/lib/libtorch_python.so)
frame #8: <unknown function> + 0x384772 (0x155539ad7772 in /home/hice1/cman8/conda_env/chakra_fx/lib/python3.13/site-packages/torch/lib/libtorch_python.so)
frame #9: /home/hice1/cman8/conda_env/chakra_fx/bin/python() [0x59736d]
frame #10: _PyObject_MakeTpCall + 0x2c4 (0x55ada4 in /home/hice1/cman8/conda_env/chakra_fx/bin/python)
frame #11: /home/hice1/cman8/conda_env/chakra_fx/bin/python() [0x5eb968]
frame #12: _PyEval_EvalFrameDefault + 0x4e79 (0x5767c9 in /home/hice1/cman8/conda_env/chakra_fx/bin/python)
frame #13: /home/hice1/cman8/conda_env/chakra_fx/bin/python() [0x55d862]
frame #14: /home/hice1/cman8/conda_env/chakra_fx/bin/python() [0x6d5a0b]
frame #15: /home/hice1/cman8/conda_env/chakra_fx/bin/python() [0x694655]
frame #16: _PyEval_EvalFrameDefault + 0x4e79 (0x5767c9 in /home/hice1/cman8/conda_env/chakra_fx/bin/python)
frame #17: PyEval_EvalCode + 0x3b8 (0x68bcb8 in /home/hice1/cman8/conda_env/chakra_fx/bin/python)
frame #18: /home/hice1/cman8/conda_env/chakra_fx/bin/python() [0x62640e]
frame #19: /home/hice1/cman8/conda_env/chakra_fx/bin/python() [0x6c1e40]
frame #20: /home/hice1/cman8/conda_env/chakra_fx/bin/python() [0x6c1adb]
frame #21: /home/hice1/cman8/conda_env/chakra_fx/bin/python() [0x6c190b]
frame #22: Py_RunMain + 0x377 (0x6bff47 in /home/hice1/cman8/conda_env/chakra_fx/bin/python)
frame #23: Py_BytesMain + 0x39 (0x67fa99 in /home/hice1/cman8/conda_env/chakra_fx/bin/python)
frame #24: <unknown function> + 0x295d0 (0x1555552295d0 in /lib64/libc.so.6)
frame #25: __libc_start_main + 0x80 (0x155555229680 in /lib64/libc.so.6)
frame #26: /home/hice1/cman8/conda_env/chakra_fx/bin/python() [0x67ecd2]

W0820 00:38:22.307000 1403399 /storage/ice1/5/1/cman8/conda_env/chakra_fx/lib/python3.13/site-packages/torch/distributed/elastic/rendezvous/dynamic_rendezvous.py:1292] The node 'atl1-1-03-012-18-0.pace.gatech.edu_1403399_0' has failed to shutdown the rendezvous '2755338' due to an error of type RendezvousConnectionError.
Traceback (most recent call last):
  File "/home/hice1/cman8/conda_env/chakra_fx/bin/torchrun", line 8, in <module>
    sys.exit(main())
             ~~~~^^
  File "/home/hice1/cman8/conda_env/chakra_fx/lib/python3.13/site-packages/torch/distributed/elastic/multiprocessing/errors/__init__.py", line 357, in wrapper
    return f(*args, **kwargs)
  File "/home/hice1/cman8/conda_env/chakra_fx/lib/python3.13/site-packages/torch/distributed/run.py", line 936, in main
    run(args)
    ~~~^^^^^^
  File "/home/hice1/cman8/conda_env/chakra_fx/lib/python3.13/site-packages/torch/distributed/run.py", line 927, in run
    elastic_launch(
    ~~~~~~~~~~~~~~~
        config=config,
        ~~~~~~~~~~~~~~
        entrypoint=cmd,
        ~~~~~~~~~~~~~~~
    )(*cmd_args)
    ~^^^^^^^^^^^
  File "/home/hice1/cman8/conda_env/chakra_fx/lib/python3.13/site-packages/torch/distributed/launcher/api.py", line 159, in __call__
    return launch_agent(self._config, self._entrypoint, list(args))
  File "/home/hice1/cman8/conda_env/chakra_fx/lib/python3.13/site-packages/torch/distributed/launcher/api.py", line 296, in launch_agent
    raise ChildFailedError(
    ...<2 lines>...
    )
torch.distributed.elastic.multiprocessing.errors.ChildFailedError: 
============================================================
profile_fxgraph.py FAILED
------------------------------------------------------------
Failures:
  <NO_OTHER_FAILURES>
------------------------------------------------------------
Root Cause (first observed failure):
[0]:
  time      : 2025-08-20_00:38:20
  host      : atl1-1-03-012-18-0.pace.gatech.edu
  rank      : 44 (local_rank: 4)
  exitcode  : 1 (pid: 1403469)
  error_file: <N/A>
  traceback : To enable traceback see: https://pytorch.org/docs/stable/elastic/errors.html
============================================================
E0820 00:38:22.430000 1001491 /storage/ice1/5/1/cman8/conda_env/chakra_fx/lib/python3.13/site-packages/torch/distributed/elastic/multiprocessing/api.py:882] failed (exitcode: 1) local_rank: 2 (pid: 1001571) of binary: /home/hice1/cman8/conda_env/chakra_fx/bin/python
E0820 00:38:22.430000 994209 /storage/ice1/5/1/cman8/conda_env/chakra_fx/lib/python3.13/site-packages/torch/distributed/elastic/multiprocessing/api.py:882] failed (exitcode: 1) local_rank: 2 (pid: 994276) of binary: /home/hice1/cman8/conda_env/chakra_fx/bin/python
[W820 00:38:22.266173212 TCPStore.cpp:138] [c10d] recvValueWithTimeout failed on SocketImpl(fd=72, addr=[atl1-1-03-012-28-0.pace.gatech.edu]:50894, remote=[atl1-1-03-010-30-0.pace.gatech.edu]:27338): Failed to recv, got 0 bytes. Connection was likely closed. Did the remote server shutdown or crash?
Exception raised from recvBytes at /pytorch/torch/csrc/distributed/c10d/Utils.hpp:682 (most recent call first):
frame #0: c10::Error::Error(c10::SourceLocation, std::__cxx11::basic_string<char, std::char_traits<char>, std::allocator<char> >) + 0x80 (0x1554cd9a6c30 in /home/hice1/cman8/conda_env/chakra_fx/lib/python3.13/site-packages/torch/lib/libc10.so)
frame #1: <unknown function> + 0x5fe9451 (0x15552adc8451 in /home/hice1/cman8/conda_env/chakra_fx/lib/python3.13/site-packages/torch/lib/libtorch_cpu.so)
frame #2: <unknown function> + 0x5feaaad (0x15552adc9aad in /home/hice1/cman8/conda_env/chakra_fx/lib/python3.13/site-packages/torch/lib/libtorch_cpu.so)
frame #3: <unknown function> + 0x5feb169 (0x15552adca169 in /home/hice1/cman8/conda_env/chakra_fx/lib/python3.13/site-packages/torch/lib/libtorch_cpu.so)
frame #4: c10d::TCPStore::doWait(c10::ArrayRef<std::__cxx11::basic_string<char, std::char_traits<char>, std::allocator<char> > >, std::chrono::duration<long, std::ratio<1l, 1000l> >) + 0x1c6 (0x15552adc5416 in /home/hice1/cman8/conda_env/chakra_fx/lib/python3.13/site-packages/torch/lib/libtorch_cpu.so)
frame #5: c10d::TCPStore::doGet(std::__cxx11::basic_string<char, std::char_traits<char>, std::allocator<char> > const&) + 0x33 (0x15552adc6f63 in /home/hice1/cman8/conda_env/chakra_fx/lib/python3.13/site-packages/torch/lib/libtorch_cpu.so)
frame #6: c10d::TCPStore::get(std::__cxx11::basic_string<char, std::char_traits<char>, std::allocator<char> > const&) + 0x114 (0x15552adc8074 in /home/hice1/cman8/conda_env/chakra_fx/lib/python3.13/site-packages/torch/lib/libtorch_cpu.so)
frame #7: <unknown function> + 0xc70ce5 (0x15553a3c3ce5 in /home/hice1/cman8/conda_env/chakra_fx/lib/python3.13/site-packages/torch/lib/libtorch_python.so)
frame #8: <unknown function> + 0x384772 (0x155539ad7772 in /home/hice1/cman8/conda_env/chakra_fx/lib/python3.13/site-packages/torch/lib/libtorch_python.so)
frame #9: /home/hice1/cman8/conda_env/chakra_fx/bin/python() [0x59736d]
frame #10: _PyObject_MakeTpCall + 0x2c4 (0x55ada4 in /home/hice1/cman8/conda_env/chakra_fx/bin/python)
frame #11: /home/hice1/cman8/conda_env/chakra_fx/bin/python() [0x5eb968]
frame #12: _PyEval_EvalFrameDefault + 0x4e79 (0x5767c9 in /home/hice1/cman8/conda_env/chakra_fx/bin/python)
frame #13: /home/hice1/cman8/conda_env/chakra_fx/bin/python() [0x55d862]
frame #14: /home/hice1/cman8/conda_env/chakra_fx/bin/python() [0x6d5a0b]
frame #15: /home/hice1/cman8/conda_env/chakra_fx/bin/python() [0x694655]
frame #16: _PyEval_EvalFrameDefault + 0x4e79 (0x5767c9 in /home/hice1/cman8/conda_env/chakra_fx/bin/python)
frame #17: PyEval_EvalCode + 0x3b8 (0x68bcb8 in /home/hice1/cman8/conda_env/chakra_fx/bin/python)
frame #18: /home/hice1/cman8/conda_env/chakra_fx/bin/python() [0x62640e]
frame #19: /home/hice1/cman8/conda_env/chakra_fx/bin/python() [0x6c1e40]
frame #20: /home/hice1/cman8/conda_env/chakra_fx/bin/python() [0x6c1adb]
frame #21: /home/hice1/cman8/conda_env/chakra_fx/bin/python() [0x6c190b]
frame #22: Py_RunMain + 0x377 (0x6bff47 in /home/hice1/cman8/conda_env/chakra_fx/bin/python)
frame #23: Py_BytesMain + 0x39 (0x67fa99 in /home/hice1/cman8/conda_env/chakra_fx/bin/python)
frame #24: <unknown function> + 0x295d0 (0x1555552295d0 in /lib64/libc.so.6)
frame #25: __libc_start_main + 0x80 (0x155555229680 in /lib64/libc.so.6)
frame #26: /home/hice1/cman8/conda_env/chakra_fx/bin/python() [0x67ecd2]

[W820 00:38:22.459799930 TCPStore.cpp:138] [c10d] recvValueWithTimeout failed on SocketImpl(fd=72, addr=[atl1-1-03-012-23-0.pace.gatech.edu]:35404, remote=[atl1-1-03-010-30-0.pace.gatech.edu]:27338): Failed to recv, got 0 bytes. Connection was likely closed. Did the remote server shutdown or crash?
Exception raised from recvBytes at /pytorch/torch/csrc/distributed/c10d/Utils.hpp:682 (most recent call first):
frame #0: c10::Error::Error(c10::SourceLocation, std::__cxx11::basic_string<char, std::char_traits<char>, std::allocator<char> >) + 0x80 (0x1554cd9a6c30 in /home/hice1/cman8/conda_env/chakra_fx/lib/python3.13/site-packages/torch/lib/libc10.so)
frame #1: <unknown function> + 0x5fe9451 (0x15552adc8451 in /home/hice1/cman8/conda_env/chakra_fx/lib/python3.13/site-packages/torch/lib/libtorch_cpu.so)
frame #2: <unknown function> + 0x5feaaad (0x15552adc9aad in /home/hice1/cman8/conda_env/chakra_fx/lib/python3.13/site-packages/torch/lib/libtorch_cpu.so)
frame #3: <unknown function> + 0x5feb169 (0x15552adca169 in /home/hice1/cman8/conda_env/chakra_fx/lib/python3.13/site-packages/torch/lib/libtorch_cpu.so)
frame #4: c10d::TCPStore::doWait(c10::ArrayRef<std::__cxx11::basic_string<char, std::char_traits<char>, std::allocator<char> > >, std::chrono::duration<long, std::ratio<1l, 1000l> >) + 0x1c6 (0x15552adc5416 in /home/hice1/cman8/conda_env/chakra_fx/lib/python3.13/site-packages/torch/lib/libtorch_cpu.so)
frame #5: c10d::TCPStore::doGet(std::__cxx11::basic_string<char, std::char_traits<char>, std::allocator<char> > const&) + 0x33 (0x15552adc6f63 in /home/hice1/cman8/conda_env/chakra_fx/lib/python3.13/site-packages/torch/lib/libtorch_cpu.so)
frame #6: c10d::TCPStore::get(std::__cxx11::basic_string<char, std::char_traits<char>, std::allocator<char> > const&) + 0x114 (0x15552adc8074 in /home/hice1/cman8/conda_env/chakra_fx/lib/python3.13/site-packages/torch/lib/libtorch_cpu.so)
W0820 00:38:22.441000 1001491 /storage/ice1/5/1/cman8/conda_env/chakra_fx/lib/python3.13/site-packages/torch/distributed/elastic/rendezvous/dynamic_rendezvous.py:1292] The node 'atl1-1-03-012-28-0.pace.gatech.edu_1001491_0' has failed to shutdown the rendezvous '2755338' due to an error of type RendezvousConnectionError.
frame #7: <unknown function> + 0xc70ce5 (0x15553a3c3ce5 in /home/hice1/cman8/conda_env/chakra_fx/lib/python3.13/site-packages/torch/lib/libtorch_python.so)
frame #8: <unknown function> + 0x384772 (0x155539ad7772 in /home/hice1/cman8/conda_env/chakra_fx/lib/python3.13/site-packages/torch/lib/libtorch_python.so)
frame #9: /home/hice1/cman8/conda_env/chakra_fx/bin/python() [0x59736d]
frame #10: _PyObject_MakeTpCall + 0x2c4 (0x55ada4 in /home/hice1/cman8/conda_env/chakra_fx/bin/python)
frame #11: /home/hice1/cman8/conda_env/chakra_fx/bin/python() [0x5eb968]
frame #12: _PyEval_EvalFrameDefault + 0x4e79 (0x5767c9 in /home/hice1/cman8/conda_env/chakra_fx/bin/python)
frame #13: /home/hice1/cman8/conda_env/chakra_fx/bin/python() [0x55d862]
frame #14: /home/hice1/cman8/conda_env/chakra_fx/bin/python() [0x6d5a0b]
frame #15: /home/hice1/cman8/conda_env/chakra_fx/bin/python() [0x694655]
frame #16: _PyEval_EvalFrameDefault + 0x4e79 (0x5767c9 in /home/hice1/cman8/conda_env/chakra_fx/bin/python)
frame #17: PyEval_EvalCode + 0x3b8 (0x68bcb8 in /home/hice1/cman8/conda_env/chakra_fx/bin/python)
frame #18: /home/hice1/cman8/conda_env/chakra_fx/bin/python() [0x62640e]
frame #19: /home/hice1/cman8/conda_env/chakra_fx/bin/python() [0x6c1e40]
frame #20: /home/hice1/cman8/conda_env/chakra_fx/bin/python() [0x6c1adb]
frame #21: /home/hice1/cman8/conda_env/chakra_fx/bin/python() [0x6c190b]
frame #22: Py_RunMain + 0x377 (0x6bff47 in /home/hice1/cman8/conda_env/chakra_fx/bin/python)
frame #23: Py_BytesMain + 0x39 (0x67fa99 in /home/hice1/cman8/conda_env/chakra_fx/bin/python)
frame #24: <unknown function> + 0x295d0 (0x1555552295d0 in /lib64/libc.so.6)
frame #25: __libc_start_main + 0x80 (0x155555229680 in /lib64/libc.so.6)
frame #26: /home/hice1/cman8/conda_env/chakra_fx/bin/python() [0x67ecd2]

Traceback (most recent call last):
  File "/home/hice1/cman8/conda_env/chakra_fx/bin/torchrun", line 8, in <module>
    sys.exit(main())
             ~~~~^^
  File "/home/hice1/cman8/conda_env/chakra_fx/lib/python3.13/site-packages/torch/distributed/elastic/multiprocessing/errors/__init__.py", line 357, in wrapper
    return f(*args, **kwargs)
  File "/home/hice1/cman8/conda_env/chakra_fx/lib/python3.13/site-packages/torch/distributed/run.py", line 936, in main
    run(args)
    ~~~^^^^^^
  File "/home/hice1/cman8/conda_env/chakra_fx/lib/python3.13/site-packages/torch/distributed/run.py", line 927, in run
    elastic_launch(
    ~~~~~~~~~~~~~~~
        config=config,
        ~~~~~~~~~~~~~~
        entrypoint=cmd,
        ~~~~~~~~~~~~~~~
    )(*cmd_args)
    ~^^^^^^^^^^^
  File "/home/hice1/cman8/conda_env/chakra_fx/lib/python3.13/site-packages/torch/distributed/launcher/api.py", line 159, in __call__
    return launch_agent(self._config, self._entrypoint, list(args))
  File "/home/hice1/cman8/conda_env/chakra_fx/lib/python3.13/site-packages/torch/distributed/launcher/api.py", line 296, in launch_agent
    raise ChildFailedError(
    ...<2 lines>...
    )
torch.distributed.elastic.multiprocessing.errors.ChildFailedError: 
============================================================
profile_fxgraph.py FAILED
------------------------------------------------------------
Failures:
  <NO_OTHER_FAILURES>
------------------------------------------------------------
Root Cause (first observed failure):
[0]:
  time      : 2025-08-20_00:38:21
  host      : atl1-1-03-012-28-0.pace.gatech.edu
  rank      : 58 (local_rank: 2)
  exitcode  : 1 (pid: 1001571)
  error_file: <N/A>
  traceback : To enable traceback see: https://pytorch.org/docs/stable/elastic/errors.html
============================================================
W0820 00:38:22.477000 994209 /storage/ice1/5/1/cman8/conda_env/chakra_fx/lib/python3.13/site-packages/torch/distributed/elastic/rendezvous/dynamic_rendezvous.py:1292] The node 'atl1-1-03-012-23-0.pace.gatech.edu_994209_0' has failed to shutdown the rendezvous '2755338' due to an error of type RendezvousConnectionError.
Traceback (most recent call last):
  File "/home/hice1/cman8/conda_env/chakra_fx/bin/torchrun", line 8, in <module>
    sys.exit(main())
             ~~~~^^
  File "/home/hice1/cman8/conda_env/chakra_fx/lib/python3.13/site-packages/torch/distributed/elastic/multiprocessing/errors/__init__.py", line 357, in wrapper
    return f(*args, **kwargs)
  File "/home/hice1/cman8/conda_env/chakra_fx/lib/python3.13/site-packages/torch/distributed/run.py", line 936, in main
    run(args)
    ~~~^^^^^^
  File "/home/hice1/cman8/conda_env/chakra_fx/lib/python3.13/site-packages/torch/distributed/run.py", line 927, in run
    elastic_launch(
    ~~~~~~~~~~~~~~~
        config=config,
        ~~~~~~~~~~~~~~
        entrypoint=cmd,
        ~~~~~~~~~~~~~~~
    )(*cmd_args)
    ~^^^^^^^^^^^
  File "/home/hice1/cman8/conda_env/chakra_fx/lib/python3.13/site-packages/torch/distributed/launcher/api.py", line 159, in __call__
    return launch_agent(self._config, self._entrypoint, list(args))
  File "/home/hice1/cman8/conda_env/chakra_fx/lib/python3.13/site-packages/torch/distributed/launcher/api.py", line 296, in launch_agent
    raise ChildFailedError(
    ...<2 lines>...
    )
torch.distributed.elastic.multiprocessing.errors.ChildFailedError: 
============================================================
profile_fxgraph.py FAILED
------------------------------------------------------------
Failures:
  <NO_OTHER_FAILURES>
------------------------------------------------------------
Root Cause (first observed failure):
[0]:
  time      : 2025-08-20_00:38:21
  host      : atl1-1-03-012-23-0.pace.gatech.edu
  rank      : 50 (local_rank: 2)
  exitcode  : 1 (pid: 994276)
  error_file: <N/A>
  traceback : To enable traceback see: https://pytorch.org/docs/stable/elastic/errors.html
============================================================
srun: error: atl1-1-03-012-18-0: task 5: Exited with exit code 1
srun: error: atl1-1-03-012-13-0: task 4: Exited with exit code 1
E0820 00:38:22.891000 1035086 /storage/ice1/5/1/cman8/conda_env/chakra_fx/lib/python3.13/site-packages/torch/distributed/elastic/multiprocessing/api.py:882] failed (exitcode: 1) local_rank: 0 (pid: 1035163) of binary: /home/hice1/cman8/conda_env/chakra_fx/bin/python
[W820 00:38:22.339408786 TCPStore.cpp:138] [c10d] recvValueWithTimeout failed on SocketImpl(fd=72, addr=[atl1-1-03-011-13-0.pace.gatech.edu]:35338, remote=[atl1-1-03-010-30-0.pace.gatech.edu]:27338): Failed to recv, got 0 bytes. Connection was likely closed. Did the remote server shutdown or crash?
Exception raised from recvBytes at /pytorch/torch/csrc/distributed/c10d/Utils.hpp:682 (most recent call first):
frame #0: c10::Error::Error(c10::SourceLocation, std::__cxx11::basic_string<char, std::char_traits<char>, std::allocator<char> >) + 0x80 (0x1554cd9a6c30 in /home/hice1/cman8/conda_env/chakra_fx/lib/python3.13/site-packages/torch/lib/libc10.so)
frame #1: <unknown function> + 0x5fe9451 (0x15552adc8451 in /home/hice1/cman8/conda_env/chakra_fx/lib/python3.13/site-packages/torch/lib/libtorch_cpu.so)
frame #2: <unknown function> + 0x5feaaad (0x15552adc9aad in /home/hice1/cman8/conda_env/chakra_fx/lib/python3.13/site-packages/torch/lib/libtorch_cpu.so)
frame #3: <unknown function> + 0x5feb169 (0x15552adca169 in /home/hice1/cman8/conda_env/chakra_fx/lib/python3.13/site-packages/torch/lib/libtorch_cpu.so)
frame #4: c10d::TCPStore::doWait(c10::ArrayRef<std::__cxx11::basic_string<char, std::char_traits<char>, std::allocator<char> > >, std::chrono::duration<long, std::ratio<1l, 1000l> >) + 0x1c6 (0x15552adc5416 in /home/hice1/cman8/conda_env/chakra_fx/lib/python3.13/site-packages/torch/lib/libtorch_cpu.so)
frame #5: c10d::TCPStore::doGet(std::__cxx11::basic_string<char, std::char_traits<char>, std::allocator<char> > const&) + 0x33 (0x15552adc6f63 in /home/hice1/cman8/conda_env/chakra_fx/lib/python3.13/site-packages/torch/lib/libtorch_cpu.so)
frame #6: c10d::TCPStore::get(std::__cxx11::basic_string<char, std::char_traits<char>, std::allocator<char> > const&) + 0x114 (0x15552adc8074 in /home/hice1/cman8/conda_env/chakra_fx/lib/python3.13/site-packages/torch/lib/libtorch_cpu.so)
frame #7: <unknown function> + 0xc70ce5 (0x15553a3c3ce5 in /home/hice1/cman8/conda_env/chakra_fx/lib/python3.13/site-packages/torch/lib/libtorch_python.so)
frame #8: <unknown function> + 0x384772 (0x155539ad7772 in /home/hice1/cman8/conda_env/chakra_fx/lib/python3.13/site-packages/torch/lib/libtorch_python.so)
frame #9: /home/hice1/cman8/conda_env/chakra_fx/bin/python() [0x59736d]
frame #10: _PyObject_MakeTpCall + 0x2c4 (0x55ada4 in /home/hice1/cman8/conda_env/chakra_fx/bin/python)
frame #11: /home/hice1/cman8/conda_env/chakra_fx/bin/python() [0x5eb968]
frame #12: _PyEval_EvalFrameDefault + 0x4e79 (0x5767c9 in /home/hice1/cman8/conda_env/chakra_fx/bin/python)
frame #13: /home/hice1/cman8/conda_env/chakra_fx/bin/python() [0x55d862]
frame #14: /home/hice1/cman8/conda_env/chakra_fx/bin/python() [0x6d5a0b]
frame #15: /home/hice1/cman8/conda_env/chakra_fx/bin/python() [0x694655]
frame #16: _PyEval_EvalFrameDefault + 0x4e79 (0x5767c9 in /home/hice1/cman8/conda_env/chakra_fx/bin/python)
frame #17: PyEval_EvalCode + 0x3b8 (0x68bcb8 in /home/hice1/cman8/conda_env/chakra_fx/bin/python)
frame #18: /home/hice1/cman8/conda_env/chakra_fx/bin/python() [0x62640e]
frame #19: /home/hice1/cman8/conda_env/chakra_fx/bin/python() [0x6c1e40]
frame #20: /home/hice1/cman8/conda_env/chakra_fx/bin/python() [0x6c1adb]
frame #21: /home/hice1/cman8/conda_env/chakra_fx/bin/python() [0x6c190b]
frame #22: Py_RunMain + 0x377 (0x6bff47 in /home/hice1/cman8/conda_env/chakra_fx/bin/python)
frame #23: Py_BytesMain + 0x39 (0x67fa99 in /home/hice1/cman8/conda_env/chakra_fx/bin/python)
frame #24: <unknown function> + 0x295d0 (0x1555552295d0 in /lib64/libc.so.6)
frame #25: __libc_start_main + 0x80 (0x155555229680 in /lib64/libc.so.6)
frame #26: /home/hice1/cman8/conda_env/chakra_fx/bin/python() [0x67ecd2]

W0820 00:38:22.902000 1035086 /storage/ice1/5/1/cman8/conda_env/chakra_fx/lib/python3.13/site-packages/torch/distributed/elastic/rendezvous/dynamic_rendezvous.py:1292] The node 'atl1-1-03-011-13-0.pace.gatech.edu_1035086_0' has failed to shutdown the rendezvous '2755338' due to an error of type RendezvousConnectionError.
Traceback (most recent call last):
  File "/home/hice1/cman8/conda_env/chakra_fx/bin/torchrun", line 8, in <module>
    sys.exit(main())
             ~~~~^^
  File "/home/hice1/cman8/conda_env/chakra_fx/lib/python3.13/site-packages/torch/distributed/elastic/multiprocessing/errors/__init__.py", line 357, in wrapper
    return f(*args, **kwargs)
  File "/home/hice1/cman8/conda_env/chakra_fx/lib/python3.13/site-packages/torch/distributed/run.py", line 936, in main
    run(args)
    ~~~^^^^^^
  File "/home/hice1/cman8/conda_env/chakra_fx/lib/python3.13/site-packages/torch/distributed/run.py", line 927, in run
    elastic_launch(
    ~~~~~~~~~~~~~~~
        config=config,
        ~~~~~~~~~~~~~~
        entrypoint=cmd,
        ~~~~~~~~~~~~~~~
    )(*cmd_args)
    ~^^^^^^^^^^^
  File "/home/hice1/cman8/conda_env/chakra_fx/lib/python3.13/site-packages/torch/distributed/launcher/api.py", line 159, in __call__
    return launch_agent(self._config, self._entrypoint, list(args))
  File "/home/hice1/cman8/conda_env/chakra_fx/lib/python3.13/site-packages/torch/distributed/launcher/api.py", line 296, in launch_agent
    raise ChildFailedError(
    ...<2 lines>...
    )
torch.distributed.elastic.multiprocessing.errors.ChildFailedError: 
============================================================
profile_fxgraph.py FAILED
------------------------------------------------------------
Failures:
  <NO_OTHER_FAILURES>
------------------------------------------------------------
Root Cause (first observed failure):
[0]:
  time      : 2025-08-20_00:38:21
  host      : atl1-1-03-011-13-0.pace.gatech.edu
  rank      : 8 (local_rank: 0)
  exitcode  : 1 (pid: 1035163)
  error_file: <N/A>
  traceback : To enable traceback see: https://pytorch.org/docs/stable/elastic/errors.html
============================================================
srun: error: atl1-1-03-012-28-0: task 7: Exited with exit code 1
srun: error: atl1-1-03-012-23-0: task 6: Exited with exit code 1
E0820 00:38:23.367000 1406037 /storage/ice1/5/1/cman8/conda_env/chakra_fx/lib/python3.13/site-packages/torch/distributed/elastic/multiprocessing/api.py:882] failed (exitcode: 1) local_rank: 0 (pid: 1406114) of binary: /home/hice1/cman8/conda_env/chakra_fx/bin/python
[W820 00:38:23.526539509 TCPStore.cpp:138] [c10d] recvValueWithTimeout failed on SocketImpl(fd=72, addr=[atl1-1-03-011-3-0.pace.gatech.edu]:55306, remote=[atl1-1-03-010-30-0.pace.gatech.edu]:27338): Failed to recv, got 0 bytes. Connection was likely closed. Did the remote server shutdown or crash?
Exception raised from recvBytes at /pytorch/torch/csrc/distributed/c10d/Utils.hpp:682 (most recent call first):
frame #0: c10::Error::Error(c10::SourceLocation, std::__cxx11::basic_string<char, std::char_traits<char>, std::allocator<char> >) + 0x80 (0x1554cd9a6c30 in /home/hice1/cman8/conda_env/chakra_fx/lib/python3.13/site-packages/torch/lib/libc10.so)
frame #1: <unknown function> + 0x5fe9451 (0x15552adc8451 in /home/hice1/cman8/conda_env/chakra_fx/lib/python3.13/site-packages/torch/lib/libtorch_cpu.so)
frame #2: <unknown function> + 0x5feaaad (0x15552adc9aad in /home/hice1/cman8/conda_env/chakra_fx/lib/python3.13/site-packages/torch/lib/libtorch_cpu.so)
frame #3: <unknown function> + 0x5feb169 (0x15552adca169 in /home/hice1/cman8/conda_env/chakra_fx/lib/python3.13/site-packages/torch/lib/libtorch_cpu.so)
frame #4: c10d::TCPStore::doWait(c10::ArrayRef<std::__cxx11::basic_string<char, std::char_traits<char>, std::allocator<char> > >, std::chrono::duration<long, std::ratio<1l, 1000l> >) + 0x1c6 (0x15552adc5416 in /home/hice1/cman8/conda_env/chakra_fx/lib/python3.13/site-packages/torch/lib/libtorch_cpu.so)
frame #5: c10d::TCPStore::doGet(std::__cxx11::basic_string<char, std::char_traits<char>, std::allocator<char> > const&) + 0x33 (0x15552adc6f63 in /home/hice1/cman8/conda_env/chakra_fx/lib/python3.13/site-packages/torch/lib/libtorch_cpu.so)
frame #6: c10d::TCPStore::get(std::__cxx11::basic_string<char, std::char_traits<char>, std::allocator<char> > const&) + 0x114 (0x15552adc8074 in /home/hice1/cman8/conda_env/chakra_fx/lib/python3.13/site-packages/torch/lib/libtorch_cpu.so)
frame #7: <unknown function> + 0xc70ce5 (0x15553a3c3ce5 in /home/hice1/cman8/conda_env/chakra_fx/lib/python3.13/site-packages/torch/lib/libtorch_python.so)
frame #8: <unknown function> + 0x384772 (0x155539ad7772 in /home/hice1/cman8/conda_env/chakra_fx/lib/python3.13/site-packages/torch/lib/libtorch_python.so)
frame #9: /home/hice1/cman8/conda_env/chakra_fx/bin/python() [0x59736d]
frame #10: _PyObject_MakeTpCall + 0x2c4 (0x55ada4 in /home/hice1/cman8/conda_env/chakra_fx/bin/python)
frame #11: /home/hice1/cman8/conda_env/chakra_fx/bin/python() [0x5eb968]
frame #12: _PyEval_EvalFrameDefault + 0x4e79 (0x5767c9 in /home/hice1/cman8/conda_env/chakra_fx/bin/python)
frame #13: /home/hice1/cman8/conda_env/chakra_fx/bin/python() [0x55d862]
frame #14: /home/hice1/cman8/conda_env/chakra_fx/bin/python() [0x6d5a0b]
frame #15: /home/hice1/cman8/conda_env/chakra_fx/bin/python() [0x694655]
frame #16: _PyEval_EvalFrameDefault + 0x4e79 (0x5767c9 in /home/hice1/cman8/conda_env/chakra_fx/bin/python)
frame #17: PyEval_EvalCode + 0x3b8 (0x68bcb8 in /home/hice1/cman8/conda_env/chakra_fx/bin/python)
frame #18: /home/hice1/cman8/conda_env/chakra_fx/bin/python() [0x62640e]
frame #19: /home/hice1/cman8/conda_env/chakra_fx/bin/python() [0x6c1e40]
frame #20: /home/hice1/cman8/conda_env/chakra_fx/bin/python() [0x6c1adb]
frame #21: /home/hice1/cman8/conda_env/chakra_fx/bin/python() [0x6c190b]
frame #22: Py_RunMain + 0x377 (0x6bff47 in /home/hice1/cman8/conda_env/chakra_fx/bin/python)
frame #23: Py_BytesMain + 0x39 (0x67fa99 in /home/hice1/cman8/conda_env/chakra_fx/bin/python)
frame #24: <unknown function> + 0x295d0 (0x1555552295d0 in /lib64/libc.so.6)
frame #25: __libc_start_main + 0x80 (0x155555229680 in /lib64/libc.so.6)
frame #26: /home/hice1/cman8/conda_env/chakra_fx/bin/python() [0x67ecd2]

W0820 00:38:23.379000 1406037 /storage/ice1/5/1/cman8/conda_env/chakra_fx/lib/python3.13/site-packages/torch/distributed/elastic/rendezvous/dynamic_rendezvous.py:1292] The node 'atl1-1-03-011-3-0.pace.gatech.edu_1406037_0' has failed to shutdown the rendezvous '2755338' due to an error of type RendezvousConnectionError.
Traceback (most recent call last):
  File "/home/hice1/cman8/conda_env/chakra_fx/bin/torchrun", line 8, in <module>
    sys.exit(main())
             ~~~~^^
  File "/home/hice1/cman8/conda_env/chakra_fx/lib/python3.13/site-packages/torch/distributed/elastic/multiprocessing/errors/__init__.py", line 357, in wrapper
    return f(*args, **kwargs)
  File "/home/hice1/cman8/conda_env/chakra_fx/lib/python3.13/site-packages/torch/distributed/run.py", line 936, in main
    run(args)
    ~~~^^^^^^
  File "/home/hice1/cman8/conda_env/chakra_fx/lib/python3.13/site-packages/torch/distributed/run.py", line 927, in run
    elastic_launch(
    ~~~~~~~~~~~~~~~
        config=config,
        ~~~~~~~~~~~~~~
        entrypoint=cmd,
        ~~~~~~~~~~~~~~~
    )(*cmd_args)
    ~^^^^^^^^^^^
  File "/home/hice1/cman8/conda_env/chakra_fx/lib/python3.13/site-packages/torch/distributed/launcher/api.py", line 159, in __call__
    return launch_agent(self._config, self._entrypoint, list(args))
  File "/home/hice1/cman8/conda_env/chakra_fx/lib/python3.13/site-packages/torch/distributed/launcher/api.py", line 296, in launch_agent
    raise ChildFailedError(
    ...<2 lines>...
    )
torch.distributed.elastic.multiprocessing.errors.ChildFailedError: 
============================================================
profile_fxgraph.py FAILED
------------------------------------------------------------
Failures:
  <NO_OTHER_FAILURES>
------------------------------------------------------------
Root Cause (first observed failure):
[0]:
  time      : 2025-08-20_00:38:22
  host      : atl1-1-03-011-3-0.pace.gatech.edu
  rank      : 16 (local_rank: 0)
  exitcode  : 1 (pid: 1406114)
  error_file: <N/A>
  traceback : To enable traceback see: https://pytorch.org/docs/stable/elastic/errors.html
============================================================
srun: error: atl1-1-03-011-13-0: task 3: Exited with exit code 1
srun: error: atl1-1-03-011-3-0: task 1: Exited with exit code 1
