
CondaError: Run 'conda init' before 'conda deactivate'

W0820 00:33:14.920000 970262 /storage/ice1/5/1/cman8/conda_env/chakra_fx/lib/python3.13/site-packages/torch/distributed/run.py:803] 
W0820 00:33:14.920000 970262 /storage/ice1/5/1/cman8/conda_env/chakra_fx/lib/python3.13/site-packages/torch/distributed/run.py:803] *****************************************
W0820 00:33:14.920000 970262 /storage/ice1/5/1/cman8/conda_env/chakra_fx/lib/python3.13/site-packages/torch/distributed/run.py:803] Setting OMP_NUM_THREADS environment variable for each process to be 1 in default, to avoid your system being overloaded, please further tune the variable for optimal performance in your application as needed. 
W0820 00:33:14.920000 970262 /storage/ice1/5/1/cman8/conda_env/chakra_fx/lib/python3.13/site-packages/torch/distributed/run.py:803] *****************************************
W0820 00:33:14.923000 999785 /storage/ice1/5/1/cman8/conda_env/chakra_fx/lib/python3.13/site-packages/torch/distributed/run.py:803] 
W0820 00:33:14.923000 999785 /storage/ice1/5/1/cman8/conda_env/chakra_fx/lib/python3.13/site-packages/torch/distributed/run.py:803] *****************************************
W0820 00:33:14.923000 999785 /storage/ice1/5/1/cman8/conda_env/chakra_fx/lib/python3.13/site-packages/torch/distributed/run.py:803] Setting OMP_NUM_THREADS environment variable for each process to be 1 in default, to avoid your system being overloaded, please further tune the variable for optimal performance in your application as needed. 
W0820 00:33:14.923000 999785 /storage/ice1/5/1/cman8/conda_env/chakra_fx/lib/python3.13/site-packages/torch/distributed/run.py:803] *****************************************
W0820 00:33:14.925000 992173 /storage/ice1/5/1/cman8/conda_env/chakra_fx/lib/python3.13/site-packages/torch/distributed/run.py:803] 
W0820 00:33:14.925000 992173 /storage/ice1/5/1/cman8/conda_env/chakra_fx/lib/python3.13/site-packages/torch/distributed/run.py:803] *****************************************
W0820 00:33:14.925000 992173 /storage/ice1/5/1/cman8/conda_env/chakra_fx/lib/python3.13/site-packages/torch/distributed/run.py:803] Setting OMP_NUM_THREADS environment variable for each process to be 1 in default, to avoid your system being overloaded, please further tune the variable for optimal performance in your application as needed. 
W0820 00:33:14.925000 992173 /storage/ice1/5/1/cman8/conda_env/chakra_fx/lib/python3.13/site-packages/torch/distributed/run.py:803] *****************************************
W0820 00:33:14.933000 1401632 /storage/ice1/5/1/cman8/conda_env/chakra_fx/lib/python3.13/site-packages/torch/distributed/run.py:803] 
W0820 00:33:14.933000 1401632 /storage/ice1/5/1/cman8/conda_env/chakra_fx/lib/python3.13/site-packages/torch/distributed/run.py:803] *****************************************
W0820 00:33:14.933000 1401632 /storage/ice1/5/1/cman8/conda_env/chakra_fx/lib/python3.13/site-packages/torch/distributed/run.py:803] Setting OMP_NUM_THREADS environment variable for each process to be 1 in default, to avoid your system being overloaded, please further tune the variable for optimal performance in your application as needed. 
W0820 00:33:14.933000 1401632 /storage/ice1/5/1/cman8/conda_env/chakra_fx/lib/python3.13/site-packages/torch/distributed/run.py:803] *****************************************
[rank8]: Traceback (most recent call last):
[rank8]:   File "/storage/ice1/5/1/cman8/shared/chakra_fx/profile_fxgraph.py", line 92, in <module>
[rank8]:     profiler.run_eager_fwbw_kineto_pass()
[rank8]:     ~~~~~~~~~~~~~~~~~~~~~~~~~~~~~~~~~~~^^
[rank8]:   File "/storage/ice1/5/1/cman8/shared/chakra_fx/src/chakra_fx/profilers/model_profiler.py", line 164, in run_eager_fwbw_kineto_pass
[rank8]:     output = self.model(self.sample_input)
[rank8]:   File "/home/hice1/cman8/conda_env/chakra_fx/lib/python3.13/site-packages/torch/nn/modules/module.py", line 1775, in _wrapped_call_impl
[rank8]:     return self._call_impl(*args, **kwargs)
[rank8]:            ~~~~~~~~~~~~~~~^^^^^^^^^^^^^^^^^
[rank8]:   File "/home/hice1/cman8/conda_env/chakra_fx/lib/python3.13/site-packages/torch/nn/modules/module.py", line 1786, in _call_impl
[rank8]:     return forward_call(*args, **kwargs)
[rank8]:   File "/home/hice1/cman8/conda_env/chakra_fx/lib/python3.13/site-packages/torchtitan/models/llama3/model/model.py", line 428, in forward
[rank8]:     h = layer(h, self.freqs_cis)
[rank8]:   File "/home/hice1/cman8/conda_env/chakra_fx/lib/python3.13/site-packages/torch/nn/modules/module.py", line 1775, in _wrapped_call_impl
[rank8]:     return self._call_impl(*args, **kwargs)
[rank8]:            ~~~~~~~~~~~~~~~^^^^^^^^^^^^^^^^^
[rank8]:   File "/home/hice1/cman8/conda_env/chakra_fx/lib/python3.13/site-packages/torch/nn/modules/module.py", line 1786, in _call_impl
[rank8]:     return forward_call(*args, **kwargs)
[rank8]:   File "/home/hice1/cman8/conda_env/chakra_fx/lib/python3.13/site-packages/torchtitan/models/llama3/model/model.py", line 301, in forward
[rank8]:     out = h + self.feed_forward(self.ffn_norm(h))
[rank8]:               ~~~~~~~~~~~~~~~~~^^^^^^^^^^^^^^^^^^
[rank8]:   File "/home/hice1/cman8/conda_env/chakra_fx/lib/python3.13/site-packages/torch/nn/modules/module.py", line 1775, in _wrapped_call_impl
[rank8]:     return self._call_impl(*args, **kwargs)
[rank8]:            ~~~~~~~~~~~~~~~^^^^^^^^^^^^^^^^^
[rank8]:   File "/home/hice1/cman8/conda_env/chakra_fx/lib/python3.13/site-packages/torch/nn/modules/module.py", line 1786, in _call_impl
[rank8]:     return forward_call(*args, **kwargs)
[rank8]:   File "/home/hice1/cman8/conda_env/chakra_fx/lib/python3.13/site-packages/torchtitan/models/llama3/model/model.py", line 237, in forward
[rank8]:     return self.w2(F.silu(self.w1(x)) * self.w3(x))
[rank8]:            ~~~~~~~^^^^^^^^^^^^^^^^^^^^^^^^^^^^^^^^^
[rank8]:   File "/home/hice1/cman8/conda_env/chakra_fx/lib/python3.13/site-packages/torch/nn/modules/module.py", line 1775, in _wrapped_call_impl
[rank8]:     return self._call_impl(*args, **kwargs)
[rank8]:            ~~~~~~~~~~~~~~~^^^^^^^^^^^^^^^^^
[rank8]:   File "/home/hice1/cman8/conda_env/chakra_fx/lib/python3.13/site-packages/torch/nn/modules/module.py", line 1786, in _call_impl
[rank8]:     return forward_call(*args, **kwargs)
[rank8]:   File "/home/hice1/cman8/conda_env/chakra_fx/lib/python3.13/site-packages/torch/nn/modules/linear.py", line 134, in forward
[rank8]:     return F.linear(input, self.weight, self.bias)
[rank8]:            ~~~~~~~~^^^^^^^^^^^^^^^^^^^^^^^^^^^^^^^
[rank8]: torch.OutOfMemoryError: CUDA out of memory. Tried to allocate 96.00 MiB. GPU 0 has a total capacity of 79.18 GiB of which 49.44 MiB is free. Including non-PyTorch memory, this process has 75.41 GiB memory in use. Process 992247 has 536.00 MiB memory in use. Process 992252 has 536.00 MiB memory in use. Process 992250 has 536.00 MiB memory in use. Process 992251 has 536.00 MiB memory in use. Process 992246 has 536.00 MiB memory in use. Process 992249 has 536.00 MiB memory in use. Process 992248 has 536.00 MiB memory in use. Of the allocated memory 74.06 GiB is allocated by PyTorch, and 4.02 MiB is reserved by PyTorch but unallocated. If reserved but unallocated memory is large try setting PYTORCH_CUDA_ALLOC_CONF=expandable_segments:True to avoid fragmentation.  See documentation for Memory Management  (https://pytorch.org/docs/stable/notes/cuda.html#environment-variables)
[rank16]: Traceback (most recent call last):
[rank16]:   File "/storage/ice1/5/1/cman8/shared/chakra_fx/profile_fxgraph.py", line 92, in <module>
[rank16]:     profiler.run_eager_fwbw_kineto_pass()
[rank16]:     ~~~~~~~~~~~~~~~~~~~~~~~~~~~~~~~~~~~^^
[rank16]:   File "/storage/ice1/5/1/cman8/shared/chakra_fx/src/chakra_fx/profilers/model_profiler.py", line 164, in run_eager_fwbw_kineto_pass
[rank16]:     output = self.model(self.sample_input)
[rank16]:   File "/home/hice1/cman8/conda_env/chakra_fx/lib/python3.13/site-packages/torch/nn/modules/module.py", line 1775, in _wrapped_call_impl
[rank16]:     return self._call_impl(*args, **kwargs)
[rank16]:            ~~~~~~~~~~~~~~~^^^^^^^^^^^^^^^^^
[rank16]:   File "/home/hice1/cman8/conda_env/chakra_fx/lib/python3.13/site-packages/torch/nn/modules/module.py", line 1786, in _call_impl
[rank16]:     return forward_call(*args, **kwargs)
[rank16]:   File "/home/hice1/cman8/conda_env/chakra_fx/lib/python3.13/site-packages/torchtitan/models/llama3/model/model.py", line 428, in forward
[rank16]:     h = layer(h, self.freqs_cis)
[rank16]:   File "/home/hice1/cman8/conda_env/chakra_fx/lib/python3.13/site-packages/torch/nn/modules/module.py", line 1775, in _wrapped_call_impl
[rank16]:     return self._call_impl(*args, **kwargs)
[rank16]:            ~~~~~~~~~~~~~~~^^^^^^^^^^^^^^^^^
[rank16]:   File "/home/hice1/cman8/conda_env/chakra_fx/lib/python3.13/site-packages/torch/nn/modules/module.py", line 1786, in _call_impl
[rank16]:     return forward_call(*args, **kwargs)
[rank16]:   File "/home/hice1/cman8/conda_env/chakra_fx/lib/python3.13/site-packages/torchtitan/models/llama3/model/model.py", line 301, in forward
[rank16]:     out = h + self.feed_forward(self.ffn_norm(h))
[rank16]:               ~~~~~~~~~~~~~~~~~^^^^^^^^^^^^^^^^^^
[rank16]:   File "/home/hice1/cman8/conda_env/chakra_fx/lib/python3.13/site-packages/torch/nn/modules/module.py", line 1775, in _wrapped_call_impl
[rank16]:     return self._call_impl(*args, **kwargs)
[rank16]:            ~~~~~~~~~~~~~~~^^^^^^^^^^^^^^^^^
[rank16]:   File "/home/hice1/cman8/conda_env/chakra_fx/lib/python3.13/site-packages/torch/nn/modules/module.py", line 1786, in _call_impl
[rank16]:     return forward_call(*args, **kwargs)
[rank16]:   File "/home/hice1/cman8/conda_env/chakra_fx/lib/python3.13/site-packages/torchtitan/models/llama3/model/model.py", line 237, in forward
[rank16]:     return self.w2(F.silu(self.w1(x)) * self.w3(x))
[rank16]:            ~~~~~~~^^^^^^^^^^^^^^^^^^^^^^^^^^^^^^^^^
[rank16]:   File "/home/hice1/cman8/conda_env/chakra_fx/lib/python3.13/site-packages/torch/nn/modules/module.py", line 1775, in _wrapped_call_impl
[rank16]:     return self._call_impl(*args, **kwargs)
[rank16]:            ~~~~~~~~~~~~~~~^^^^^^^^^^^^^^^^^
[rank16]:   File "/home/hice1/cman8/conda_env/chakra_fx/lib/python3.13/site-packages/torch/nn/modules/module.py", line 1786, in _call_impl
[rank16]:     return forward_call(*args, **kwargs)
[rank16]:   File "/home/hice1/cman8/conda_env/chakra_fx/lib/python3.13/site-packages/torch/nn/modules/linear.py", line 134, in forward
[rank16]:     return F.linear(input, self.weight, self.bias)
[rank16]:            ~~~~~~~~^^^^^^^^^^^^^^^^^^^^^^^^^^^^^^^
[rank16]: torch.OutOfMemoryError: CUDA out of memory. Tried to allocate 96.00 MiB. GPU 0 has a total capacity of 79.18 GiB of which 49.44 MiB is free. Process 999862 has 536.00 MiB memory in use. Process 999861 has 536.00 MiB memory in use. Process 999864 has 536.00 MiB memory in use. Process 999866 has 536.00 MiB memory in use. Process 999863 has 536.00 MiB memory in use. Process 999867 has 536.00 MiB memory in use. Including non-PyTorch memory, this process has 75.41 GiB memory in use. Process 999865 has 536.00 MiB memory in use. Of the allocated memory 74.06 GiB is allocated by PyTorch, and 4.02 MiB is reserved by PyTorch but unallocated. If reserved but unallocated memory is large try setting PYTORCH_CUDA_ALLOC_CONF=expandable_segments:True to avoid fragmentation.  See documentation for Memory Management  (https://pytorch.org/docs/stable/notes/cuda.html#environment-variables)
[rank24]: Traceback (most recent call last):
[rank24]:   File "/storage/ice1/5/1/cman8/shared/chakra_fx/profile_fxgraph.py", line 92, in <module>
[rank24]:     profiler.run_eager_fwbw_kineto_pass()
[rank24]:     ~~~~~~~~~~~~~~~~~~~~~~~~~~~~~~~~~~~^^
[rank24]:   File "/storage/ice1/5/1/cman8/shared/chakra_fx/src/chakra_fx/profilers/model_profiler.py", line 164, in run_eager_fwbw_kineto_pass
[rank24]:     output = self.model(self.sample_input)
[rank24]:   File "/home/hice1/cman8/conda_env/chakra_fx/lib/python3.13/site-packages/torch/nn/modules/module.py", line 1775, in _wrapped_call_impl
[rank24]:     return self._call_impl(*args, **kwargs)
[rank24]:            ~~~~~~~~~~~~~~~^^^^^^^^^^^^^^^^^
[rank24]:   File "/home/hice1/cman8/conda_env/chakra_fx/lib/python3.13/site-packages/torch/nn/modules/module.py", line 1786, in _call_impl
[rank24]:     return forward_call(*args, **kwargs)
[rank24]:   File "/home/hice1/cman8/conda_env/chakra_fx/lib/python3.13/site-packages/torchtitan/models/llama3/model/model.py", line 428, in forward
[rank24]:     h = layer(h, self.freqs_cis)
[rank24]:   File "/home/hice1/cman8/conda_env/chakra_fx/lib/python3.13/site-packages/torch/nn/modules/module.py", line 1775, in _wrapped_call_impl
[rank24]:     return self._call_impl(*args, **kwargs)
[rank24]:            ~~~~~~~~~~~~~~~^^^^^^^^^^^^^^^^^
[rank24]:   File "/home/hice1/cman8/conda_env/chakra_fx/lib/python3.13/site-packages/torch/nn/modules/module.py", line 1786, in _call_impl
[rank24]:     return forward_call(*args, **kwargs)
[rank24]:   File "/home/hice1/cman8/conda_env/chakra_fx/lib/python3.13/site-packages/torchtitan/models/llama3/model/model.py", line 301, in forward
[rank24]:     out = h + self.feed_forward(self.ffn_norm(h))
[rank24]:               ~~~~~~~~~~~~~~~~~^^^^^^^^^^^^^^^^^^
[rank24]:   File "/home/hice1/cman8/conda_env/chakra_fx/lib/python3.13/site-packages/torch/nn/modules/module.py", line 1775, in _wrapped_call_impl
[rank24]:     return self._call_impl(*args, **kwargs)
[rank24]:            ~~~~~~~~~~~~~~~^^^^^^^^^^^^^^^^^
[rank24]:   File "/home/hice1/cman8/conda_env/chakra_fx/lib/python3.13/site-packages/torch/nn/modules/module.py", line 1786, in _call_impl
[rank24]:     return forward_call(*args, **kwargs)
[rank24]:   File "/home/hice1/cman8/conda_env/chakra_fx/lib/python3.13/site-packages/torchtitan/models/llama3/model/model.py", line 237, in forward
[rank24]:     return self.w2(F.silu(self.w1(x)) * self.w3(x))
[rank24]:            ~~~~~~~^^^^^^^^^^^^^^^^^^^^^^^^^^^^^^^^^
[rank24]:   File "/home/hice1/cman8/conda_env/chakra_fx/lib/python3.13/site-packages/torch/nn/modules/module.py", line 1775, in _wrapped_call_impl
[rank24]:     return self._call_impl(*args, **kwargs)
[rank24]:            ~~~~~~~~~~~~~~~^^^^^^^^^^^^^^^^^
[rank24]:   File "/home/hice1/cman8/conda_env/chakra_fx/lib/python3.13/site-packages/torch/nn/modules/module.py", line 1786, in _call_impl
[rank24]:     return forward_call(*args, **kwargs)
[rank24]:   File "/home/hice1/cman8/conda_env/chakra_fx/lib/python3.13/site-packages/torch/nn/modules/linear.py", line 134, in forward
[rank24]:     return F.linear(input, self.weight, self.bias)
[rank24]:            ~~~~~~~~^^^^^^^^^^^^^^^^^^^^^^^^^^^^^^^
[rank24]: torch.OutOfMemoryError: CUDA out of memory. Tried to allocate 96.00 MiB. GPU 0 has a total capacity of 79.18 GiB of which 49.44 MiB is free. Including non-PyTorch memory, this process has 75.41 GiB memory in use. Process 970336 has 536.00 MiB memory in use. Process 970335 has 536.00 MiB memory in use. Process 970341 has 536.00 MiB memory in use. Process 970340 has 536.00 MiB memory in use. Process 970338 has 536.00 MiB memory in use. Process 970339 has 536.00 MiB memory in use. Process 970337 has 536.00 MiB memory in use. Of the allocated memory 74.06 GiB is allocated by PyTorch, and 4.02 MiB is reserved by PyTorch but unallocated. If reserved but unallocated memory is large try setting PYTORCH_CUDA_ALLOC_CONF=expandable_segments:True to avoid fragmentation.  See documentation for Memory Management  (https://pytorch.org/docs/stable/notes/cuda.html#environment-variables)
[rank0]: Traceback (most recent call last):
[rank0]:   File "/storage/ice1/5/1/cman8/shared/chakra_fx/profile_fxgraph.py", line 92, in <module>
[rank0]:     profiler.run_eager_fwbw_kineto_pass()
[rank0]:     ~~~~~~~~~~~~~~~~~~~~~~~~~~~~~~~~~~~^^
[rank0]:   File "/storage/ice1/5/1/cman8/shared/chakra_fx/src/chakra_fx/profilers/model_profiler.py", line 164, in run_eager_fwbw_kineto_pass
[rank0]:     output = self.model(self.sample_input)
[rank0]:   File "/home/hice1/cman8/conda_env/chakra_fx/lib/python3.13/site-packages/torch/nn/modules/module.py", line 1775, in _wrapped_call_impl
[rank0]:     return self._call_impl(*args, **kwargs)
[rank0]:            ~~~~~~~~~~~~~~~^^^^^^^^^^^^^^^^^
[rank0]:   File "/home/hice1/cman8/conda_env/chakra_fx/lib/python3.13/site-packages/torch/nn/modules/module.py", line 1786, in _call_impl
[rank0]:     return forward_call(*args, **kwargs)
[rank0]:   File "/home/hice1/cman8/conda_env/chakra_fx/lib/python3.13/site-packages/torchtitan/models/llama3/model/model.py", line 428, in forward
[rank0]:     h = layer(h, self.freqs_cis)
[rank0]:   File "/home/hice1/cman8/conda_env/chakra_fx/lib/python3.13/site-packages/torch/nn/modules/module.py", line 1775, in _wrapped_call_impl
[rank0]:     return self._call_impl(*args, **kwargs)
[rank0]:            ~~~~~~~~~~~~~~~^^^^^^^^^^^^^^^^^
[rank0]:   File "/home/hice1/cman8/conda_env/chakra_fx/lib/python3.13/site-packages/torch/nn/modules/module.py", line 1786, in _call_impl
[rank0]:     return forward_call(*args, **kwargs)
[rank0]:   File "/home/hice1/cman8/conda_env/chakra_fx/lib/python3.13/site-packages/torchtitan/models/llama3/model/model.py", line 301, in forward
[rank0]:     out = h + self.feed_forward(self.ffn_norm(h))
[rank0]:               ~~~~~~~~~~~~~~~~~^^^^^^^^^^^^^^^^^^
[rank0]:   File "/home/hice1/cman8/conda_env/chakra_fx/lib/python3.13/site-packages/torch/nn/modules/module.py", line 1775, in _wrapped_call_impl
[rank0]:     return self._call_impl(*args, **kwargs)
[rank0]:            ~~~~~~~~~~~~~~~^^^^^^^^^^^^^^^^^
[rank0]:   File "/home/hice1/cman8/conda_env/chakra_fx/lib/python3.13/site-packages/torch/nn/modules/module.py", line 1786, in _call_impl
[rank0]:     return forward_call(*args, **kwargs)
[rank0]:   File "/home/hice1/cman8/conda_env/chakra_fx/lib/python3.13/site-packages/torchtitan/models/llama3/model/model.py", line 237, in forward
[rank0]:     return self.w2(F.silu(self.w1(x)) * self.w3(x))
[rank0]:            ~~~~~~~^^^^^^^^^^^^^^^^^^^^^^^^^^^^^^^^^
[rank0]:   File "/home/hice1/cman8/conda_env/chakra_fx/lib/python3.13/site-packages/torch/nn/modules/module.py", line 1775, in _wrapped_call_impl
[rank0]:     return self._call_impl(*args, **kwargs)
[rank0]:            ~~~~~~~~~~~~~~~^^^^^^^^^^^^^^^^^
[rank0]:   File "/home/hice1/cman8/conda_env/chakra_fx/lib/python3.13/site-packages/torch/nn/modules/module.py", line 1786, in _call_impl
[rank0]:     return forward_call(*args, **kwargs)
[rank0]:   File "/home/hice1/cman8/conda_env/chakra_fx/lib/python3.13/site-packages/torch/nn/modules/linear.py", line 134, in forward
[rank0]:     return F.linear(input, self.weight, self.bias)
[rank0]:            ~~~~~~~~^^^^^^^^^^^^^^^^^^^^^^^^^^^^^^^
[rank0]: torch.OutOfMemoryError: CUDA out of memory. Tried to allocate 96.00 MiB. GPU 0 has a total capacity of 79.18 GiB of which 49.44 MiB is free. Process 1401711 has 536.00 MiB memory in use. Process 1401707 has 536.00 MiB memory in use. Process 1401708 has 536.00 MiB memory in use. Process 1401710 has 536.00 MiB memory in use. Process 1401709 has 536.00 MiB memory in use. Process 1401706 has 536.00 MiB memory in use. Including non-PyTorch memory, this process has 75.41 GiB memory in use. Process 1401712 has 536.00 MiB memory in use. Of the allocated memory 74.06 GiB is allocated by PyTorch, and 4.02 MiB is reserved by PyTorch but unallocated. If reserved but unallocated memory is large try setting PYTORCH_CUDA_ALLOC_CONF=expandable_segments:True to avoid fragmentation.  See documentation for Memory Management  (https://pytorch.org/docs/stable/notes/cuda.html#environment-variables)
[rank31]: Traceback (most recent call last):
[rank31]:   File "/storage/ice1/5/1/cman8/shared/chakra_fx/profile_fxgraph.py", line 92, in <module>
[rank31]:     profiler.run_eager_fwbw_kineto_pass()
[rank31]:     ~~~~~~~~~~~~~~~~~~~~~~~~~~~~~~~~~~~^^
[rank31]:   File "/storage/ice1/5/1/cman8/shared/chakra_fx/src/chakra_fx/profilers/model_profiler.py", line 164, in run_eager_fwbw_kineto_pass
[rank31]:     output = self.model(self.sample_input)
[rank31]:   File "/home/hice1/cman8/conda_env/chakra_fx/lib/python3.13/site-packages/torch/nn/modules/module.py", line 1775, in _wrapped_call_impl
[rank31]:     return self._call_impl(*args, **kwargs)
[rank31]:            ~~~~~~~~~~~~~~~^^^^^^^^^^^^^^^^^
[rank31]:   File "/home/hice1/cman8/conda_env/chakra_fx/lib/python3.13/site-packages/torch/nn/modules/module.py", line 1786, in _call_impl
[rank31]:     return forward_call(*args, **kwargs)
[rank31]:   File "/home/hice1/cman8/conda_env/chakra_fx/lib/python3.13/site-packages/torchtitan/models/llama3/model/model.py", line 428, in forward
[rank31]:     h = layer(h, self.freqs_cis)
[rank31]:   File "/home/hice1/cman8/conda_env/chakra_fx/lib/python3.13/site-packages/torch/nn/modules/module.py", line 1775, in _wrapped_call_impl
[rank31]:     return self._call_impl(*args, **kwargs)
[rank31]:            ~~~~~~~~~~~~~~~^^^^^^^^^^^^^^^^^
[rank31]:   File "/home/hice1/cman8/conda_env/chakra_fx/lib/python3.13/site-packages/torch/nn/modules/module.py", line 1786, in _call_impl
[rank31]:     return forward_call(*args, **kwargs)
[rank31]:   File "/home/hice1/cman8/conda_env/chakra_fx/lib/python3.13/site-packages/torchtitan/models/llama3/model/model.py", line 300, in forward
[rank31]:     h = x + self.attention(self.attention_norm(x), freqs_cis)
[rank31]:             ~~~~~~~~~~~~~~^^^^^^^^^^^^^^^^^^^^^^^^^^^^^^^^^^^
[rank31]:   File "/home/hice1/cman8/conda_env/chakra_fx/lib/python3.13/site-packages/torch/nn/modules/module.py", line 1775, in _wrapped_call_impl
[rank31]:     return self._call_impl(*args, **kwargs)
[rank31]:            ~~~~~~~~~~~~~~~^^^^^^^^^^^^^^^^^
[rank31]:   File "/home/hice1/cman8/conda_env/chakra_fx/lib/python3.13/site-packages/torch/nn/modules/module.py", line 1786, in _call_impl
[rank31]:     return forward_call(*args, **kwargs)
[rank31]:   File "/home/hice1/cman8/conda_env/chakra_fx/lib/python3.13/site-packages/torchtitan/models/llama3/model/model.py", line 182, in forward
[rank31]:     xq, xk = apply_rotary_emb(xq, xk, freqs_cis=freqs_cis)
[rank31]:              ~~~~~~~~~~~~~~~~^^^^^^^^^^^^^^^^^^^^^^^^^^^^^
[rank31]:   File "/home/hice1/cman8/conda_env/chakra_fx/lib/python3.13/site-packages/torchtitan/models/llama3/model/model.py", line 93, in apply_rotary_emb
[rank31]:     xq_out = torch.view_as_real(xq_ * freqs_cis).flatten(3)
[rank31]:                                 ~~~~^~~~~~~~~~~
[rank31]: torch.OutOfMemoryError: CUDA out of memory. Tried to allocate 96.00 MiB. GPU 7 has a total capacity of 79.18 GiB of which 38.38 MiB is free. Including non-PyTorch memory, this process has 79.13 GiB memory in use. Of the allocated memory 77.78 GiB is allocated by PyTorch, and 3.24 MiB is reserved by PyTorch but unallocated. If reserved but unallocated memory is large try setting PYTORCH_CUDA_ALLOC_CONF=expandable_segments:True to avoid fragmentation.  See documentation for Memory Management  (https://pytorch.org/docs/stable/notes/cuda.html#environment-variables)
[rank29]: Traceback (most recent call last):
[rank29]:   File "/storage/ice1/5/1/cman8/shared/chakra_fx/profile_fxgraph.py", line 92, in <module>
[rank29]:     profiler.run_eager_fwbw_kineto_pass()
[rank29]:     ~~~~~~~~~~~~~~~~~~~~~~~~~~~~~~~~~~~^^
[rank29]:   File "/storage/ice1/5/1/cman8/shared/chakra_fx/src/chakra_fx/profilers/model_profiler.py", line 164, in run_eager_fwbw_kineto_pass
[rank29]:     output = self.model(self.sample_input)
[rank29]:   File "/home/hice1/cman8/conda_env/chakra_fx/lib/python3.13/site-packages/torch/nn/modules/module.py", line 1775, in _wrapped_call_impl
[rank29]:     return self._call_impl(*args, **kwargs)
[rank29]:            ~~~~~~~~~~~~~~~^^^^^^^^^^^^^^^^^
[rank29]:   File "/home/hice1/cman8/conda_env/chakra_fx/lib/python3.13/site-packages/torch/nn/modules/module.py", line 1786, in _call_impl
[rank29]:     return forward_call(*args, **kwargs)
[rank29]:   File "/home/hice1/cman8/conda_env/chakra_fx/lib/python3.13/site-packages/torchtitan/models/llama3/model/model.py", line 428, in forward
[rank29]:     h = layer(h, self.freqs_cis)
[rank29]:   File "/home/hice1/cman8/conda_env/chakra_fx/lib/python3.13/site-packages/torch/nn/modules/module.py", line 1775, in _wrapped_call_impl
[rank29]:     return self._call_impl(*args, **kwargs)
[rank29]:            ~~~~~~~~~~~~~~~^^^^^^^^^^^^^^^^^
[rank29]:   File "/home/hice1/cman8/conda_env/chakra_fx/lib/python3.13/site-packages/torch/nn/modules/module.py", line 1786, in _call_impl
[rank29]:     return forward_call(*args, **kwargs)
[rank29]:   File "/home/hice1/cman8/conda_env/chakra_fx/lib/python3.13/site-packages/torchtitan/models/llama3/model/model.py", line 300, in forward
[rank29]:     h = x + self.attention(self.attention_norm(x), freqs_cis)
[rank29]:             ~~~~~~~~~~~~~~^^^^^^^^^^^^^^^^^^^^^^^^^^^^^^^^^^^
[rank29]:   File "/home/hice1/cman8/conda_env/chakra_fx/lib/python3.13/site-packages/torch/nn/modules/module.py", line 1775, in _wrapped_call_impl
[rank29]:     return self._call_impl(*args, **kwargs)
[rank29]:            ~~~~~~~~~~~~~~~^^^^^^^^^^^^^^^^^
[rank29]:   File "/home/hice1/cman8/conda_env/chakra_fx/lib/python3.13/site-packages/torch/nn/modules/module.py", line 1786, in _call_impl
[rank29]:     return forward_call(*args, **kwargs)
[rank29]:   File "/home/hice1/cman8/conda_env/chakra_fx/lib/python3.13/site-packages/torchtitan/models/llama3/model/model.py", line 182, in forward
[rank29]:     xq, xk = apply_rotary_emb(xq, xk, freqs_cis=freqs_cis)
[rank29]:              ~~~~~~~~~~~~~~~~^^^^^^^^^^^^^^^^^^^^^^^^^^^^^
[rank29]:   File "/home/hice1/cman8/conda_env/chakra_fx/lib/python3.13/site-packages/torchtitan/models/llama3/model/model.py", line 93, in apply_rotary_emb
[rank29]:     xq_out = torch.view_as_real(xq_ * freqs_cis).flatten(3)
[rank29]:                                 ~~~~^~~~~~~~~~~
[rank29]: torch.OutOfMemoryError: CUDA out of memory. Tried to allocate 96.00 MiB. GPU 5 has a total capacity of 79.18 GiB of which 70.38 MiB is free. Including non-PyTorch memory, this process has 79.10 GiB memory in use. Of the allocated memory 77.78 GiB is allocated by PyTorch, and 3.24 MiB is reserved by PyTorch but unallocated. If reserved but unallocated memory is large try setting PYTORCH_CUDA_ALLOC_CONF=expandable_segments:True to avoid fragmentation.  See documentation for Memory Management  (https://pytorch.org/docs/stable/notes/cuda.html#environment-variables)
[rank27]: Traceback (most recent call last):
[rank27]:   File "/storage/ice1/5/1/cman8/shared/chakra_fx/profile_fxgraph.py", line 92, in <module>
[rank27]:     profiler.run_eager_fwbw_kineto_pass()
[rank27]:     ~~~~~~~~~~~~~~~~~~~~~~~~~~~~~~~~~~~^^
[rank27]:   File "/storage/ice1/5/1/cman8/shared/chakra_fx/src/chakra_fx/profilers/model_profiler.py", line 164, in run_eager_fwbw_kineto_pass
[rank27]:     output = self.model(self.sample_input)
[rank27]:   File "/home/hice1/cman8/conda_env/chakra_fx/lib/python3.13/site-packages/torch/nn/modules/module.py", line 1775, in _wrapped_call_impl
[rank27]:     return self._call_impl(*args, **kwargs)
[rank27]:            ~~~~~~~~~~~~~~~^^^^^^^^^^^^^^^^^
[rank27]:   File "/home/hice1/cman8/conda_env/chakra_fx/lib/python3.13/site-packages/torch/nn/modules/module.py", line 1786, in _call_impl
[rank27]:     return forward_call(*args, **kwargs)
[rank27]:   File "/home/hice1/cman8/conda_env/chakra_fx/lib/python3.13/site-packages/torchtitan/models/llama3/model/model.py", line 428, in forward
[rank27]:     h = layer(h, self.freqs_cis)
[rank27]:   File "/home/hice1/cman8/conda_env/chakra_fx/lib/python3.13/site-packages/torch/nn/modules/module.py", line 1775, in _wrapped_call_impl
[rank27]:     return self._call_impl(*args, **kwargs)
[rank27]:            ~~~~~~~~~~~~~~~^^^^^^^^^^^^^^^^^
[rank27]:   File "/home/hice1/cman8/conda_env/chakra_fx/lib/python3.13/site-packages/torch/nn/modules/module.py", line 1786, in _call_impl
[rank27]:     return forward_call(*args, **kwargs)
[rank27]:   File "/home/hice1/cman8/conda_env/chakra_fx/lib/python3.13/site-packages/torchtitan/models/llama3/model/model.py", line 300, in forward
[rank27]:     h = x + self.attention(self.attention_norm(x), freqs_cis)
[rank27]:             ~~~~~~~~~~~~~~^^^^^^^^^^^^^^^^^^^^^^^^^^^^^^^^^^^
[rank27]:   File "/home/hice1/cman8/conda_env/chakra_fx/lib/python3.13/site-packages/torch/nn/modules/module.py", line 1775, in _wrapped_call_impl
[rank27]:     return self._call_impl(*args, **kwargs)
[rank27]:            ~~~~~~~~~~~~~~~^^^^^^^^^^^^^^^^^
[rank27]:   File "/home/hice1/cman8/conda_env/chakra_fx/lib/python3.13/site-packages/torch/nn/modules/module.py", line 1786, in _call_impl
[rank27]:     return forward_call(*args, **kwargs)
[rank27]:   File "/home/hice1/cman8/conda_env/chakra_fx/lib/python3.13/site-packages/torchtitan/models/llama3/model/model.py", line 182, in forward
[rank27]:     xq, xk = apply_rotary_emb(xq, xk, freqs_cis=freqs_cis)
[rank27]:              ~~~~~~~~~~~~~~~~^^^^^^^^^^^^^^^^^^^^^^^^^^^^^
[rank27]:   File "/home/hice1/cman8/conda_env/chakra_fx/lib/python3.13/site-packages/torchtitan/models/llama3/model/model.py", line 93, in apply_rotary_emb
[rank27]:     xq_out = torch.view_as_real(xq_ * freqs_cis).flatten(3)
[rank27]:                                 ~~~~^~~~~~~~~~~
[rank27]: torch.OutOfMemoryError: CUDA out of memory. Tried to allocate 96.00 MiB. GPU 3 has a total capacity of 79.18 GiB of which 38.38 MiB is free. Including non-PyTorch memory, this process has 79.13 GiB memory in use. Of the allocated memory 77.78 GiB is allocated by PyTorch, and 3.24 MiB is reserved by PyTorch but unallocated. If reserved but unallocated memory is large try setting PYTORCH_CUDA_ALLOC_CONF=expandable_segments:True to avoid fragmentation.  See documentation for Memory Management  (https://pytorch.org/docs/stable/notes/cuda.html#environment-variables)
[rank26]: Traceback (most recent call last):
[rank26]:   File "/storage/ice1/5/1/cman8/shared/chakra_fx/profile_fxgraph.py", line 92, in <module>
[rank26]:     profiler.run_eager_fwbw_kineto_pass()
[rank26]:     ~~~~~~~~~~~~~~~~~~~~~~~~~~~~~~~~~~~^^
[rank26]:   File "/storage/ice1/5/1/cman8/shared/chakra_fx/src/chakra_fx/profilers/model_profiler.py", line 164, in run_eager_fwbw_kineto_pass
[rank26]:     output = self.model(self.sample_input)
[rank26]:   File "/home/hice1/cman8/conda_env/chakra_fx/lib/python3.13/site-packages/torch/nn/modules/module.py", line 1775, in _wrapped_call_impl
[rank26]:     return self._call_impl(*args, **kwargs)
[rank26]:            ~~~~~~~~~~~~~~~^^^^^^^^^^^^^^^^^
[rank26]:   File "/home/hice1/cman8/conda_env/chakra_fx/lib/python3.13/site-packages/torch/nn/modules/module.py", line 1786, in _call_impl
[rank26]:     return forward_call(*args, **kwargs)
[rank26]:   File "/home/hice1/cman8/conda_env/chakra_fx/lib/python3.13/site-packages/torchtitan/models/llama3/model/model.py", line 428, in forward
[rank26]:     h = layer(h, self.freqs_cis)
[rank26]:   File "/home/hice1/cman8/conda_env/chakra_fx/lib/python3.13/site-packages/torch/nn/modules/module.py", line 1775, in _wrapped_call_impl
[rank26]:     return self._call_impl(*args, **kwargs)
[rank26]:            ~~~~~~~~~~~~~~~^^^^^^^^^^^^^^^^^
[rank26]:   File "/home/hice1/cman8/conda_env/chakra_fx/lib/python3.13/site-packages/torch/nn/modules/module.py", line 1786, in _call_impl
[rank26]:     return forward_call(*args, **kwargs)
[rank26]:   File "/home/hice1/cman8/conda_env/chakra_fx/lib/python3.13/site-packages/torchtitan/models/llama3/model/model.py", line 300, in forward
[rank26]:     h = x + self.attention(self.attention_norm(x), freqs_cis)
[rank26]:             ~~~~~~~~~~~~~~^^^^^^^^^^^^^^^^^^^^^^^^^^^^^^^^^^^
[rank26]:   File "/home/hice1/cman8/conda_env/chakra_fx/lib/python3.13/site-packages/torch/nn/modules/module.py", line 1775, in _wrapped_call_impl
[rank26]:     return self._call_impl(*args, **kwargs)
[rank26]:            ~~~~~~~~~~~~~~~^^^^^^^^^^^^^^^^^
[rank26]:   File "/home/hice1/cman8/conda_env/chakra_fx/lib/python3.13/site-packages/torch/nn/modules/module.py", line 1786, in _call_impl
[rank26]:     return forward_call(*args, **kwargs)
[rank26]:   File "/home/hice1/cman8/conda_env/chakra_fx/lib/python3.13/site-packages/torchtitan/models/llama3/model/model.py", line 182, in forward
[rank26]:     xq, xk = apply_rotary_emb(xq, xk, freqs_cis=freqs_cis)
[rank26]:              ~~~~~~~~~~~~~~~~^^^^^^^^^^^^^^^^^^^^^^^^^^^^^
[rank26]:   File "/home/hice1/cman8/conda_env/chakra_fx/lib/python3.13/site-packages/torchtitan/models/llama3/model/model.py", line 93, in apply_rotary_emb
[rank26]:     xq_out = torch.view_as_real(xq_ * freqs_cis).flatten(3)
[rank26]:                                 ~~~~^~~~~~~~~~~
[rank26]: torch.OutOfMemoryError: CUDA out of memory. Tried to allocate 96.00 MiB. GPU 2 has a total capacity of 79.18 GiB of which 38.38 MiB is free. Including non-PyTorch memory, this process has 79.13 GiB memory in use. Of the allocated memory 77.78 GiB is allocated by PyTorch, and 3.24 MiB is reserved by PyTorch but unallocated. If reserved but unallocated memory is large try setting PYTORCH_CUDA_ALLOC_CONF=expandable_segments:True to avoid fragmentation.  See documentation for Memory Management  (https://pytorch.org/docs/stable/notes/cuda.html#environment-variables)
[rank30]: Traceback (most recent call last):
[rank30]:   File "/storage/ice1/5/1/cman8/shared/chakra_fx/profile_fxgraph.py", line 92, in <module>
[rank30]:     profiler.run_eager_fwbw_kineto_pass()
[rank30]:     ~~~~~~~~~~~~~~~~~~~~~~~~~~~~~~~~~~~^^
[rank30]:   File "/storage/ice1/5/1/cman8/shared/chakra_fx/src/chakra_fx/profilers/model_profiler.py", line 164, in run_eager_fwbw_kineto_pass
[rank30]:     output = self.model(self.sample_input)
[rank30]:   File "/home/hice1/cman8/conda_env/chakra_fx/lib/python3.13/site-packages/torch/nn/modules/module.py", line 1775, in _wrapped_call_impl
[rank30]:     return self._call_impl(*args, **kwargs)
[rank30]:            ~~~~~~~~~~~~~~~^^^^^^^^^^^^^^^^^
[rank30]:   File "/home/hice1/cman8/conda_env/chakra_fx/lib/python3.13/site-packages/torch/nn/modules/module.py", line 1786, in _call_impl
[rank30]:     return forward_call(*args, **kwargs)
[rank30]:   File "/home/hice1/cman8/conda_env/chakra_fx/lib/python3.13/site-packages/torchtitan/models/llama3/model/model.py", line 428, in forward
[rank30]:     h = layer(h, self.freqs_cis)
[rank30]:   File "/home/hice1/cman8/conda_env/chakra_fx/lib/python3.13/site-packages/torch/nn/modules/module.py", line 1775, in _wrapped_call_impl
[rank30]:     return self._call_impl(*args, **kwargs)
[rank30]:            ~~~~~~~~~~~~~~~^^^^^^^^^^^^^^^^^
[rank30]:   File "/home/hice1/cman8/conda_env/chakra_fx/lib/python3.13/site-packages/torch/nn/modules/module.py", line 1786, in _call_impl
[rank30]:     return forward_call(*args, **kwargs)
[rank30]:   File "/home/hice1/cman8/conda_env/chakra_fx/lib/python3.13/site-packages/torchtitan/models/llama3/model/model.py", line 300, in forward
[rank30]:     h = x + self.attention(self.attention_norm(x), freqs_cis)
[rank30]:             ~~~~~~~~~~~~~~^^^^^^^^^^^^^^^^^^^^^^^^^^^^^^^^^^^
[rank30]:   File "/home/hice1/cman8/conda_env/chakra_fx/lib/python3.13/site-packages/torch/nn/modules/module.py", line 1775, in _wrapped_call_impl
[rank30]:     return self._call_impl(*args, **kwargs)
[rank30]:            ~~~~~~~~~~~~~~~^^^^^^^^^^^^^^^^^
[rank30]:   File "/home/hice1/cman8/conda_env/chakra_fx/lib/python3.13/site-packages/torch/nn/modules/module.py", line 1786, in _call_impl
[rank30]:     return forward_call(*args, **kwargs)
[rank30]:   File "/home/hice1/cman8/conda_env/chakra_fx/lib/python3.13/site-packages/torchtitan/models/llama3/model/model.py", line 182, in forward
[rank30]:     xq, xk = apply_rotary_emb(xq, xk, freqs_cis=freqs_cis)
[rank30]:              ~~~~~~~~~~~~~~~~^^^^^^^^^^^^^^^^^^^^^^^^^^^^^
[rank30]:   File "/home/hice1/cman8/conda_env/chakra_fx/lib/python3.13/site-packages/torchtitan/models/llama3/model/model.py", line 93, in apply_rotary_emb
[rank30]:     xq_out = torch.view_as_real(xq_ * freqs_cis).flatten(3)
[rank30]:                                 ~~~~^~~~~~~~~~~
[rank30]: torch.OutOfMemoryError: CUDA out of memory. Tried to allocate 96.00 MiB. GPU 6 has a total capacity of 79.18 GiB of which 38.38 MiB is free. Including non-PyTorch memory, this process has 79.13 GiB memory in use. Of the allocated memory 77.78 GiB is allocated by PyTorch, and 3.24 MiB is reserved by PyTorch but unallocated. If reserved but unallocated memory is large try setting PYTORCH_CUDA_ALLOC_CONF=expandable_segments:True to avoid fragmentation.  See documentation for Memory Management  (https://pytorch.org/docs/stable/notes/cuda.html#environment-variables)
[rank25]: Traceback (most recent call last):
[rank25]:   File "/storage/ice1/5/1/cman8/shared/chakra_fx/profile_fxgraph.py", line 92, in <module>
[rank25]:     profiler.run_eager_fwbw_kineto_pass()
[rank25]:     ~~~~~~~~~~~~~~~~~~~~~~~~~~~~~~~~~~~^^
[rank25]:   File "/storage/ice1/5/1/cman8/shared/chakra_fx/src/chakra_fx/profilers/model_profiler.py", line 164, in run_eager_fwbw_kineto_pass
[rank25]:     output = self.model(self.sample_input)
[rank25]:   File "/home/hice1/cman8/conda_env/chakra_fx/lib/python3.13/site-packages/torch/nn/modules/module.py", line 1775, in _wrapped_call_impl
[rank25]:     return self._call_impl(*args, **kwargs)
[rank25]:            ~~~~~~~~~~~~~~~^^^^^^^^^^^^^^^^^
[rank25]:   File "/home/hice1/cman8/conda_env/chakra_fx/lib/python3.13/site-packages/torch/nn/modules/module.py", line 1786, in _call_impl
[rank25]:     return forward_call(*args, **kwargs)
[rank25]:   File "/home/hice1/cman8/conda_env/chakra_fx/lib/python3.13/site-packages/torchtitan/models/llama3/model/model.py", line 428, in forward
[rank25]:     h = layer(h, self.freqs_cis)
[rank25]:   File "/home/hice1/cman8/conda_env/chakra_fx/lib/python3.13/site-packages/torch/nn/modules/module.py", line 1775, in _wrapped_call_impl
[rank25]:     return self._call_impl(*args, **kwargs)
[rank25]:            ~~~~~~~~~~~~~~~^^^^^^^^^^^^^^^^^
[rank25]:   File "/home/hice1/cman8/conda_env/chakra_fx/lib/python3.13/site-packages/torch/nn/modules/module.py", line 1786, in _call_impl
[rank25]:     return forward_call(*args, **kwargs)
[rank25]:   File "/home/hice1/cman8/conda_env/chakra_fx/lib/python3.13/site-packages/torchtitan/models/llama3/model/model.py", line 300, in forward
[rank25]:     h = x + self.attention(self.attention_norm(x), freqs_cis)
[rank25]:             ~~~~~~~~~~~~~~^^^^^^^^^^^^^^^^^^^^^^^^^^^^^^^^^^^
[rank25]:   File "/home/hice1/cman8/conda_env/chakra_fx/lib/python3.13/site-packages/torch/nn/modules/module.py", line 1775, in _wrapped_call_impl
[rank25]:     return self._call_impl(*args, **kwargs)
[rank25]:            ~~~~~~~~~~~~~~~^^^^^^^^^^^^^^^^^
[rank25]:   File "/home/hice1/cman8/conda_env/chakra_fx/lib/python3.13/site-packages/torch/nn/modules/module.py", line 1786, in _call_impl
[rank25]:     return forward_call(*args, **kwargs)
[rank25]:   File "/home/hice1/cman8/conda_env/chakra_fx/lib/python3.13/site-packages/torchtitan/models/llama3/model/model.py", line 182, in forward
[rank25]:     xq, xk = apply_rotary_emb(xq, xk, freqs_cis=freqs_cis)
[rank25]:              ~~~~~~~~~~~~~~~~^^^^^^^^^^^^^^^^^^^^^^^^^^^^^
[rank25]:   File "/home/hice1/cman8/conda_env/chakra_fx/lib/python3.13/site-packages/torchtitan/models/llama3/model/model.py", line 93, in apply_rotary_emb
[rank25]:     xq_out = torch.view_as_real(xq_ * freqs_cis).flatten(3)
[rank25]:                                 ~~~~^~~~~~~~~~~
[rank25]: torch.OutOfMemoryError: CUDA out of memory. Tried to allocate 96.00 MiB. GPU 1 has a total capacity of 79.18 GiB of which 38.38 MiB is free. Including non-PyTorch memory, this process has 79.13 GiB memory in use. Of the allocated memory 77.78 GiB is allocated by PyTorch, and 3.24 MiB is reserved by PyTorch but unallocated. If reserved but unallocated memory is large try setting PYTORCH_CUDA_ALLOC_CONF=expandable_segments:True to avoid fragmentation.  See documentation for Memory Management  (https://pytorch.org/docs/stable/notes/cuda.html#environment-variables)
[rank7]: Traceback (most recent call last):
[rank7]:   File "/storage/ice1/5/1/cman8/shared/chakra_fx/profile_fxgraph.py", line 92, in <module>
[rank7]:     profiler.run_eager_fwbw_kineto_pass()
[rank7]:     ~~~~~~~~~~~~~~~~~~~~~~~~~~~~~~~~~~~^^
[rank7]:   File "/storage/ice1/5/1/cman8/shared/chakra_fx/src/chakra_fx/profilers/model_profiler.py", line 164, in run_eager_fwbw_kineto_pass
[rank7]:     output = self.model(self.sample_input)
[rank7]:   File "/home/hice1/cman8/conda_env/chakra_fx/lib/python3.13/site-packages/torch/nn/modules/module.py", line 1775, in _wrapped_call_impl
[rank7]:     return self._call_impl(*args, **kwargs)
[rank7]:            ~~~~~~~~~~~~~~~^^^^^^^^^^^^^^^^^
[rank7]:   File "/home/hice1/cman8/conda_env/chakra_fx/lib/python3.13/site-packages/torch/nn/modules/module.py", line 1786, in _call_impl
[rank7]:     return forward_call(*args, **kwargs)
[rank7]:   File "/home/hice1/cman8/conda_env/chakra_fx/lib/python3.13/site-packages/torchtitan/models/llama3/model/model.py", line 428, in forward
[rank7]:     h = layer(h, self.freqs_cis)
[rank7]:   File "/home/hice1/cman8/conda_env/chakra_fx/lib/python3.13/site-packages/torch/nn/modules/module.py", line 1775, in _wrapped_call_impl
[rank7]:     return self._call_impl(*args, **kwargs)
[rank7]:            ~~~~~~~~~~~~~~~^^^^^^^^^^^^^^^^^
[rank7]:   File "/home/hice1/cman8/conda_env/chakra_fx/lib/python3.13/site-packages/torch/nn/modules/module.py", line 1786, in _call_impl
[rank7]:     return forward_call(*args, **kwargs)
[rank7]:   File "/home/hice1/cman8/conda_env/chakra_fx/lib/python3.13/site-packages/torchtitan/models/llama3/model/model.py", line 300, in forward
[rank7]:     h = x + self.attention(self.attention_norm(x), freqs_cis)
[rank7]:             ~~~~~~~~~~~~~~^^^^^^^^^^^^^^^^^^^^^^^^^^^^^^^^^^^
[rank7]:   File "/home/hice1/cman8/conda_env/chakra_fx/lib/python3.13/site-packages/torch/nn/modules/module.py", line 1775, in _wrapped_call_impl
[rank7]:     return self._call_impl(*args, **kwargs)
[rank7]:            ~~~~~~~~~~~~~~~^^^^^^^^^^^^^^^^^
[rank7]:   File "/home/hice1/cman8/conda_env/chakra_fx/lib/python3.13/site-packages/torch/nn/modules/module.py", line 1786, in _call_impl
[rank7]:     return forward_call(*args, **kwargs)
[rank7]:   File "/home/hice1/cman8/conda_env/chakra_fx/lib/python3.13/site-packages/torchtitan/models/llama3/model/model.py", line 182, in forward
[rank7]:     xq, xk = apply_rotary_emb(xq, xk, freqs_cis=freqs_cis)
[rank7]:              ~~~~~~~~~~~~~~~~^^^^^^^^^^^^^^^^^^^^^^^^^^^^^
[rank7]:   File "/home/hice1/cman8/conda_env/chakra_fx/lib/python3.13/site-packages/torchtitan/models/llama3/model/model.py", line 93, in apply_rotary_emb
[rank7]:     xq_out = torch.view_as_real(xq_ * freqs_cis).flatten(3)
[rank7]:                                 ~~~~^~~~~~~~~~~
[rank7]: torch.OutOfMemoryError: CUDA out of memory. Tried to allocate 96.00 MiB. GPU 7 has a total capacity of 79.18 GiB of which 38.38 MiB is free. Including non-PyTorch memory, this process has 79.13 GiB memory in use. Of the allocated memory 77.78 GiB is allocated by PyTorch, and 3.24 MiB is reserved by PyTorch but unallocated. If reserved but unallocated memory is large try setting PYTORCH_CUDA_ALLOC_CONF=expandable_segments:True to avoid fragmentation.  See documentation for Memory Management  (https://pytorch.org/docs/stable/notes/cuda.html#environment-variables)
[rank11]: Traceback (most recent call last):
[rank11]:   File "/storage/ice1/5/1/cman8/shared/chakra_fx/profile_fxgraph.py", line 92, in <module>
[rank11]:     profiler.run_eager_fwbw_kineto_pass()
[rank11]:     ~~~~~~~~~~~~~~~~~~~~~~~~~~~~~~~~~~~^^
[rank11]:   File "/storage/ice1/5/1/cman8/shared/chakra_fx/src/chakra_fx/profilers/model_profiler.py", line 164, in run_eager_fwbw_kineto_pass
[rank11]:     output = self.model(self.sample_input)
[rank11]:   File "/home/hice1/cman8/conda_env/chakra_fx/lib/python3.13/site-packages/torch/nn/modules/module.py", line 1775, in _wrapped_call_impl
[rank11]:     return self._call_impl(*args, **kwargs)
[rank11]:            ~~~~~~~~~~~~~~~^^^^^^^^^^^^^^^^^
[rank11]:   File "/home/hice1/cman8/conda_env/chakra_fx/lib/python3.13/site-packages/torch/nn/modules/module.py", line 1786, in _call_impl
[rank11]:     return forward_call(*args, **kwargs)
[rank11]:   File "/home/hice1/cman8/conda_env/chakra_fx/lib/python3.13/site-packages/torchtitan/models/llama3/model/model.py", line 428, in forward
[rank11]:     h = layer(h, self.freqs_cis)
[rank11]:   File "/home/hice1/cman8/conda_env/chakra_fx/lib/python3.13/site-packages/torch/nn/modules/module.py", line 1775, in _wrapped_call_impl
[rank11]:     return self._call_impl(*args, **kwargs)
[rank11]:            ~~~~~~~~~~~~~~~^^^^^^^^^^^^^^^^^
[rank11]:   File "/home/hice1/cman8/conda_env/chakra_fx/lib/python3.13/site-packages/torch/nn/modules/module.py", line 1786, in _call_impl
[rank11]:     return forward_call(*args, **kwargs)
[rank11]:   File "/home/hice1/cman8/conda_env/chakra_fx/lib/python3.13/site-packages/torchtitan/models/llama3/model/model.py", line 300, in forward
[rank11]:     h = x + self.attention(self.attention_norm(x), freqs_cis)
[rank11]:             ~~~~~~~~~~~~~~^^^^^^^^^^^^^^^^^^^^^^^^^^^^^^^^^^^
[rank18]: Traceback (most recent call last):
[rank18]:   File "/storage/ice1/5/1/cman8/shared/chakra_fx/profile_fxgraph.py", line 92, in <module>
[rank18]:     profiler.run_eager_fwbw_kineto_pass()
[rank18]:     ~~~~~~~~~~~~~~~~~~~~~~~~~~~~~~~~~~~^^
[rank18]:   File "/storage/ice1/5/1/cman8/shared/chakra_fx/src/chakra_fx/profilers/model_profiler.py", line 164, in run_eager_fwbw_kineto_pass
[rank18]:     output = self.model(self.sample_input)
[rank18]:   File "/home/hice1/cman8/conda_env/chakra_fx/lib/python3.13/site-packages/torch/nn/modules/module.py", line 1775, in _wrapped_call_impl
[rank18]:     return self._call_impl(*args, **kwargs)
[rank18]:            ~~~~~~~~~~~~~~~^^^^^^^^^^^^^^^^^
[rank18]:   File "/home/hice1/cman8/conda_env/chakra_fx/lib/python3.13/site-packages/torch/nn/modules/module.py", line 1786, in _call_impl
[rank18]:     return forward_call(*args, **kwargs)
[rank11]:   File "/home/hice1/cman8/conda_env/chakra_fx/lib/python3.13/site-packages/torch/nn/modules/module.py", line 1775, in _wrapped_call_impl
[rank11]:     return self._call_impl(*args, **kwargs)
[rank11]:            ~~~~~~~~~~~~~~~^^^^^^^^^^^^^^^^^
[rank11]:   File "/home/hice1/cman8/conda_env/chakra_fx/lib/python3.13/site-packages/torch/nn/modules/module.py", line 1786, in _call_impl
[rank11]:     return forward_call(*args, **kwargs)
[rank11]:   File "/home/hice1/cman8/conda_env/chakra_fx/lib/python3.13/site-packages/torchtitan/models/llama3/model/model.py", line 182, in forward
[rank11]:     xq, xk = apply_rotary_emb(xq, xk, freqs_cis=freqs_cis)
[rank11]:              ~~~~~~~~~~~~~~~~^^^^^^^^^^^^^^^^^^^^^^^^^^^^^
[rank11]:   File "/home/hice1/cman8/conda_env/chakra_fx/lib/python3.13/site-packages/torchtitan/models/llama3/model/model.py", line 93, in apply_rotary_emb
[rank11]:     xq_out = torch.view_as_real(xq_ * freqs_cis).flatten(3)
[rank11]:                                 ~~~~^~~~~~~~~~~
[rank18]:   File "/home/hice1/cman8/conda_env/chakra_fx/lib/python3.13/site-packages/torchtitan/models/llama3/model/model.py", line 428, in forward
[rank18]:     h = layer(h, self.freqs_cis)
[rank18]:   File "/home/hice1/cman8/conda_env/chakra_fx/lib/python3.13/site-packages/torch/nn/modules/module.py", line 1775, in _wrapped_call_impl
[rank18]:     return self._call_impl(*args, **kwargs)
[rank18]:            ~~~~~~~~~~~~~~~^^^^^^^^^^^^^^^^^
[rank18]:   File "/home/hice1/cman8/conda_env/chakra_fx/lib/python3.13/site-packages/torch/nn/modules/module.py", line 1786, in _call_impl
[rank18]:     return forward_call(*args, **kwargs)
[rank18]:   File "/home/hice1/cman8/conda_env/chakra_fx/lib/python3.13/site-packages/torchtitan/models/llama3/model/model.py", line 300, in forward
[rank18]:     h = x + self.attention(self.attention_norm(x), freqs_cis)
[rank18]:             ~~~~~~~~~~~~~~^^^^^^^^^^^^^^^^^^^^^^^^^^^^^^^^^^^
[rank11]: torch.OutOfMemoryError: CUDA out of memory. Tried to allocate 96.00 MiB. GPU 3 has a total capacity of 79.18 GiB of which 38.38 MiB is free. Including non-PyTorch memory, this process has 79.13 GiB memory in use. Of the allocated memory 77.78 GiB is allocated by PyTorch, and 3.24 MiB is reserved by PyTorch but unallocated. If reserved but unallocated memory is large try setting PYTORCH_CUDA_ALLOC_CONF=expandable_segments:True to avoid fragmentation.  See documentation for Memory Management  (https://pytorch.org/docs/stable/notes/cuda.html#environment-variables)
[rank18]:   File "/home/hice1/cman8/conda_env/chakra_fx/lib/python3.13/site-packages/torch/nn/modules/module.py", line 1775, in _wrapped_call_impl
[rank18]:     return self._call_impl(*args, **kwargs)
[rank18]:            ~~~~~~~~~~~~~~~^^^^^^^^^^^^^^^^^
[rank18]:   File "/home/hice1/cman8/conda_env/chakra_fx/lib/python3.13/site-packages/torch/nn/modules/module.py", line 1786, in _call_impl
[rank18]:     return forward_call(*args, **kwargs)
[rank18]:   File "/home/hice1/cman8/conda_env/chakra_fx/lib/python3.13/site-packages/torchtitan/models/llama3/model/model.py", line 182, in forward
[rank18]:     xq, xk = apply_rotary_emb(xq, xk, freqs_cis=freqs_cis)
[rank18]:              ~~~~~~~~~~~~~~~~^^^^^^^^^^^^^^^^^^^^^^^^^^^^^
[rank18]:   File "/home/hice1/cman8/conda_env/chakra_fx/lib/python3.13/site-packages/torchtitan/models/llama3/model/model.py", line 93, in apply_rotary_emb
[rank18]:     xq_out = torch.view_as_real(xq_ * freqs_cis).flatten(3)
[rank18]:                                 ~~~~^~~~~~~~~~~
[rank18]: torch.OutOfMemoryError: CUDA out of memory. Tried to allocate 96.00 MiB. GPU 2 has a total capacity of 79.18 GiB of which 38.38 MiB is free. Including non-PyTorch memory, this process has 79.13 GiB memory in use. Of the allocated memory 77.78 GiB is allocated by PyTorch, and 3.24 MiB is reserved by PyTorch but unallocated. If reserved but unallocated memory is large try setting PYTORCH_CUDA_ALLOC_CONF=expandable_segments:True to avoid fragmentation.  See documentation for Memory Management  (https://pytorch.org/docs/stable/notes/cuda.html#environment-variables)
[rank5]: Traceback (most recent call last):
[rank5]:   File "/storage/ice1/5/1/cman8/shared/chakra_fx/profile_fxgraph.py", line 92, in <module>
[rank5]:     profiler.run_eager_fwbw_kineto_pass()
[rank5]:     ~~~~~~~~~~~~~~~~~~~~~~~~~~~~~~~~~~~^^
[rank5]:   File "/storage/ice1/5/1/cman8/shared/chakra_fx/src/chakra_fx/profilers/model_profiler.py", line 164, in run_eager_fwbw_kineto_pass
[rank5]:     output = self.model(self.sample_input)
[rank5]:   File "/home/hice1/cman8/conda_env/chakra_fx/lib/python3.13/site-packages/torch/nn/modules/module.py", line 1775, in _wrapped_call_impl
[rank5]:     return self._call_impl(*args, **kwargs)
[rank5]:            ~~~~~~~~~~~~~~~^^^^^^^^^^^^^^^^^
[rank5]:   File "/home/hice1/cman8/conda_env/chakra_fx/lib/python3.13/site-packages/torch/nn/modules/module.py", line 1786, in _call_impl
[rank5]:     return forward_call(*args, **kwargs)
[rank5]:   File "/home/hice1/cman8/conda_env/chakra_fx/lib/python3.13/site-packages/torchtitan/models/llama3/model/model.py", line 428, in forward
[rank5]:     h = layer(h, self.freqs_cis)
[rank5]:   File "/home/hice1/cman8/conda_env/chakra_fx/lib/python3.13/site-packages/torch/nn/modules/module.py", line 1775, in _wrapped_call_impl
[rank5]:     return self._call_impl(*args, **kwargs)
[rank5]:            ~~~~~~~~~~~~~~~^^^^^^^^^^^^^^^^^
[rank5]:   File "/home/hice1/cman8/conda_env/chakra_fx/lib/python3.13/site-packages/torch/nn/modules/module.py", line 1786, in _call_impl
[rank5]:     return forward_call(*args, **kwargs)
[rank5]:   File "/home/hice1/cman8/conda_env/chakra_fx/lib/python3.13/site-packages/torchtitan/models/llama3/model/model.py", line 300, in forward
[rank5]:     h = x + self.attention(self.attention_norm(x), freqs_cis)
[rank5]:             ~~~~~~~~~~~~~~^^^^^^^^^^^^^^^^^^^^^^^^^^^^^^^^^^^
[rank5]:   File "/home/hice1/cman8/conda_env/chakra_fx/lib/python3.13/site-packages/torch/nn/modules/module.py", line 1775, in _wrapped_call_impl
[rank5]:     return self._call_impl(*args, **kwargs)
[rank5]:            ~~~~~~~~~~~~~~~^^^^^^^^^^^^^^^^^
[rank5]:   File "/home/hice1/cman8/conda_env/chakra_fx/lib/python3.13/site-packages/torch/nn/modules/module.py", line 1786, in _call_impl
[rank5]:     return forward_call(*args, **kwargs)
[rank5]:   File "/home/hice1/cman8/conda_env/chakra_fx/lib/python3.13/site-packages/torchtitan/models/llama3/model/model.py", line 182, in forward
[rank5]:     xq, xk = apply_rotary_emb(xq, xk, freqs_cis=freqs_cis)
[rank5]:              ~~~~~~~~~~~~~~~~^^^^^^^^^^^^^^^^^^^^^^^^^^^^^
[rank5]:   File "/home/hice1/cman8/conda_env/chakra_fx/lib/python3.13/site-packages/torchtitan/models/llama3/model/model.py", line 93, in apply_rotary_emb
[rank5]:     xq_out = torch.view_as_real(xq_ * freqs_cis).flatten(3)
[rank5]:                                 ~~~~^~~~~~~~~~~
[rank5]: torch.OutOfMemoryError: CUDA out of memory. Tried to allocate 96.00 MiB. GPU 5 has a total capacity of 79.18 GiB of which 70.38 MiB is free. Including non-PyTorch memory, this process has 79.10 GiB memory in use. Of the allocated memory 77.78 GiB is allocated by PyTorch, and 3.24 MiB is reserved by PyTorch but unallocated. If reserved but unallocated memory is large try setting PYTORCH_CUDA_ALLOC_CONF=expandable_segments:True to avoid fragmentation.  See documentation for Memory Management  (https://pytorch.org/docs/stable/notes/cuda.html#environment-variables)
[rank19]: Traceback (most recent call last):
[rank19]:   File "/storage/ice1/5/1/cman8/shared/chakra_fx/profile_fxgraph.py", line 92, in <module>
[rank19]:     profiler.run_eager_fwbw_kineto_pass()
[rank19]:     ~~~~~~~~~~~~~~~~~~~~~~~~~~~~~~~~~~~^^
[rank19]:   File "/storage/ice1/5/1/cman8/shared/chakra_fx/src/chakra_fx/profilers/model_profiler.py", line 164, in run_eager_fwbw_kineto_pass
[rank19]:     output = self.model(self.sample_input)
[rank19]:   File "/home/hice1/cman8/conda_env/chakra_fx/lib/python3.13/site-packages/torch/nn/modules/module.py", line 1775, in _wrapped_call_impl
[rank19]:     return self._call_impl(*args, **kwargs)
[rank19]:            ~~~~~~~~~~~~~~~^^^^^^^^^^^^^^^^^
[rank19]:   File "/home/hice1/cman8/conda_env/chakra_fx/lib/python3.13/site-packages/torch/nn/modules/module.py", line 1786, in _call_impl
[rank19]:     return forward_call(*args, **kwargs)
[rank19]:   File "/home/hice1/cman8/conda_env/chakra_fx/lib/python3.13/site-packages/torchtitan/models/llama3/model/model.py", line 428, in forward
[rank19]:     h = layer(h, self.freqs_cis)
[rank19]:   File "/home/hice1/cman8/conda_env/chakra_fx/lib/python3.13/site-packages/torch/nn/modules/module.py", line 1775, in _wrapped_call_impl
[rank19]:     return self._call_impl(*args, **kwargs)
[rank19]:            ~~~~~~~~~~~~~~~^^^^^^^^^^^^^^^^^
[rank19]:   File "/home/hice1/cman8/conda_env/chakra_fx/lib/python3.13/site-packages/torch/nn/modules/module.py", line 1786, in _call_impl
[rank19]:     return forward_call(*args, **kwargs)
[rank19]:   File "/home/hice1/cman8/conda_env/chakra_fx/lib/python3.13/site-packages/torchtitan/models/llama3/model/model.py", line 300, in forward
[rank19]:     h = x + self.attention(self.attention_norm(x), freqs_cis)
[rank19]:             ~~~~~~~~~~~~~~^^^^^^^^^^^^^^^^^^^^^^^^^^^^^^^^^^^
[rank19]:   File "/home/hice1/cman8/conda_env/chakra_fx/lib/python3.13/site-packages/torch/nn/modules/module.py", line 1775, in _wrapped_call_impl
[rank19]:     return self._call_impl(*args, **kwargs)
[rank19]:            ~~~~~~~~~~~~~~~^^^^^^^^^^^^^^^^^
[rank19]:   File "/home/hice1/cman8/conda_env/chakra_fx/lib/python3.13/site-packages/torch/nn/modules/module.py", line 1786, in _call_impl
[rank19]:     return forward_call(*args, **kwargs)
[rank19]:   File "/home/hice1/cman8/conda_env/chakra_fx/lib/python3.13/site-packages/torchtitan/models/llama3/model/model.py", line 182, in forward
[rank19]:     xq, xk = apply_rotary_emb(xq, xk, freqs_cis=freqs_cis)
[rank19]:              ~~~~~~~~~~~~~~~~^^^^^^^^^^^^^^^^^^^^^^^^^^^^^
[rank19]:   File "/home/hice1/cman8/conda_env/chakra_fx/lib/python3.13/site-packages/torchtitan/models/llama3/model/model.py", line 93, in apply_rotary_emb
[rank19]:     xq_out = torch.view_as_real(xq_ * freqs_cis).flatten(3)
[rank19]:                                 ~~~~^~~~~~~~~~~
[rank19]: torch.OutOfMemoryError: CUDA out of memory. Tried to allocate 96.00 MiB. GPU 3 has a total capacity of 79.18 GiB of which 38.38 MiB is free. Including non-PyTorch memory, this process has 79.13 GiB memory in use. Of the allocated memory 77.78 GiB is allocated by PyTorch, and 3.24 MiB is reserved by PyTorch but unallocated. If reserved but unallocated memory is large try setting PYTORCH_CUDA_ALLOC_CONF=expandable_segments:True to avoid fragmentation.  See documentation for Memory Management  (https://pytorch.org/docs/stable/notes/cuda.html#environment-variables)
[rank10]: Traceback (most recent call last):
[rank10]:   File "/storage/ice1/5/1/cman8/shared/chakra_fx/profile_fxgraph.py", line 92, in <module>
[rank10]:     profiler.run_eager_fwbw_kineto_pass()
[rank10]:     ~~~~~~~~~~~~~~~~~~~~~~~~~~~~~~~~~~~^^
[rank10]:   File "/storage/ice1/5/1/cman8/shared/chakra_fx/src/chakra_fx/profilers/model_profiler.py", line 164, in run_eager_fwbw_kineto_pass
[rank10]:     output = self.model(self.sample_input)
[rank10]:   File "/home/hice1/cman8/conda_env/chakra_fx/lib/python3.13/site-packages/torch/nn/modules/module.py", line 1775, in _wrapped_call_impl
[rank10]:     return self._call_impl(*args, **kwargs)
[rank10]:            ~~~~~~~~~~~~~~~^^^^^^^^^^^^^^^^^
[rank10]:   File "/home/hice1/cman8/conda_env/chakra_fx/lib/python3.13/site-packages/torch/nn/modules/module.py", line 1786, in _call_impl
[rank10]:     return forward_call(*args, **kwargs)
[rank10]:   File "/home/hice1/cman8/conda_env/chakra_fx/lib/python3.13/site-packages/torchtitan/models/llama3/model/model.py", line 428, in forward
[rank10]:     h = layer(h, self.freqs_cis)
[rank10]:   File "/home/hice1/cman8/conda_env/chakra_fx/lib/python3.13/site-packages/torch/nn/modules/module.py", line 1775, in _wrapped_call_impl
[rank10]:     return self._call_impl(*args, **kwargs)
[rank10]:            ~~~~~~~~~~~~~~~^^^^^^^^^^^^^^^^^
[rank10]:   File "/home/hice1/cman8/conda_env/chakra_fx/lib/python3.13/site-packages/torch/nn/modules/module.py", line 1786, in _call_impl
[rank10]:     return forward_call(*args, **kwargs)
[rank10]:   File "/home/hice1/cman8/conda_env/chakra_fx/lib/python3.13/site-packages/torchtitan/models/llama3/model/model.py", line 300, in forward
[rank10]:     h = x + self.attention(self.attention_norm(x), freqs_cis)
[rank10]:             ~~~~~~~~~~~~~~^^^^^^^^^^^^^^^^^^^^^^^^^^^^^^^^^^^
[rank10]:   File "/home/hice1/cman8/conda_env/chakra_fx/lib/python3.13/site-packages/torch/nn/modules/module.py", line 1775, in _wrapped_call_impl
[rank10]:     return self._call_impl(*args, **kwargs)
[rank10]:            ~~~~~~~~~~~~~~~^^^^^^^^^^^^^^^^^
[rank10]:   File "/home/hice1/cman8/conda_env/chakra_fx/lib/python3.13/site-packages/torch/nn/modules/module.py", line 1786, in _call_impl
[rank10]:     return forward_call(*args, **kwargs)
[rank10]:   File "/home/hice1/cman8/conda_env/chakra_fx/lib/python3.13/site-packages/torchtitan/models/llama3/model/model.py", line 182, in forward
[rank10]:     xq, xk = apply_rotary_emb(xq, xk, freqs_cis=freqs_cis)
[rank10]:              ~~~~~~~~~~~~~~~~^^^^^^^^^^^^^^^^^^^^^^^^^^^^^
[rank10]:   File "/home/hice1/cman8/conda_env/chakra_fx/lib/python3.13/site-packages/torchtitan/models/llama3/model/model.py", line 93, in apply_rotary_emb
[rank10]:     xq_out = torch.view_as_real(xq_ * freqs_cis).flatten(3)
[rank10]:                                 ~~~~^~~~~~~~~~~
[rank10]: torch.OutOfMemoryError: CUDA out of memory. Tried to allocate 96.00 MiB. GPU 2 has a total capacity of 79.18 GiB of which 38.38 MiB is free. Including non-PyTorch memory, this process has 79.13 GiB memory in use. Of the allocated memory 77.78 GiB is allocated by PyTorch, and 3.24 MiB is reserved by PyTorch but unallocated. If reserved but unallocated memory is large try setting PYTORCH_CUDA_ALLOC_CONF=expandable_segments:True to avoid fragmentation.  See documentation for Memory Management  (https://pytorch.org/docs/stable/notes/cuda.html#environment-variables)
[rank9]: Traceback (most recent call last):
[rank9]:   File "/storage/ice1/5/1/cman8/shared/chakra_fx/profile_fxgraph.py", line 92, in <module>
[rank9]:     profiler.run_eager_fwbw_kineto_pass()
[rank9]:     ~~~~~~~~~~~~~~~~~~~~~~~~~~~~~~~~~~~^^
[rank9]:   File "/storage/ice1/5/1/cman8/shared/chakra_fx/src/chakra_fx/profilers/model_profiler.py", line 164, in run_eager_fwbw_kineto_pass
[rank9]:     output = self.model(self.sample_input)
[rank9]:   File "/home/hice1/cman8/conda_env/chakra_fx/lib/python3.13/site-packages/torch/nn/modules/module.py", line 1775, in _wrapped_call_impl
[rank9]:     return self._call_impl(*args, **kwargs)
[rank9]:            ~~~~~~~~~~~~~~~^^^^^^^^^^^^^^^^^
[rank9]:   File "/home/hice1/cman8/conda_env/chakra_fx/lib/python3.13/site-packages/torch/nn/modules/module.py", line 1786, in _call_impl
[rank9]:     return forward_call(*args, **kwargs)
[rank9]:   File "/home/hice1/cman8/conda_env/chakra_fx/lib/python3.13/site-packages/torchtitan/models/llama3/model/model.py", line 428, in forward
[rank9]:     h = layer(h, self.freqs_cis)
[rank9]:   File "/home/hice1/cman8/conda_env/chakra_fx/lib/python3.13/site-packages/torch/nn/modules/module.py", line 1775, in _wrapped_call_impl
[rank9]:     return self._call_impl(*args, **kwargs)
[rank9]:            ~~~~~~~~~~~~~~~^^^^^^^^^^^^^^^^^
[rank9]:   File "/home/hice1/cman8/conda_env/chakra_fx/lib/python3.13/site-packages/torch/nn/modules/module.py", line 1786, in _call_impl
[rank9]:     return forward_call(*args, **kwargs)
[rank9]:   File "/home/hice1/cman8/conda_env/chakra_fx/lib/python3.13/site-packages/torchtitan/models/llama3/model/model.py", line 300, in forward
[rank9]:     h = x + self.attention(self.attention_norm(x), freqs_cis)
[rank9]:             ~~~~~~~~~~~~~~^^^^^^^^^^^^^^^^^^^^^^^^^^^^^^^^^^^
[rank9]:   File "/home/hice1/cman8/conda_env/chakra_fx/lib/python3.13/site-packages/torch/nn/modules/module.py", line 1775, in _wrapped_call_impl
[rank9]:     return self._call_impl(*args, **kwargs)
[rank9]:            ~~~~~~~~~~~~~~~^^^^^^^^^^^^^^^^^
[rank9]:   File "/home/hice1/cman8/conda_env/chakra_fx/lib/python3.13/site-packages/torch/nn/modules/module.py", line 1786, in _call_impl
[rank9]:     return forward_call(*args, **kwargs)
[rank9]:   File "/home/hice1/cman8/conda_env/chakra_fx/lib/python3.13/site-packages/torchtitan/models/llama3/model/model.py", line 182, in forward
[rank9]:     xq, xk = apply_rotary_emb(xq, xk, freqs_cis=freqs_cis)
[rank9]:              ~~~~~~~~~~~~~~~~^^^^^^^^^^^^^^^^^^^^^^^^^^^^^
[rank9]:   File "/home/hice1/cman8/conda_env/chakra_fx/lib/python3.13/site-packages/torchtitan/models/llama3/model/model.py", line 93, in apply_rotary_emb
[rank9]:     xq_out = torch.view_as_real(xq_ * freqs_cis).flatten(3)
[rank9]:                                 ~~~~^~~~~~~~~~~
[rank9]: torch.OutOfMemoryError: CUDA out of memory. Tried to allocate 96.00 MiB. GPU 1 has a total capacity of 79.18 GiB of which 38.38 MiB is free. Including non-PyTorch memory, this process has 79.13 GiB memory in use. Of the allocated memory 77.78 GiB is allocated by PyTorch, and 3.24 MiB is reserved by PyTorch but unallocated. If reserved but unallocated memory is large try setting PYTORCH_CUDA_ALLOC_CONF=expandable_segments:True to avoid fragmentation.  See documentation for Memory Management  (https://pytorch.org/docs/stable/notes/cuda.html#environment-variables)
[rank23]: Traceback (most recent call last):
[rank23]:   File "/storage/ice1/5/1/cman8/shared/chakra_fx/profile_fxgraph.py", line 92, in <module>
[rank23]:     profiler.run_eager_fwbw_kineto_pass()
[rank23]:     ~~~~~~~~~~~~~~~~~~~~~~~~~~~~~~~~~~~^^
[rank23]:   File "/storage/ice1/5/1/cman8/shared/chakra_fx/src/chakra_fx/profilers/model_profiler.py", line 164, in run_eager_fwbw_kineto_pass
[rank23]:     output = self.model(self.sample_input)
[rank23]:   File "/home/hice1/cman8/conda_env/chakra_fx/lib/python3.13/site-packages/torch/nn/modules/module.py", line 1775, in _wrapped_call_impl
[rank23]:     return self._call_impl(*args, **kwargs)
[rank23]:            ~~~~~~~~~~~~~~~^^^^^^^^^^^^^^^^^
[rank23]:   File "/home/hice1/cman8/conda_env/chakra_fx/lib/python3.13/site-packages/torch/nn/modules/module.py", line 1786, in _call_impl
[rank23]:     return forward_call(*args, **kwargs)
[rank23]:   File "/home/hice1/cman8/conda_env/chakra_fx/lib/python3.13/site-packages/torchtitan/models/llama3/model/model.py", line 428, in forward
[rank23]:     h = layer(h, self.freqs_cis)
[rank23]:   File "/home/hice1/cman8/conda_env/chakra_fx/lib/python3.13/site-packages/torch/nn/modules/module.py", line 1775, in _wrapped_call_impl
[rank23]:     return self._call_impl(*args, **kwargs)
[rank23]:            ~~~~~~~~~~~~~~~^^^^^^^^^^^^^^^^^
[rank23]:   File "/home/hice1/cman8/conda_env/chakra_fx/lib/python3.13/site-packages/torch/nn/modules/module.py", line 1786, in _call_impl
[rank23]:     return forward_call(*args, **kwargs)
[rank23]:   File "/home/hice1/cman8/conda_env/chakra_fx/lib/python3.13/site-packages/torchtitan/models/llama3/model/model.py", line 300, in forward
[rank23]:     h = x + self.attention(self.attention_norm(x), freqs_cis)
[rank23]:             ~~~~~~~~~~~~~~^^^^^^^^^^^^^^^^^^^^^^^^^^^^^^^^^^^
[rank23]:   File "/home/hice1/cman8/conda_env/chakra_fx/lib/python3.13/site-packages/torch/nn/modules/module.py", line 1775, in _wrapped_call_impl
[rank23]:     return self._call_impl(*args, **kwargs)
[rank23]:            ~~~~~~~~~~~~~~~^^^^^^^^^^^^^^^^^
[rank23]:   File "/home/hice1/cman8/conda_env/chakra_fx/lib/python3.13/site-packages/torch/nn/modules/module.py", line 1786, in _call_impl
[rank23]:     return forward_call(*args, **kwargs)
[rank23]:   File "/home/hice1/cman8/conda_env/chakra_fx/lib/python3.13/site-packages/torchtitan/models/llama3/model/model.py", line 182, in forward
[rank23]:     xq, xk = apply_rotary_emb(xq, xk, freqs_cis=freqs_cis)
[rank23]:              ~~~~~~~~~~~~~~~~^^^^^^^^^^^^^^^^^^^^^^^^^^^^^
[rank23]:   File "/home/hice1/cman8/conda_env/chakra_fx/lib/python3.13/site-packages/torchtitan/models/llama3/model/model.py", line 93, in apply_rotary_emb
[rank23]:     xq_out = torch.view_as_real(xq_ * freqs_cis).flatten(3)
[rank23]:                                 ~~~~^~~~~~~~~~~
[rank23]: torch.OutOfMemoryError: CUDA out of memory. Tried to allocate 96.00 MiB. GPU 7 has a total capacity of 79.18 GiB of which 38.38 MiB is free. Including non-PyTorch memory, this process has 79.13 GiB memory in use. Of the allocated memory 77.78 GiB is allocated by PyTorch, and 3.24 MiB is reserved by PyTorch but unallocated. If reserved but unallocated memory is large try setting PYTORCH_CUDA_ALLOC_CONF=expandable_segments:True to avoid fragmentation.  See documentation for Memory Management  (https://pytorch.org/docs/stable/notes/cuda.html#environment-variables)
[rank17]: Traceback (most recent call last):
[rank17]:   File "/storage/ice1/5/1/cman8/shared/chakra_fx/profile_fxgraph.py", line 92, in <module>
[rank17]:     profiler.run_eager_fwbw_kineto_pass()
[rank17]:     ~~~~~~~~~~~~~~~~~~~~~~~~~~~~~~~~~~~^^
[rank17]:   File "/storage/ice1/5/1/cman8/shared/chakra_fx/src/chakra_fx/profilers/model_profiler.py", line 164, in run_eager_fwbw_kineto_pass
[rank17]:     output = self.model(self.sample_input)
[rank17]:   File "/home/hice1/cman8/conda_env/chakra_fx/lib/python3.13/site-packages/torch/nn/modules/module.py", line 1775, in _wrapped_call_impl
[rank17]:     return self._call_impl(*args, **kwargs)
[rank17]:            ~~~~~~~~~~~~~~~^^^^^^^^^^^^^^^^^
[rank17]:   File "/home/hice1/cman8/conda_env/chakra_fx/lib/python3.13/site-packages/torch/nn/modules/module.py", line 1786, in _call_impl
[rank17]:     return forward_call(*args, **kwargs)
[rank17]:   File "/home/hice1/cman8/conda_env/chakra_fx/lib/python3.13/site-packages/torchtitan/models/llama3/model/model.py", line 428, in forward
[rank17]:     h = layer(h, self.freqs_cis)
[rank17]:   File "/home/hice1/cman8/conda_env/chakra_fx/lib/python3.13/site-packages/torch/nn/modules/module.py", line 1775, in _wrapped_call_impl
[rank17]:     return self._call_impl(*args, **kwargs)
[rank17]:            ~~~~~~~~~~~~~~~^^^^^^^^^^^^^^^^^
[rank17]:   File "/home/hice1/cman8/conda_env/chakra_fx/lib/python3.13/site-packages/torch/nn/modules/module.py", line 1786, in _call_impl
[rank17]:     return forward_call(*args, **kwargs)
[rank17]:   File "/home/hice1/cman8/conda_env/chakra_fx/lib/python3.13/site-packages/torchtitan/models/llama3/model/model.py", line 300, in forward
[rank17]:     h = x + self.attention(self.attention_norm(x), freqs_cis)
[rank17]:             ~~~~~~~~~~~~~~^^^^^^^^^^^^^^^^^^^^^^^^^^^^^^^^^^^
[rank17]:   File "/home/hice1/cman8/conda_env/chakra_fx/lib/python3.13/site-packages/torch/nn/modules/module.py", line 1775, in _wrapped_call_impl
[rank17]:     return self._call_impl(*args, **kwargs)
[rank17]:            ~~~~~~~~~~~~~~~^^^^^^^^^^^^^^^^^
[rank17]:   File "/home/hice1/cman8/conda_env/chakra_fx/lib/python3.13/site-packages/torch/nn/modules/module.py", line 1786, in _call_impl
[rank17]:     return forward_call(*args, **kwargs)
[rank17]:   File "/home/hice1/cman8/conda_env/chakra_fx/lib/python3.13/site-packages/torchtitan/models/llama3/model/model.py", line 182, in forward
[rank17]:     xq, xk = apply_rotary_emb(xq, xk, freqs_cis=freqs_cis)
[rank17]:              ~~~~~~~~~~~~~~~~^^^^^^^^^^^^^^^^^^^^^^^^^^^^^
[rank17]:   File "/home/hice1/cman8/conda_env/chakra_fx/lib/python3.13/site-packages/torchtitan/models/llama3/model/model.py", line 93, in apply_rotary_emb
[rank17]:     xq_out = torch.view_as_real(xq_ * freqs_cis).flatten(3)
[rank17]:                                 ~~~~^~~~~~~~~~~
[rank17]: torch.OutOfMemoryError: CUDA out of memory. Tried to allocate 96.00 MiB. GPU 1 has a total capacity of 79.18 GiB of which 38.38 MiB is free. Including non-PyTorch memory, this process has 79.13 GiB memory in use. Of the allocated memory 77.78 GiB is allocated by PyTorch, and 3.24 MiB is reserved by PyTorch but unallocated. If reserved but unallocated memory is large try setting PYTORCH_CUDA_ALLOC_CONF=expandable_segments:True to avoid fragmentation.  See documentation for Memory Management  (https://pytorch.org/docs/stable/notes/cuda.html#environment-variables)
[rank3]: Traceback (most recent call last):
[rank3]:   File "/storage/ice1/5/1/cman8/shared/chakra_fx/profile_fxgraph.py", line 92, in <module>
[rank3]:     profiler.run_eager_fwbw_kineto_pass()
[rank3]:     ~~~~~~~~~~~~~~~~~~~~~~~~~~~~~~~~~~~^^
[rank3]:   File "/storage/ice1/5/1/cman8/shared/chakra_fx/src/chakra_fx/profilers/model_profiler.py", line 164, in run_eager_fwbw_kineto_pass
[rank3]:     output = self.model(self.sample_input)
[rank3]:   File "/home/hice1/cman8/conda_env/chakra_fx/lib/python3.13/site-packages/torch/nn/modules/module.py", line 1775, in _wrapped_call_impl
[rank3]:     return self._call_impl(*args, **kwargs)
[rank3]:            ~~~~~~~~~~~~~~~^^^^^^^^^^^^^^^^^
[rank3]:   File "/home/hice1/cman8/conda_env/chakra_fx/lib/python3.13/site-packages/torch/nn/modules/module.py", line 1786, in _call_impl
[rank3]:     return forward_call(*args, **kwargs)
[rank3]:   File "/home/hice1/cman8/conda_env/chakra_fx/lib/python3.13/site-packages/torchtitan/models/llama3/model/model.py", line 428, in forward
[rank3]:     h = layer(h, self.freqs_cis)
[rank3]:   File "/home/hice1/cman8/conda_env/chakra_fx/lib/python3.13/site-packages/torch/nn/modules/module.py", line 1775, in _wrapped_call_impl
[rank3]:     return self._call_impl(*args, **kwargs)
[rank3]:            ~~~~~~~~~~~~~~~^^^^^^^^^^^^^^^^^
[rank3]:   File "/home/hice1/cman8/conda_env/chakra_fx/lib/python3.13/site-packages/torch/nn/modules/module.py", line 1786, in _call_impl
[rank3]:     return forward_call(*args, **kwargs)
[rank3]:   File "/home/hice1/cman8/conda_env/chakra_fx/lib/python3.13/site-packages/torchtitan/models/llama3/model/model.py", line 300, in forward
[rank3]:     h = x + self.attention(self.attention_norm(x), freqs_cis)
[rank3]:             ~~~~~~~~~~~~~~^^^^^^^^^^^^^^^^^^^^^^^^^^^^^^^^^^^
[rank3]:   File "/home/hice1/cman8/conda_env/chakra_fx/lib/python3.13/site-packages/torch/nn/modules/module.py", line 1775, in _wrapped_call_impl
[rank3]:     return self._call_impl(*args, **kwargs)
[rank3]:            ~~~~~~~~~~~~~~~^^^^^^^^^^^^^^^^^
[rank3]:   File "/home/hice1/cman8/conda_env/chakra_fx/lib/python3.13/site-packages/torch/nn/modules/module.py", line 1786, in _call_impl
[rank3]:     return forward_call(*args, **kwargs)
[rank3]:   File "/home/hice1/cman8/conda_env/chakra_fx/lib/python3.13/site-packages/torchtitan/models/llama3/model/model.py", line 182, in forward
[rank3]:     xq, xk = apply_rotary_emb(xq, xk, freqs_cis=freqs_cis)
[rank3]:              ~~~~~~~~~~~~~~~~^^^^^^^^^^^^^^^^^^^^^^^^^^^^^
[rank3]:   File "/home/hice1/cman8/conda_env/chakra_fx/lib/python3.13/site-packages/torchtitan/models/llama3/model/model.py", line 93, in apply_rotary_emb
[rank3]:     xq_out = torch.view_as_real(xq_ * freqs_cis).flatten(3)
[rank3]:                                 ~~~~^~~~~~~~~~~
[rank3]: torch.OutOfMemoryError: CUDA out of memory. Tried to allocate 96.00 MiB. GPU 3 has a total capacity of 79.18 GiB of which 38.38 MiB is free. Including non-PyTorch memory, this process has 79.13 GiB memory in use. Of the allocated memory 77.78 GiB is allocated by PyTorch, and 3.24 MiB is reserved by PyTorch but unallocated. If reserved but unallocated memory is large try setting PYTORCH_CUDA_ALLOC_CONF=expandable_segments:True to avoid fragmentation.  See documentation for Memory Management  (https://pytorch.org/docs/stable/notes/cuda.html#environment-variables)
[rank21]: Traceback (most recent call last):
[rank21]:   File "/storage/ice1/5/1/cman8/shared/chakra_fx/profile_fxgraph.py", line 92, in <module>
[rank21]:     profiler.run_eager_fwbw_kineto_pass()
[rank21]:     ~~~~~~~~~~~~~~~~~~~~~~~~~~~~~~~~~~~^^
[rank21]:   File "/storage/ice1/5/1/cman8/shared/chakra_fx/src/chakra_fx/profilers/model_profiler.py", line 164, in run_eager_fwbw_kineto_pass
[rank21]:     output = self.model(self.sample_input)
[rank21]:   File "/home/hice1/cman8/conda_env/chakra_fx/lib/python3.13/site-packages/torch/nn/modules/module.py", line 1775, in _wrapped_call_impl
[rank21]:     return self._call_impl(*args, **kwargs)
[rank21]:            ~~~~~~~~~~~~~~~^^^^^^^^^^^^^^^^^
[rank21]:   File "/home/hice1/cman8/conda_env/chakra_fx/lib/python3.13/site-packages/torch/nn/modules/module.py", line 1786, in _call_impl
[rank21]:     return forward_call(*args, **kwargs)
[rank21]:   File "/home/hice1/cman8/conda_env/chakra_fx/lib/python3.13/site-packages/torchtitan/models/llama3/model/model.py", line 428, in forward
[rank21]:     h = layer(h, self.freqs_cis)
[rank21]:   File "/home/hice1/cman8/conda_env/chakra_fx/lib/python3.13/site-packages/torch/nn/modules/module.py", line 1775, in _wrapped_call_impl
[rank21]:     return self._call_impl(*args, **kwargs)
[rank21]:            ~~~~~~~~~~~~~~~^^^^^^^^^^^^^^^^^
[rank21]:   File "/home/hice1/cman8/conda_env/chakra_fx/lib/python3.13/site-packages/torch/nn/modules/module.py", line 1786, in _call_impl
[rank21]:     return forward_call(*args, **kwargs)
[rank21]:   File "/home/hice1/cman8/conda_env/chakra_fx/lib/python3.13/site-packages/torchtitan/models/llama3/model/model.py", line 300, in forward
[rank21]:     h = x + self.attention(self.attention_norm(x), freqs_cis)
[rank21]:             ~~~~~~~~~~~~~~^^^^^^^^^^^^^^^^^^^^^^^^^^^^^^^^^^^
[rank21]:   File "/home/hice1/cman8/conda_env/chakra_fx/lib/python3.13/site-packages/torch/nn/modules/module.py", line 1775, in _wrapped_call_impl
[rank21]:     return self._call_impl(*args, **kwargs)
[rank21]:            ~~~~~~~~~~~~~~~^^^^^^^^^^^^^^^^^
[rank21]:   File "/home/hice1/cman8/conda_env/chakra_fx/lib/python3.13/site-packages/torch/nn/modules/module.py", line 1786, in _call_impl
[rank21]:     return forward_call(*args, **kwargs)
[rank21]:   File "/home/hice1/cman8/conda_env/chakra_fx/lib/python3.13/site-packages/torchtitan/models/llama3/model/model.py", line 182, in forward
[rank21]:     xq, xk = apply_rotary_emb(xq, xk, freqs_cis=freqs_cis)
[rank21]:              ~~~~~~~~~~~~~~~~^^^^^^^^^^^^^^^^^^^^^^^^^^^^^
[rank21]:   File "/home/hice1/cman8/conda_env/chakra_fx/lib/python3.13/site-packages/torchtitan/models/llama3/model/model.py", line 93, in apply_rotary_emb
[rank21]:     xq_out = torch.view_as_real(xq_ * freqs_cis).flatten(3)
[rank21]:                                 ~~~~^~~~~~~~~~~
[rank21]: torch.OutOfMemoryError: CUDA out of memory. Tried to allocate 96.00 MiB. GPU 5 has a total capacity of 79.18 GiB of which 70.38 MiB is free. Including non-PyTorch memory, this process has 79.10 GiB memory in use. Of the allocated memory 77.78 GiB is allocated by PyTorch, and 3.24 MiB is reserved by PyTorch but unallocated. If reserved but unallocated memory is large try setting PYTORCH_CUDA_ALLOC_CONF=expandable_segments:True to avoid fragmentation.  See documentation for Memory Management  (https://pytorch.org/docs/stable/notes/cuda.html#environment-variables)
[rank1]: Traceback (most recent call last):
[rank1]:   File "/storage/ice1/5/1/cman8/shared/chakra_fx/profile_fxgraph.py", line 92, in <module>
[rank1]:     profiler.run_eager_fwbw_kineto_pass()
[rank1]:     ~~~~~~~~~~~~~~~~~~~~~~~~~~~~~~~~~~~^^
[rank1]:   File "/storage/ice1/5/1/cman8/shared/chakra_fx/src/chakra_fx/profilers/model_profiler.py", line 164, in run_eager_fwbw_kineto_pass
[rank1]:     output = self.model(self.sample_input)
[rank1]:   File "/home/hice1/cman8/conda_env/chakra_fx/lib/python3.13/site-packages/torch/nn/modules/module.py", line 1775, in _wrapped_call_impl
[rank1]:     return self._call_impl(*args, **kwargs)
[rank1]:            ~~~~~~~~~~~~~~~^^^^^^^^^^^^^^^^^
[rank1]:   File "/home/hice1/cman8/conda_env/chakra_fx/lib/python3.13/site-packages/torch/nn/modules/module.py", line 1786, in _call_impl
[rank1]:     return forward_call(*args, **kwargs)
[rank1]:   File "/home/hice1/cman8/conda_env/chakra_fx/lib/python3.13/site-packages/torchtitan/models/llama3/model/model.py", line 428, in forward
[rank1]:     h = layer(h, self.freqs_cis)
[rank1]:   File "/home/hice1/cman8/conda_env/chakra_fx/lib/python3.13/site-packages/torch/nn/modules/module.py", line 1775, in _wrapped_call_impl
[rank1]:     return self._call_impl(*args, **kwargs)
[rank1]:            ~~~~~~~~~~~~~~~^^^^^^^^^^^^^^^^^
[rank1]:   File "/home/hice1/cman8/conda_env/chakra_fx/lib/python3.13/site-packages/torch/nn/modules/module.py", line 1786, in _call_impl
[rank1]:     return forward_call(*args, **kwargs)
[rank1]:   File "/home/hice1/cman8/conda_env/chakra_fx/lib/python3.13/site-packages/torchtitan/models/llama3/model/model.py", line 300, in forward
[rank1]:     h = x + self.attention(self.attention_norm(x), freqs_cis)
[rank1]:             ~~~~~~~~~~~~~~^^^^^^^^^^^^^^^^^^^^^^^^^^^^^^^^^^^
[rank1]:   File "/home/hice1/cman8/conda_env/chakra_fx/lib/python3.13/site-packages/torch/nn/modules/module.py", line 1775, in _wrapped_call_impl
[rank1]:     return self._call_impl(*args, **kwargs)
[rank1]:            ~~~~~~~~~~~~~~~^^^^^^^^^^^^^^^^^
[rank1]:   File "/home/hice1/cman8/conda_env/chakra_fx/lib/python3.13/site-packages/torch/nn/modules/module.py", line 1786, in _call_impl
[rank1]:     return forward_call(*args, **kwargs)
[rank1]:   File "/home/hice1/cman8/conda_env/chakra_fx/lib/python3.13/site-packages/torchtitan/models/llama3/model/model.py", line 182, in forward
[rank1]:     xq, xk = apply_rotary_emb(xq, xk, freqs_cis=freqs_cis)
[rank1]:              ~~~~~~~~~~~~~~~~^^^^^^^^^^^^^^^^^^^^^^^^^^^^^
[rank1]:   File "/home/hice1/cman8/conda_env/chakra_fx/lib/python3.13/site-packages/torchtitan/models/llama3/model/model.py", line 93, in apply_rotary_emb
[rank1]:     xq_out = torch.view_as_real(xq_ * freqs_cis).flatten(3)
[rank1]:                                 ~~~~^~~~~~~~~~~
[rank1]: torch.OutOfMemoryError: CUDA out of memory. Tried to allocate 96.00 MiB. GPU 1 has a total capacity of 79.18 GiB of which 38.38 MiB is free. Including non-PyTorch memory, this process has 79.13 GiB memory in use. Of the allocated memory 77.78 GiB is allocated by PyTorch, and 3.24 MiB is reserved by PyTorch but unallocated. If reserved but unallocated memory is large try setting PYTORCH_CUDA_ALLOC_CONF=expandable_segments:True to avoid fragmentation.  See documentation for Memory Management  (https://pytorch.org/docs/stable/notes/cuda.html#environment-variables)
[rank22]: Traceback (most recent call last):
[rank22]:   File "/storage/ice1/5/1/cman8/shared/chakra_fx/profile_fxgraph.py", line 92, in <module>
[rank22]:     profiler.run_eager_fwbw_kineto_pass()
[rank22]:     ~~~~~~~~~~~~~~~~~~~~~~~~~~~~~~~~~~~^^
[rank22]:   File "/storage/ice1/5/1/cman8/shared/chakra_fx/src/chakra_fx/profilers/model_profiler.py", line 164, in run_eager_fwbw_kineto_pass
[rank22]:     output = self.model(self.sample_input)
[rank22]:   File "/home/hice1/cman8/conda_env/chakra_fx/lib/python3.13/site-packages/torch/nn/modules/module.py", line 1775, in _wrapped_call_impl
[rank22]:     return self._call_impl(*args, **kwargs)
[rank22]:            ~~~~~~~~~~~~~~~^^^^^^^^^^^^^^^^^
[rank22]:   File "/home/hice1/cman8/conda_env/chakra_fx/lib/python3.13/site-packages/torch/nn/modules/module.py", line 1786, in _call_impl
[rank22]:     return forward_call(*args, **kwargs)
[rank22]:   File "/home/hice1/cman8/conda_env/chakra_fx/lib/python3.13/site-packages/torchtitan/models/llama3/model/model.py", line 428, in forward
[rank22]:     h = layer(h, self.freqs_cis)
[rank22]:   File "/home/hice1/cman8/conda_env/chakra_fx/lib/python3.13/site-packages/torch/nn/modules/module.py", line 1775, in _wrapped_call_impl
[rank22]:     return self._call_impl(*args, **kwargs)
[rank22]:            ~~~~~~~~~~~~~~~^^^^^^^^^^^^^^^^^
[rank22]:   File "/home/hice1/cman8/conda_env/chakra_fx/lib/python3.13/site-packages/torch/nn/modules/module.py", line 1786, in _call_impl
[rank22]:     return forward_call(*args, **kwargs)
[rank22]:   File "/home/hice1/cman8/conda_env/chakra_fx/lib/python3.13/site-packages/torchtitan/models/llama3/model/model.py", line 300, in forward
[rank22]:     h = x + self.attention(self.attention_norm(x), freqs_cis)
[rank22]:             ~~~~~~~~~~~~~~^^^^^^^^^^^^^^^^^^^^^^^^^^^^^^^^^^^
[rank22]:   File "/home/hice1/cman8/conda_env/chakra_fx/lib/python3.13/site-packages/torch/nn/modules/module.py", line 1775, in _wrapped_call_impl
[rank22]:     return self._call_impl(*args, **kwargs)
[rank22]:            ~~~~~~~~~~~~~~~^^^^^^^^^^^^^^^^^
[rank22]:   File "/home/hice1/cman8/conda_env/chakra_fx/lib/python3.13/site-packages/torch/nn/modules/module.py", line 1786, in _call_impl
[rank22]:     return forward_call(*args, **kwargs)
[rank22]:   File "/home/hice1/cman8/conda_env/chakra_fx/lib/python3.13/site-packages/torchtitan/models/llama3/model/model.py", line 182, in forward
[rank22]:     xq, xk = apply_rotary_emb(xq, xk, freqs_cis=freqs_cis)
[rank22]:              ~~~~~~~~~~~~~~~~^^^^^^^^^^^^^^^^^^^^^^^^^^^^^
[rank22]:   File "/home/hice1/cman8/conda_env/chakra_fx/lib/python3.13/site-packages/torchtitan/models/llama3/model/model.py", line 93, in apply_rotary_emb
[rank22]:     xq_out = torch.view_as_real(xq_ * freqs_cis).flatten(3)
[rank22]:                                 ~~~~^~~~~~~~~~~
[rank22]: torch.OutOfMemoryError: CUDA out of memory. Tried to allocate 96.00 MiB. GPU 6 has a total capacity of 79.18 GiB of which 38.38 MiB is free. Including non-PyTorch memory, this process has 79.13 GiB memory in use. Of the allocated memory 77.78 GiB is allocated by PyTorch, and 3.24 MiB is reserved by PyTorch but unallocated. If reserved but unallocated memory is large try setting PYTORCH_CUDA_ALLOC_CONF=expandable_segments:True to avoid fragmentation.  See documentation for Memory Management  (https://pytorch.org/docs/stable/notes/cuda.html#environment-variables)
[rank6]: Traceback (most recent call last):
[rank6]:   File "/storage/ice1/5/1/cman8/shared/chakra_fx/profile_fxgraph.py", line 92, in <module>
[rank6]:     profiler.run_eager_fwbw_kineto_pass()
[rank6]:     ~~~~~~~~~~~~~~~~~~~~~~~~~~~~~~~~~~~^^
[rank6]:   File "/storage/ice1/5/1/cman8/shared/chakra_fx/src/chakra_fx/profilers/model_profiler.py", line 164, in run_eager_fwbw_kineto_pass
[rank6]:     output = self.model(self.sample_input)
[rank6]:   File "/home/hice1/cman8/conda_env/chakra_fx/lib/python3.13/site-packages/torch/nn/modules/module.py", line 1775, in _wrapped_call_impl
[rank6]:     return self._call_impl(*args, **kwargs)
[rank6]:            ~~~~~~~~~~~~~~~^^^^^^^^^^^^^^^^^
[rank6]:   File "/home/hice1/cman8/conda_env/chakra_fx/lib/python3.13/site-packages/torch/nn/modules/module.py", line 1786, in _call_impl
[rank6]:     return forward_call(*args, **kwargs)
[rank6]:   File "/home/hice1/cman8/conda_env/chakra_fx/lib/python3.13/site-packages/torchtitan/models/llama3/model/model.py", line 428, in forward
[rank6]:     h = layer(h, self.freqs_cis)
[rank6]:   File "/home/hice1/cman8/conda_env/chakra_fx/lib/python3.13/site-packages/torch/nn/modules/module.py", line 1775, in _wrapped_call_impl
[rank6]:     return self._call_impl(*args, **kwargs)
[rank6]:            ~~~~~~~~~~~~~~~^^^^^^^^^^^^^^^^^
[rank6]:   File "/home/hice1/cman8/conda_env/chakra_fx/lib/python3.13/site-packages/torch/nn/modules/module.py", line 1786, in _call_impl
[rank6]:     return forward_call(*args, **kwargs)
[rank6]:   File "/home/hice1/cman8/conda_env/chakra_fx/lib/python3.13/site-packages/torchtitan/models/llama3/model/model.py", line 300, in forward
[rank6]:     h = x + self.attention(self.attention_norm(x), freqs_cis)
[rank6]:             ~~~~~~~~~~~~~~^^^^^^^^^^^^^^^^^^^^^^^^^^^^^^^^^^^
[rank6]:   File "/home/hice1/cman8/conda_env/chakra_fx/lib/python3.13/site-packages/torch/nn/modules/module.py", line 1775, in _wrapped_call_impl
[rank6]:     return self._call_impl(*args, **kwargs)
[rank6]:            ~~~~~~~~~~~~~~~^^^^^^^^^^^^^^^^^
[rank6]:   File "/home/hice1/cman8/conda_env/chakra_fx/lib/python3.13/site-packages/torch/nn/modules/module.py", line 1786, in _call_impl
[rank6]:     return forward_call(*args, **kwargs)
[rank6]:   File "/home/hice1/cman8/conda_env/chakra_fx/lib/python3.13/site-packages/torchtitan/models/llama3/model/model.py", line 182, in forward
[rank6]:     xq, xk = apply_rotary_emb(xq, xk, freqs_cis=freqs_cis)
[rank6]:              ~~~~~~~~~~~~~~~~^^^^^^^^^^^^^^^^^^^^^^^^^^^^^
[rank6]:   File "/home/hice1/cman8/conda_env/chakra_fx/lib/python3.13/site-packages/torchtitan/models/llama3/model/model.py", line 93, in apply_rotary_emb
[rank6]:     xq_out = torch.view_as_real(xq_ * freqs_cis).flatten(3)
[rank6]:                                 ~~~~^~~~~~~~~~~
[rank6]: torch.OutOfMemoryError: CUDA out of memory. Tried to allocate 96.00 MiB. GPU 6 has a total capacity of 79.18 GiB of which 38.38 MiB is free. Including non-PyTorch memory, this process has 79.13 GiB memory in use. Of the allocated memory 77.78 GiB is allocated by PyTorch, and 3.24 MiB is reserved by PyTorch but unallocated. If reserved but unallocated memory is large try setting PYTORCH_CUDA_ALLOC_CONF=expandable_segments:True to avoid fragmentation.  See documentation for Memory Management  (https://pytorch.org/docs/stable/notes/cuda.html#environment-variables)
[rank2]: Traceback (most recent call last):
[rank2]:   File "/storage/ice1/5/1/cman8/shared/chakra_fx/profile_fxgraph.py", line 92, in <module>
[rank2]:     profiler.run_eager_fwbw_kineto_pass()
[rank2]:     ~~~~~~~~~~~~~~~~~~~~~~~~~~~~~~~~~~~^^
[rank2]:   File "/storage/ice1/5/1/cman8/shared/chakra_fx/src/chakra_fx/profilers/model_profiler.py", line 164, in run_eager_fwbw_kineto_pass
[rank2]:     output = self.model(self.sample_input)
[rank2]:   File "/home/hice1/cman8/conda_env/chakra_fx/lib/python3.13/site-packages/torch/nn/modules/module.py", line 1775, in _wrapped_call_impl
[rank2]:     return self._call_impl(*args, **kwargs)
[rank2]:            ~~~~~~~~~~~~~~~^^^^^^^^^^^^^^^^^
[rank2]:   File "/home/hice1/cman8/conda_env/chakra_fx/lib/python3.13/site-packages/torch/nn/modules/module.py", line 1786, in _call_impl
[rank2]:     return forward_call(*args, **kwargs)
[rank2]:   File "/home/hice1/cman8/conda_env/chakra_fx/lib/python3.13/site-packages/torchtitan/models/llama3/model/model.py", line 428, in forward
[rank2]:     h = layer(h, self.freqs_cis)
[rank2]:   File "/home/hice1/cman8/conda_env/chakra_fx/lib/python3.13/site-packages/torch/nn/modules/module.py", line 1775, in _wrapped_call_impl
[rank2]:     return self._call_impl(*args, **kwargs)
[rank2]:            ~~~~~~~~~~~~~~~^^^^^^^^^^^^^^^^^
[rank2]:   File "/home/hice1/cman8/conda_env/chakra_fx/lib/python3.13/site-packages/torch/nn/modules/module.py", line 1786, in _call_impl
[rank2]:     return forward_call(*args, **kwargs)
[rank2]:   File "/home/hice1/cman8/conda_env/chakra_fx/lib/python3.13/site-packages/torchtitan/models/llama3/model/model.py", line 300, in forward
[rank2]:     h = x + self.attention(self.attention_norm(x), freqs_cis)
[rank2]:             ~~~~~~~~~~~~~~^^^^^^^^^^^^^^^^^^^^^^^^^^^^^^^^^^^
[rank2]:   File "/home/hice1/cman8/conda_env/chakra_fx/lib/python3.13/site-packages/torch/nn/modules/module.py", line 1775, in _wrapped_call_impl
[rank2]:     return self._call_impl(*args, **kwargs)
[rank2]:            ~~~~~~~~~~~~~~~^^^^^^^^^^^^^^^^^
[rank2]:   File "/home/hice1/cman8/conda_env/chakra_fx/lib/python3.13/site-packages/torch/nn/modules/module.py", line 1786, in _call_impl
[rank2]:     return forward_call(*args, **kwargs)
[rank2]:   File "/home/hice1/cman8/conda_env/chakra_fx/lib/python3.13/site-packages/torchtitan/models/llama3/model/model.py", line 182, in forward
[rank2]:     xq, xk = apply_rotary_emb(xq, xk, freqs_cis=freqs_cis)
[rank2]:              ~~~~~~~~~~~~~~~~^^^^^^^^^^^^^^^^^^^^^^^^^^^^^
[rank2]:   File "/home/hice1/cman8/conda_env/chakra_fx/lib/python3.13/site-packages/torchtitan/models/llama3/model/model.py", line 93, in apply_rotary_emb
[rank2]:     xq_out = torch.view_as_real(xq_ * freqs_cis).flatten(3)
[rank2]:                                 ~~~~^~~~~~~~~~~
[rank2]: torch.OutOfMemoryError: CUDA out of memory. Tried to allocate 96.00 MiB. GPU 2 has a total capacity of 79.18 GiB of which 38.38 MiB is free. Including non-PyTorch memory, this process has 79.13 GiB memory in use. Of the allocated memory 77.78 GiB is allocated by PyTorch, and 3.24 MiB is reserved by PyTorch but unallocated. If reserved but unallocated memory is large try setting PYTORCH_CUDA_ALLOC_CONF=expandable_segments:True to avoid fragmentation.  See documentation for Memory Management  (https://pytorch.org/docs/stable/notes/cuda.html#environment-variables)
[rank13]: Traceback (most recent call last):
[rank13]:   File "/storage/ice1/5/1/cman8/shared/chakra_fx/profile_fxgraph.py", line 92, in <module>
[rank13]:     profiler.run_eager_fwbw_kineto_pass()
[rank13]:     ~~~~~~~~~~~~~~~~~~~~~~~~~~~~~~~~~~~^^
[rank13]:   File "/storage/ice1/5/1/cman8/shared/chakra_fx/src/chakra_fx/profilers/model_profiler.py", line 164, in run_eager_fwbw_kineto_pass
[rank13]:     output = self.model(self.sample_input)
[rank13]:   File "/home/hice1/cman8/conda_env/chakra_fx/lib/python3.13/site-packages/torch/nn/modules/module.py", line 1775, in _wrapped_call_impl
[rank13]:     return self._call_impl(*args, **kwargs)
[rank13]:            ~~~~~~~~~~~~~~~^^^^^^^^^^^^^^^^^
[rank13]:   File "/home/hice1/cman8/conda_env/chakra_fx/lib/python3.13/site-packages/torch/nn/modules/module.py", line 1786, in _call_impl
[rank13]:     return forward_call(*args, **kwargs)
[rank13]:   File "/home/hice1/cman8/conda_env/chakra_fx/lib/python3.13/site-packages/torchtitan/models/llama3/model/model.py", line 428, in forward
[rank13]:     h = layer(h, self.freqs_cis)
[rank13]:   File "/home/hice1/cman8/conda_env/chakra_fx/lib/python3.13/site-packages/torch/nn/modules/module.py", line 1775, in _wrapped_call_impl
[rank13]:     return self._call_impl(*args, **kwargs)
[rank13]:            ~~~~~~~~~~~~~~~^^^^^^^^^^^^^^^^^
[rank13]:   File "/home/hice1/cman8/conda_env/chakra_fx/lib/python3.13/site-packages/torch/nn/modules/module.py", line 1786, in _call_impl
[rank13]:     return forward_call(*args, **kwargs)
[rank13]:   File "/home/hice1/cman8/conda_env/chakra_fx/lib/python3.13/site-packages/torchtitan/models/llama3/model/model.py", line 300, in forward
[rank13]:     h = x + self.attention(self.attention_norm(x), freqs_cis)
[rank13]:             ~~~~~~~~~~~~~~^^^^^^^^^^^^^^^^^^^^^^^^^^^^^^^^^^^
[rank13]:   File "/home/hice1/cman8/conda_env/chakra_fx/lib/python3.13/site-packages/torch/nn/modules/module.py", line 1775, in _wrapped_call_impl
[rank13]:     return self._call_impl(*args, **kwargs)
[rank13]:            ~~~~~~~~~~~~~~~^^^^^^^^^^^^^^^^^
[rank13]:   File "/home/hice1/cman8/conda_env/chakra_fx/lib/python3.13/site-packages/torch/nn/modules/module.py", line 1786, in _call_impl
[rank13]:     return forward_call(*args, **kwargs)
[rank13]:   File "/home/hice1/cman8/conda_env/chakra_fx/lib/python3.13/site-packages/torchtitan/models/llama3/model/model.py", line 182, in forward
[rank13]:     xq, xk = apply_rotary_emb(xq, xk, freqs_cis=freqs_cis)
[rank13]:              ~~~~~~~~~~~~~~~~^^^^^^^^^^^^^^^^^^^^^^^^^^^^^
[rank13]:   File "/home/hice1/cman8/conda_env/chakra_fx/lib/python3.13/site-packages/torchtitan/models/llama3/model/model.py", line 93, in apply_rotary_emb
[rank13]:     xq_out = torch.view_as_real(xq_ * freqs_cis).flatten(3)
[rank13]:                                 ~~~~^~~~~~~~~~~
[rank13]: torch.OutOfMemoryError: CUDA out of memory. Tried to allocate 96.00 MiB. GPU 5 has a total capacity of 79.18 GiB of which 70.38 MiB is free. Including non-PyTorch memory, this process has 79.10 GiB memory in use. Of the allocated memory 77.78 GiB is allocated by PyTorch, and 3.24 MiB is reserved by PyTorch but unallocated. If reserved but unallocated memory is large try setting PYTORCH_CUDA_ALLOC_CONF=expandable_segments:True to avoid fragmentation.  See documentation for Memory Management  (https://pytorch.org/docs/stable/notes/cuda.html#environment-variables)
[rank14]: Traceback (most recent call last):
[rank14]:   File "/storage/ice1/5/1/cman8/shared/chakra_fx/profile_fxgraph.py", line 92, in <module>
[rank14]:     profiler.run_eager_fwbw_kineto_pass()
[rank14]:     ~~~~~~~~~~~~~~~~~~~~~~~~~~~~~~~~~~~^^
[rank14]:   File "/storage/ice1/5/1/cman8/shared/chakra_fx/src/chakra_fx/profilers/model_profiler.py", line 164, in run_eager_fwbw_kineto_pass
[rank14]:     output = self.model(self.sample_input)
[rank14]:   File "/home/hice1/cman8/conda_env/chakra_fx/lib/python3.13/site-packages/torch/nn/modules/module.py", line 1775, in _wrapped_call_impl
[rank14]:     return self._call_impl(*args, **kwargs)
[rank14]:            ~~~~~~~~~~~~~~~^^^^^^^^^^^^^^^^^
[rank14]:   File "/home/hice1/cman8/conda_env/chakra_fx/lib/python3.13/site-packages/torch/nn/modules/module.py", line 1786, in _call_impl
[rank14]:     return forward_call(*args, **kwargs)
[rank14]:   File "/home/hice1/cman8/conda_env/chakra_fx/lib/python3.13/site-packages/torchtitan/models/llama3/model/model.py", line 428, in forward
[rank14]:     h = layer(h, self.freqs_cis)
[rank14]:   File "/home/hice1/cman8/conda_env/chakra_fx/lib/python3.13/site-packages/torch/nn/modules/module.py", line 1775, in _wrapped_call_impl
[rank14]:     return self._call_impl(*args, **kwargs)
[rank14]:            ~~~~~~~~~~~~~~~^^^^^^^^^^^^^^^^^
[rank14]:   File "/home/hice1/cman8/conda_env/chakra_fx/lib/python3.13/site-packages/torch/nn/modules/module.py", line 1786, in _call_impl
[rank14]:     return forward_call(*args, **kwargs)
[rank14]:   File "/home/hice1/cman8/conda_env/chakra_fx/lib/python3.13/site-packages/torchtitan/models/llama3/model/model.py", line 300, in forward
[rank14]:     h = x + self.attention(self.attention_norm(x), freqs_cis)
[rank14]:             ~~~~~~~~~~~~~~^^^^^^^^^^^^^^^^^^^^^^^^^^^^^^^^^^^
[rank14]:   File "/home/hice1/cman8/conda_env/chakra_fx/lib/python3.13/site-packages/torch/nn/modules/module.py", line 1775, in _wrapped_call_impl
[rank14]:     return self._call_impl(*args, **kwargs)
[rank14]:            ~~~~~~~~~~~~~~~^^^^^^^^^^^^^^^^^
[rank14]:   File "/home/hice1/cman8/conda_env/chakra_fx/lib/python3.13/site-packages/torch/nn/modules/module.py", line 1786, in _call_impl
[rank14]:     return forward_call(*args, **kwargs)
[rank14]:   File "/home/hice1/cman8/conda_env/chakra_fx/lib/python3.13/site-packages/torchtitan/models/llama3/model/model.py", line 182, in forward
[rank14]:     xq, xk = apply_rotary_emb(xq, xk, freqs_cis=freqs_cis)
[rank14]:              ~~~~~~~~~~~~~~~~^^^^^^^^^^^^^^^^^^^^^^^^^^^^^
[rank14]:   File "/home/hice1/cman8/conda_env/chakra_fx/lib/python3.13/site-packages/torchtitan/models/llama3/model/model.py", line 93, in apply_rotary_emb
[rank14]:     xq_out = torch.view_as_real(xq_ * freqs_cis).flatten(3)
[rank14]:                                 ~~~~^~~~~~~~~~~
[rank14]: torch.OutOfMemoryError: CUDA out of memory. Tried to allocate 96.00 MiB. GPU 6 has a total capacity of 79.18 GiB of which 38.38 MiB is free. Including non-PyTorch memory, this process has 79.13 GiB memory in use. Of the allocated memory 77.78 GiB is allocated by PyTorch, and 3.24 MiB is reserved by PyTorch but unallocated. If reserved but unallocated memory is large try setting PYTORCH_CUDA_ALLOC_CONF=expandable_segments:True to avoid fragmentation.  See documentation for Memory Management  (https://pytorch.org/docs/stable/notes/cuda.html#environment-variables)
[rank15]: Traceback (most recent call last):
[rank15]:   File "/storage/ice1/5/1/cman8/shared/chakra_fx/profile_fxgraph.py", line 92, in <module>
[rank15]:     profiler.run_eager_fwbw_kineto_pass()
[rank15]:     ~~~~~~~~~~~~~~~~~~~~~~~~~~~~~~~~~~~^^
[rank15]:   File "/storage/ice1/5/1/cman8/shared/chakra_fx/src/chakra_fx/profilers/model_profiler.py", line 164, in run_eager_fwbw_kineto_pass
[rank15]:     output = self.model(self.sample_input)
[rank15]:   File "/home/hice1/cman8/conda_env/chakra_fx/lib/python3.13/site-packages/torch/nn/modules/module.py", line 1775, in _wrapped_call_impl
[rank15]:     return self._call_impl(*args, **kwargs)
[rank15]:            ~~~~~~~~~~~~~~~^^^^^^^^^^^^^^^^^
[rank15]:   File "/home/hice1/cman8/conda_env/chakra_fx/lib/python3.13/site-packages/torch/nn/modules/module.py", line 1786, in _call_impl
[rank15]:     return forward_call(*args, **kwargs)
[rank15]:   File "/home/hice1/cman8/conda_env/chakra_fx/lib/python3.13/site-packages/torchtitan/models/llama3/model/model.py", line 428, in forward
[rank15]:     h = layer(h, self.freqs_cis)
[rank15]:   File "/home/hice1/cman8/conda_env/chakra_fx/lib/python3.13/site-packages/torch/nn/modules/module.py", line 1775, in _wrapped_call_impl
[rank15]:     return self._call_impl(*args, **kwargs)
[rank15]:            ~~~~~~~~~~~~~~~^^^^^^^^^^^^^^^^^
[rank15]:   File "/home/hice1/cman8/conda_env/chakra_fx/lib/python3.13/site-packages/torch/nn/modules/module.py", line 1786, in _call_impl
[rank15]:     return forward_call(*args, **kwargs)
[rank15]:   File "/home/hice1/cman8/conda_env/chakra_fx/lib/python3.13/site-packages/torchtitan/models/llama3/model/model.py", line 300, in forward
[rank15]:     h = x + self.attention(self.attention_norm(x), freqs_cis)
[rank15]:             ~~~~~~~~~~~~~~^^^^^^^^^^^^^^^^^^^^^^^^^^^^^^^^^^^
[rank15]:   File "/home/hice1/cman8/conda_env/chakra_fx/lib/python3.13/site-packages/torch/nn/modules/module.py", line 1775, in _wrapped_call_impl
[rank15]:     return self._call_impl(*args, **kwargs)
[rank15]:            ~~~~~~~~~~~~~~~^^^^^^^^^^^^^^^^^
[rank15]:   File "/home/hice1/cman8/conda_env/chakra_fx/lib/python3.13/site-packages/torch/nn/modules/module.py", line 1786, in _call_impl
[rank15]:     return forward_call(*args, **kwargs)
[rank15]:   File "/home/hice1/cman8/conda_env/chakra_fx/lib/python3.13/site-packages/torchtitan/models/llama3/model/model.py", line 182, in forward
[rank15]:     xq, xk = apply_rotary_emb(xq, xk, freqs_cis=freqs_cis)
[rank15]:              ~~~~~~~~~~~~~~~~^^^^^^^^^^^^^^^^^^^^^^^^^^^^^
[rank15]:   File "/home/hice1/cman8/conda_env/chakra_fx/lib/python3.13/site-packages/torchtitan/models/llama3/model/model.py", line 93, in apply_rotary_emb
[rank15]:     xq_out = torch.view_as_real(xq_ * freqs_cis).flatten(3)
[rank15]:                                 ~~~~^~~~~~~~~~~
[rank15]: torch.OutOfMemoryError: CUDA out of memory. Tried to allocate 96.00 MiB. GPU 7 has a total capacity of 79.18 GiB of which 38.38 MiB is free. Including non-PyTorch memory, this process has 79.13 GiB memory in use. Of the allocated memory 77.78 GiB is allocated by PyTorch, and 3.24 MiB is reserved by PyTorch but unallocated. If reserved but unallocated memory is large try setting PYTORCH_CUDA_ALLOC_CONF=expandable_segments:True to avoid fragmentation.  See documentation for Memory Management  (https://pytorch.org/docs/stable/notes/cuda.html#environment-variables)
[rank8]:[W820 00:35:18.372947450 ProcessGroupNCCL.cpp:1519] Warning: WARNING: destroy_process_group() was not called before program exit, which can leak resources. For more info, please see https://pytorch.org/docs/stable/distributed.html#shutdown (function operator())
[rank12]: Traceback (most recent call last):
[rank12]:   File "/storage/ice1/5/1/cman8/shared/chakra_fx/profile_fxgraph.py", line 92, in <module>
[rank12]:     profiler.run_eager_fwbw_kineto_pass()
[rank12]:     ~~~~~~~~~~~~~~~~~~~~~~~~~~~~~~~~~~~^^
[rank12]:   File "/storage/ice1/5/1/cman8/shared/chakra_fx/src/chakra_fx/profilers/model_profiler.py", line 164, in run_eager_fwbw_kineto_pass
[rank12]:     output = self.model(self.sample_input)
[rank12]:   File "/home/hice1/cman8/conda_env/chakra_fx/lib/python3.13/site-packages/torch/nn/modules/module.py", line 1775, in _wrapped_call_impl
[rank12]:     return self._call_impl(*args, **kwargs)
[rank12]:            ~~~~~~~~~~~~~~~^^^^^^^^^^^^^^^^^
[rank12]:   File "/home/hice1/cman8/conda_env/chakra_fx/lib/python3.13/site-packages/torch/nn/modules/module.py", line 1786, in _call_impl
[rank12]:     return forward_call(*args, **kwargs)
[rank12]:   File "/home/hice1/cman8/conda_env/chakra_fx/lib/python3.13/site-packages/torchtitan/models/llama3/model/model.py", line 428, in forward
[rank12]:     h = layer(h, self.freqs_cis)
[rank12]:   File "/home/hice1/cman8/conda_env/chakra_fx/lib/python3.13/site-packages/torch/nn/modules/module.py", line 1775, in _wrapped_call_impl
[rank12]:     return self._call_impl(*args, **kwargs)
[rank12]:            ~~~~~~~~~~~~~~~^^^^^^^^^^^^^^^^^
[rank12]:   File "/home/hice1/cman8/conda_env/chakra_fx/lib/python3.13/site-packages/torch/nn/modules/module.py", line 1786, in _call_impl
[rank12]:     return forward_call(*args, **kwargs)
[rank12]:   File "/home/hice1/cman8/conda_env/chakra_fx/lib/python3.13/site-packages/torchtitan/models/llama3/model/model.py", line 300, in forward
[rank12]:     h = x + self.attention(self.attention_norm(x), freqs_cis)
[rank12]:             ~~~~~~~~~~~~~~^^^^^^^^^^^^^^^^^^^^^^^^^^^^^^^^^^^
[rank12]:   File "/home/hice1/cman8/conda_env/chakra_fx/lib/python3.13/site-packages/torch/nn/modules/module.py", line 1775, in _wrapped_call_impl
[rank12]:     return self._call_impl(*args, **kwargs)
[rank12]:            ~~~~~~~~~~~~~~~^^^^^^^^^^^^^^^^^
[rank12]:   File "/home/hice1/cman8/conda_env/chakra_fx/lib/python3.13/site-packages/torch/nn/modules/module.py", line 1786, in _call_impl
[rank12]:     return forward_call(*args, **kwargs)
[rank12]:   File "/home/hice1/cman8/conda_env/chakra_fx/lib/python3.13/site-packages/torchtitan/models/llama3/model/model.py", line 192, in forward
[rank12]:     output = self.sdpa(xq, xk, xv)
[rank12]:   File "/home/hice1/cman8/conda_env/chakra_fx/lib/python3.13/site-packages/torch/nn/modules/module.py", line 1775, in _wrapped_call_impl
[rank12]:     return self._call_impl(*args, **kwargs)
[rank12]:            ~~~~~~~~~~~~~~~^^^^^^^^^^^^^^^^^
[rank12]:   File "/home/hice1/cman8/conda_env/chakra_fx/lib/python3.13/site-packages/torch/nn/modules/module.py", line 1786, in _call_impl
[rank12]:     return forward_call(*args, **kwargs)
[rank12]:   File "/home/hice1/cman8/conda_env/chakra_fx/lib/python3.13/site-packages/torchtitan/models/attention.py", line 218, in forward
[rank12]:     return F.scaled_dot_product_attention(q, k, v, is_causal=True, scale=scale)
[rank12]:            ~~~~~~~~~~~~~~~~~~~~~~~~~~~~~~^^^^^^^^^^^^^^^^^^^^^^^^^^^^^^^^^^^^^^
[rank12]: torch.OutOfMemoryError: CUDA out of memory. Tried to allocate 96.00 MiB. GPU 4 has a total capacity of 79.18 GiB of which 70.38 MiB is free. Including non-PyTorch memory, this process has 79.10 GiB memory in use. Of the allocated memory 77.91 GiB is allocated by PyTorch, and 3.24 MiB is reserved by PyTorch but unallocated. If reserved but unallocated memory is large try setting PYTORCH_CUDA_ALLOC_CONF=expandable_segments:True to avoid fragmentation.  See documentation for Memory Management  (https://pytorch.org/docs/stable/notes/cuda.html#environment-variables)
[rank20]: Traceback (most recent call last):
[rank20]:   File "/storage/ice1/5/1/cman8/shared/chakra_fx/profile_fxgraph.py", line 92, in <module>
[rank20]:     profiler.run_eager_fwbw_kineto_pass()
[rank20]:     ~~~~~~~~~~~~~~~~~~~~~~~~~~~~~~~~~~~^^
[rank20]:   File "/storage/ice1/5/1/cman8/shared/chakra_fx/src/chakra_fx/profilers/model_profiler.py", line 164, in run_eager_fwbw_kineto_pass
[rank20]:     output = self.model(self.sample_input)
[rank20]:   File "/home/hice1/cman8/conda_env/chakra_fx/lib/python3.13/site-packages/torch/nn/modules/module.py", line 1775, in _wrapped_call_impl
[rank20]:     return self._call_impl(*args, **kwargs)
[rank20]:            ~~~~~~~~~~~~~~~^^^^^^^^^^^^^^^^^
[rank20]:   File "/home/hice1/cman8/conda_env/chakra_fx/lib/python3.13/site-packages/torch/nn/modules/module.py", line 1786, in _call_impl
[rank20]:     return forward_call(*args, **kwargs)
[rank28]: Traceback (most recent call last):
[rank28]:   File "/storage/ice1/5/1/cman8/shared/chakra_fx/profile_fxgraph.py", line 92, in <module>
[rank28]:     profiler.run_eager_fwbw_kineto_pass()
[rank28]:     ~~~~~~~~~~~~~~~~~~~~~~~~~~~~~~~~~~~^^
[rank28]:   File "/storage/ice1/5/1/cman8/shared/chakra_fx/src/chakra_fx/profilers/model_profiler.py", line 164, in run_eager_fwbw_kineto_pass
[rank28]:     output = self.model(self.sample_input)
[rank28]:   File "/home/hice1/cman8/conda_env/chakra_fx/lib/python3.13/site-packages/torch/nn/modules/module.py", line 1775, in _wrapped_call_impl
[rank28]:     return self._call_impl(*args, **kwargs)
[rank28]:            ~~~~~~~~~~~~~~~^^^^^^^^^^^^^^^^^
[rank28]:   File "/home/hice1/cman8/conda_env/chakra_fx/lib/python3.13/site-packages/torch/nn/modules/module.py", line 1786, in _call_impl
[rank28]:     return forward_call(*args, **kwargs)
[rank20]:   File "/home/hice1/cman8/conda_env/chakra_fx/lib/python3.13/site-packages/torchtitan/models/llama3/model/model.py", line 428, in forward
[rank20]:     h = layer(h, self.freqs_cis)
[rank20]:   File "/home/hice1/cman8/conda_env/chakra_fx/lib/python3.13/site-packages/torch/nn/modules/module.py", line 1775, in _wrapped_call_impl
[rank20]:     return self._call_impl(*args, **kwargs)
[rank20]:            ~~~~~~~~~~~~~~~^^^^^^^^^^^^^^^^^
[rank20]:   File "/home/hice1/cman8/conda_env/chakra_fx/lib/python3.13/site-packages/torch/nn/modules/module.py", line 1786, in _call_impl
[rank20]:     return forward_call(*args, **kwargs)
[rank20]:   File "/home/hice1/cman8/conda_env/chakra_fx/lib/python3.13/site-packages/torchtitan/models/llama3/model/model.py", line 300, in forward
[rank20]:     h = x + self.attention(self.attention_norm(x), freqs_cis)
[rank20]:             ~~~~~~~~~~~~~~^^^^^^^^^^^^^^^^^^^^^^^^^^^^^^^^^^^
[rank4]: Traceback (most recent call last):
[rank4]:   File "/storage/ice1/5/1/cman8/shared/chakra_fx/profile_fxgraph.py", line 92, in <module>
[rank4]:     profiler.run_eager_fwbw_kineto_pass()
[rank4]:     ~~~~~~~~~~~~~~~~~~~~~~~~~~~~~~~~~~~^^
[rank4]:   File "/storage/ice1/5/1/cman8/shared/chakra_fx/src/chakra_fx/profilers/model_profiler.py", line 164, in run_eager_fwbw_kineto_pass
[rank4]:     output = self.model(self.sample_input)
[rank4]:   File "/home/hice1/cman8/conda_env/chakra_fx/lib/python3.13/site-packages/torch/nn/modules/module.py", line 1775, in _wrapped_call_impl
[rank4]:     return self._call_impl(*args, **kwargs)
[rank4]:            ~~~~~~~~~~~~~~~^^^^^^^^^^^^^^^^^
[rank4]:   File "/home/hice1/cman8/conda_env/chakra_fx/lib/python3.13/site-packages/torch/nn/modules/module.py", line 1786, in _call_impl
[rank4]:     return forward_call(*args, **kwargs)
[rank28]:   File "/home/hice1/cman8/conda_env/chakra_fx/lib/python3.13/site-packages/torchtitan/models/llama3/model/model.py", line 428, in forward
[rank28]:     h = layer(h, self.freqs_cis)
[rank28]:   File "/home/hice1/cman8/conda_env/chakra_fx/lib/python3.13/site-packages/torch/nn/modules/module.py", line 1775, in _wrapped_call_impl
[rank28]:     return self._call_impl(*args, **kwargs)
[rank28]:            ~~~~~~~~~~~~~~~^^^^^^^^^^^^^^^^^
[rank28]:   File "/home/hice1/cman8/conda_env/chakra_fx/lib/python3.13/site-packages/torch/nn/modules/module.py", line 1786, in _call_impl
[rank28]:     return forward_call(*args, **kwargs)
[rank28]:   File "/home/hice1/cman8/conda_env/chakra_fx/lib/python3.13/site-packages/torchtitan/models/llama3/model/model.py", line 300, in forward
[rank28]:     h = x + self.attention(self.attention_norm(x), freqs_cis)
[rank28]:             ~~~~~~~~~~~~~~^^^^^^^^^^^^^^^^^^^^^^^^^^^^^^^^^^^
[rank20]:   File "/home/hice1/cman8/conda_env/chakra_fx/lib/python3.13/site-packages/torch/nn/modules/module.py", line 1775, in _wrapped_call_impl
[rank20]:     return self._call_impl(*args, **kwargs)
[rank20]:            ~~~~~~~~~~~~~~~^^^^^^^^^^^^^^^^^
[rank20]:   File "/home/hice1/cman8/conda_env/chakra_fx/lib/python3.13/site-packages/torch/nn/modules/module.py", line 1786, in _call_impl
[rank20]:     return forward_call(*args, **kwargs)
[rank20]:   File "/home/hice1/cman8/conda_env/chakra_fx/lib/python3.13/site-packages/torchtitan/models/llama3/model/model.py", line 192, in forward
[rank20]:     output = self.sdpa(xq, xk, xv)
[rank20]:   File "/home/hice1/cman8/conda_env/chakra_fx/lib/python3.13/site-packages/torch/nn/modules/module.py", line 1775, in _wrapped_call_impl
[rank20]:     return self._call_impl(*args, **kwargs)
[rank20]:            ~~~~~~~~~~~~~~~^^^^^^^^^^^^^^^^^
[rank4]:   File "/home/hice1/cman8/conda_env/chakra_fx/lib/python3.13/site-packages/torchtitan/models/llama3/model/model.py", line 428, in forward
[rank4]:     h = layer(h, self.freqs_cis)
[rank4]:   File "/home/hice1/cman8/conda_env/chakra_fx/lib/python3.13/site-packages/torch/nn/modules/module.py", line 1775, in _wrapped_call_impl
[rank4]:     return self._call_impl(*args, **kwargs)
[rank4]:            ~~~~~~~~~~~~~~~^^^^^^^^^^^^^^^^^
[rank4]:   File "/home/hice1/cman8/conda_env/chakra_fx/lib/python3.13/site-packages/torch/nn/modules/module.py", line 1786, in _call_impl
[rank4]:     return forward_call(*args, **kwargs)
[rank4]:   File "/home/hice1/cman8/conda_env/chakra_fx/lib/python3.13/site-packages/torchtitan/models/llama3/model/model.py", line 300, in forward
[rank4]:     h = x + self.attention(self.attention_norm(x), freqs_cis)
[rank4]:             ~~~~~~~~~~~~~~^^^^^^^^^^^^^^^^^^^^^^^^^^^^^^^^^^^
[rank28]:   File "/home/hice1/cman8/conda_env/chakra_fx/lib/python3.13/site-packages/torch/nn/modules/module.py", line 1775, in _wrapped_call_impl
[rank28]:     return self._call_impl(*args, **kwargs)
[rank28]:            ~~~~~~~~~~~~~~~^^^^^^^^^^^^^^^^^
[rank28]:   File "/home/hice1/cman8/conda_env/chakra_fx/lib/python3.13/site-packages/torch/nn/modules/module.py", line 1786, in _call_impl
[rank28]:     return forward_call(*args, **kwargs)
[rank28]:   File "/home/hice1/cman8/conda_env/chakra_fx/lib/python3.13/site-packages/torchtitan/models/llama3/model/model.py", line 192, in forward
[rank28]:     output = self.sdpa(xq, xk, xv)
[rank28]:   File "/home/hice1/cman8/conda_env/chakra_fx/lib/python3.13/site-packages/torch/nn/modules/module.py", line 1775, in _wrapped_call_impl
[rank28]:     return self._call_impl(*args, **kwargs)
[rank28]:            ~~~~~~~~~~~~~~~^^^^^^^^^^^^^^^^^
[rank20]:   File "/home/hice1/cman8/conda_env/chakra_fx/lib/python3.13/site-packages/torch/nn/modules/module.py", line 1786, in _call_impl
[rank20]:     return forward_call(*args, **kwargs)
[rank20]:   File "/home/hice1/cman8/conda_env/chakra_fx/lib/python3.13/site-packages/torchtitan/models/attention.py", line 218, in forward
[rank20]:     return F.scaled_dot_product_attention(q, k, v, is_causal=True, scale=scale)
[rank20]:            ~~~~~~~~~~~~~~~~~~~~~~~~~~~~~~^^^^^^^^^^^^^^^^^^^^^^^^^^^^^^^^^^^^^^
[rank4]:   File "/home/hice1/cman8/conda_env/chakra_fx/lib/python3.13/site-packages/torch/nn/modules/module.py", line 1775, in _wrapped_call_impl
[rank4]:     return self._call_impl(*args, **kwargs)
[rank4]:            ~~~~~~~~~~~~~~~^^^^^^^^^^^^^^^^^
[rank4]:   File "/home/hice1/cman8/conda_env/chakra_fx/lib/python3.13/site-packages/torch/nn/modules/module.py", line 1786, in _call_impl
[rank4]:     return forward_call(*args, **kwargs)
[rank4]:   File "/home/hice1/cman8/conda_env/chakra_fx/lib/python3.13/site-packages/torchtitan/models/llama3/model/model.py", line 192, in forward
[rank4]:     output = self.sdpa(xq, xk, xv)
[rank4]:   File "/home/hice1/cman8/conda_env/chakra_fx/lib/python3.13/site-packages/torch/nn/modules/module.py", line 1775, in _wrapped_call_impl
[rank4]:     return self._call_impl(*args, **kwargs)
[rank4]:            ~~~~~~~~~~~~~~~^^^^^^^^^^^^^^^^^
[rank4]:   File "/home/hice1/cman8/conda_env/chakra_fx/lib/python3.13/site-packages/torch/nn/modules/module.py", line 1786, in _call_impl
[rank28]:   File "/home/hice1/cman8/conda_env/chakra_fx/lib/python3.13/site-packages/torch/nn/modules/module.py", line 1786, in _call_impl
[rank28]:     return forward_call(*args, **kwargs)
[rank28]:   File "/home/hice1/cman8/conda_env/chakra_fx/lib/python3.13/site-packages/torchtitan/models/attention.py", line 218, in forward
[rank28]:     return F.scaled_dot_product_attention(q, k, v, is_causal=True, scale=scale)
[rank28]:            ~~~~~~~~~~~~~~~~~~~~~~~~~~~~~~^^^^^^^^^^^^^^^^^^^^^^^^^^^^^^^^^^^^^^
[rank20]: torch.OutOfMemoryError: CUDA out of memory. Tried to allocate 96.00 MiB. GPU 4 has a total capacity of 79.18 GiB of which 70.38 MiB is free. Including non-PyTorch memory, this process has 79.10 GiB memory in use. Of the allocated memory 77.91 GiB is allocated by PyTorch, and 3.24 MiB is reserved by PyTorch but unallocated. If reserved but unallocated memory is large try setting PYTORCH_CUDA_ALLOC_CONF=expandable_segments:True to avoid fragmentation.  See documentation for Memory Management  (https://pytorch.org/docs/stable/notes/cuda.html#environment-variables)
[rank4]:     return forward_call(*args, **kwargs)
[rank4]:   File "/home/hice1/cman8/conda_env/chakra_fx/lib/python3.13/site-packages/torchtitan/models/attention.py", line 218, in forward
[rank4]:     return F.scaled_dot_product_attention(q, k, v, is_causal=True, scale=scale)
[rank4]:            ~~~~~~~~~~~~~~~~~~~~~~~~~~~~~~^^^^^^^^^^^^^^^^^^^^^^^^^^^^^^^^^^^^^^
[rank4]: torch.OutOfMemoryError: CUDA out of memory. Tried to allocate 96.00 MiB. GPU 4 has a total capacity of 79.18 GiB of which 70.38 MiB is free. Including non-PyTorch memory, this process has 79.10 GiB memory in use. Of the allocated memory 77.91 GiB is allocated by PyTorch, and 3.24 MiB is reserved by PyTorch but unallocated. If reserved but unallocated memory is large try setting PYTORCH_CUDA_ALLOC_CONF=expandable_segments:True to avoid fragmentation.  See documentation for Memory Management  (https://pytorch.org/docs/stable/notes/cuda.html#environment-variables)
[rank28]: torch.OutOfMemoryError: CUDA out of memory. Tried to allocate 96.00 MiB. GPU 4 has a total capacity of 79.18 GiB of which 70.38 MiB is free. Including non-PyTorch memory, this process has 79.10 GiB memory in use. Of the allocated memory 77.91 GiB is allocated by PyTorch, and 3.24 MiB is reserved by PyTorch but unallocated. If reserved but unallocated memory is large try setting PYTORCH_CUDA_ALLOC_CONF=expandable_segments:True to avoid fragmentation.  See documentation for Memory Management  (https://pytorch.org/docs/stable/notes/cuda.html#environment-variables)
[rank0]:[W820 00:35:18.708134349 ProcessGroupNCCL.cpp:1519] Warning: WARNING: destroy_process_group() was not called before program exit, which can leak resources. For more info, please see https://pytorch.org/docs/stable/distributed.html#shutdown (function operator())
[rank16]:[W820 00:35:18.548770264 ProcessGroupNCCL.cpp:1519] Warning: WARNING: destroy_process_group() was not called before program exit, which can leak resources. For more info, please see https://pytorch.org/docs/stable/distributed.html#shutdown (function operator())
[rank24]:[W820 00:35:18.031177195 ProcessGroupNCCL.cpp:1519] Warning: WARNING: destroy_process_group() was not called before program exit, which can leak resources. For more info, please see https://pytorch.org/docs/stable/distributed.html#shutdown (function operator())
W0820 00:35:19.386000 992173 /storage/ice1/5/1/cman8/conda_env/chakra_fx/lib/python3.13/site-packages/torch/distributed/elastic/multiprocessing/api.py:908] Sending process 992246 closing signal SIGTERM
W0820 00:35:19.387000 992173 /storage/ice1/5/1/cman8/conda_env/chakra_fx/lib/python3.13/site-packages/torch/distributed/elastic/multiprocessing/api.py:908] Sending process 992247 closing signal SIGTERM
W0820 00:35:19.387000 992173 /storage/ice1/5/1/cman8/conda_env/chakra_fx/lib/python3.13/site-packages/torch/distributed/elastic/multiprocessing/api.py:908] Sending process 992248 closing signal SIGTERM
W0820 00:35:19.388000 992173 /storage/ice1/5/1/cman8/conda_env/chakra_fx/lib/python3.13/site-packages/torch/distributed/elastic/multiprocessing/api.py:908] Sending process 992249 closing signal SIGTERM
W0820 00:35:19.388000 992173 /storage/ice1/5/1/cman8/conda_env/chakra_fx/lib/python3.13/site-packages/torch/distributed/elastic/multiprocessing/api.py:908] Sending process 992250 closing signal SIGTERM
W0820 00:35:19.388000 992173 /storage/ice1/5/1/cman8/conda_env/chakra_fx/lib/python3.13/site-packages/torch/distributed/elastic/multiprocessing/api.py:908] Sending process 992251 closing signal SIGTERM
W0820 00:35:19.389000 992173 /storage/ice1/5/1/cman8/conda_env/chakra_fx/lib/python3.13/site-packages/torch/distributed/elastic/multiprocessing/api.py:908] Sending process 992252 closing signal SIGTERM
W0820 00:35:19.481000 1401632 /storage/ice1/5/1/cman8/conda_env/chakra_fx/lib/python3.13/site-packages/torch/distributed/elastic/multiprocessing/api.py:908] Sending process 1401706 closing signal SIGTERM
W0820 00:35:19.482000 1401632 /storage/ice1/5/1/cman8/conda_env/chakra_fx/lib/python3.13/site-packages/torch/distributed/elastic/multiprocessing/api.py:908] Sending process 1401707 closing signal SIGTERM
W0820 00:35:19.483000 1401632 /storage/ice1/5/1/cman8/conda_env/chakra_fx/lib/python3.13/site-packages/torch/distributed/elastic/multiprocessing/api.py:908] Sending process 1401708 closing signal SIGTERM
W0820 00:35:19.483000 1401632 /storage/ice1/5/1/cman8/conda_env/chakra_fx/lib/python3.13/site-packages/torch/distributed/elastic/multiprocessing/api.py:908] Sending process 1401709 closing signal SIGTERM
W0820 00:35:19.483000 1401632 /storage/ice1/5/1/cman8/conda_env/chakra_fx/lib/python3.13/site-packages/torch/distributed/elastic/multiprocessing/api.py:908] Sending process 1401710 closing signal SIGTERM
W0820 00:35:19.484000 1401632 /storage/ice1/5/1/cman8/conda_env/chakra_fx/lib/python3.13/site-packages/torch/distributed/elastic/multiprocessing/api.py:908] Sending process 1401711 closing signal SIGTERM
W0820 00:35:19.484000 1401632 /storage/ice1/5/1/cman8/conda_env/chakra_fx/lib/python3.13/site-packages/torch/distributed/elastic/multiprocessing/api.py:908] Sending process 1401712 closing signal SIGTERM
W0820 00:35:19.490000 999785 /storage/ice1/5/1/cman8/conda_env/chakra_fx/lib/python3.13/site-packages/torch/distributed/elastic/multiprocessing/api.py:908] Sending process 999861 closing signal SIGTERM
W0820 00:35:19.491000 999785 /storage/ice1/5/1/cman8/conda_env/chakra_fx/lib/python3.13/site-packages/torch/distributed/elastic/multiprocessing/api.py:908] Sending process 999862 closing signal SIGTERM
W0820 00:35:19.491000 999785 /storage/ice1/5/1/cman8/conda_env/chakra_fx/lib/python3.13/site-packages/torch/distributed/elastic/multiprocessing/api.py:908] Sending process 999863 closing signal SIGTERM
W0820 00:35:19.491000 999785 /storage/ice1/5/1/cman8/conda_env/chakra_fx/lib/python3.13/site-packages/torch/distributed/elastic/multiprocessing/api.py:908] Sending process 999864 closing signal SIGTERM
W0820 00:35:19.492000 999785 /storage/ice1/5/1/cman8/conda_env/chakra_fx/lib/python3.13/site-packages/torch/distributed/elastic/multiprocessing/api.py:908] Sending process 999865 closing signal SIGTERM
W0820 00:35:19.492000 999785 /storage/ice1/5/1/cman8/conda_env/chakra_fx/lib/python3.13/site-packages/torch/distributed/elastic/multiprocessing/api.py:908] Sending process 999866 closing signal SIGTERM
W0820 00:35:19.493000 999785 /storage/ice1/5/1/cman8/conda_env/chakra_fx/lib/python3.13/site-packages/torch/distributed/elastic/multiprocessing/api.py:908] Sending process 999867 closing signal SIGTERM
W0820 00:35:19.789000 970262 /storage/ice1/5/1/cman8/conda_env/chakra_fx/lib/python3.13/site-packages/torch/distributed/elastic/multiprocessing/api.py:908] Sending process 970334 closing signal SIGTERM
W0820 00:35:19.790000 970262 /storage/ice1/5/1/cman8/conda_env/chakra_fx/lib/python3.13/site-packages/torch/distributed/elastic/multiprocessing/api.py:908] Sending process 970335 closing signal SIGTERM
W0820 00:35:19.790000 970262 /storage/ice1/5/1/cman8/conda_env/chakra_fx/lib/python3.13/site-packages/torch/distributed/elastic/multiprocessing/api.py:908] Sending process 970336 closing signal SIGTERM
W0820 00:35:19.791000 970262 /storage/ice1/5/1/cman8/conda_env/chakra_fx/lib/python3.13/site-packages/torch/distributed/elastic/multiprocessing/api.py:908] Sending process 970338 closing signal SIGTERM
W0820 00:35:19.791000 970262 /storage/ice1/5/1/cman8/conda_env/chakra_fx/lib/python3.13/site-packages/torch/distributed/elastic/multiprocessing/api.py:908] Sending process 970339 closing signal SIGTERM
W0820 00:35:19.792000 970262 /storage/ice1/5/1/cman8/conda_env/chakra_fx/lib/python3.13/site-packages/torch/distributed/elastic/multiprocessing/api.py:908] Sending process 970340 closing signal SIGTERM
W0820 00:35:19.792000 970262 /storage/ice1/5/1/cman8/conda_env/chakra_fx/lib/python3.13/site-packages/torch/distributed/elastic/multiprocessing/api.py:908] Sending process 970341 closing signal SIGTERM
E0820 00:35:21.477000 1401632 /storage/ice1/5/1/cman8/conda_env/chakra_fx/lib/python3.13/site-packages/torch/distributed/elastic/multiprocessing/api.py:882] failed (exitcode: 1) local_rank: 0 (pid: 1401705) of binary: /home/hice1/cman8/conda_env/chakra_fx/bin/python
Traceback (most recent call last):
  File "/home/hice1/cman8/conda_env/chakra_fx/bin/torchrun", line 8, in <module>
    sys.exit(main())
             ~~~~^^
  File "/home/hice1/cman8/conda_env/chakra_fx/lib/python3.13/site-packages/torch/distributed/elastic/multiprocessing/errors/__init__.py", line 357, in wrapper
    return f(*args, **kwargs)
  File "/home/hice1/cman8/conda_env/chakra_fx/lib/python3.13/site-packages/torch/distributed/run.py", line 936, in main
    run(args)
    ~~~^^^^^^
  File "/home/hice1/cman8/conda_env/chakra_fx/lib/python3.13/site-packages/torch/distributed/run.py", line 927, in run
    elastic_launch(
    ~~~~~~~~~~~~~~~
        config=config,
        ~~~~~~~~~~~~~~
        entrypoint=cmd,
        ~~~~~~~~~~~~~~~
    )(*cmd_args)
    ~^^^^^^^^^^^
  File "/home/hice1/cman8/conda_env/chakra_fx/lib/python3.13/site-packages/torch/distributed/launcher/api.py", line 159, in __call__
    return launch_agent(self._config, self._entrypoint, list(args))
  File "/home/hice1/cman8/conda_env/chakra_fx/lib/python3.13/site-packages/torch/distributed/launcher/api.py", line 296, in launch_agent
    raise ChildFailedError(
    ...<2 lines>...
    )
torch.distributed.elastic.multiprocessing.errors.ChildFailedError: 
============================================================
profile_fxgraph.py FAILED
------------------------------------------------------------
Failures:
  <NO_OTHER_FAILURES>
------------------------------------------------------------
Root Cause (first observed failure):
[0]:
  time      : 2025-08-20_00:35:19
  host      : atl1-1-03-012-18-0.pace.gatech.edu
  rank      : 0 (local_rank: 0)
  exitcode  : 1 (pid: 1401705)
  error_file: <N/A>
  traceback : To enable traceback see: https://pytorch.org/docs/stable/elastic/errors.html
============================================================
E0820 00:35:21.519000 992173 /storage/ice1/5/1/cman8/conda_env/chakra_fx/lib/python3.13/site-packages/torch/distributed/elastic/multiprocessing/api.py:882] failed (exitcode: 1) local_rank: 0 (pid: 992245) of binary: /home/hice1/cman8/conda_env/chakra_fx/bin/python
Traceback (most recent call last):
  File "/home/hice1/cman8/conda_env/chakra_fx/bin/torchrun", line 8, in <module>
    sys.exit(main())
             ~~~~^^
  File "/home/hice1/cman8/conda_env/chakra_fx/lib/python3.13/site-packages/torch/distributed/elastic/multiprocessing/errors/__init__.py", line 357, in wrapper
    return f(*args, **kwargs)
  File "/home/hice1/cman8/conda_env/chakra_fx/lib/python3.13/site-packages/torch/distributed/run.py", line 936, in main
    run(args)
    ~~~^^^^^^
  File "/home/hice1/cman8/conda_env/chakra_fx/lib/python3.13/site-packages/torch/distributed/run.py", line 927, in run
    elastic_launch(
    ~~~~~~~~~~~~~~~
        config=config,
        ~~~~~~~~~~~~~~
        entrypoint=cmd,
        ~~~~~~~~~~~~~~~
    )(*cmd_args)
    ~^^^^^^^^^^^
  File "/home/hice1/cman8/conda_env/chakra_fx/lib/python3.13/site-packages/torch/distributed/launcher/api.py", line 159, in __call__
    return launch_agent(self._config, self._entrypoint, list(args))
  File "/home/hice1/cman8/conda_env/chakra_fx/lib/python3.13/site-packages/torch/distributed/launcher/api.py", line 296, in launch_agent
    raise ChildFailedError(
    ...<2 lines>...
    )
torch.distributed.elastic.multiprocessing.errors.ChildFailedError: 
============================================================
profile_fxgraph.py FAILED
------------------------------------------------------------
Failures:
  <NO_OTHER_FAILURES>
------------------------------------------------------------
Root Cause (first observed failure):
[0]:
  time      : 2025-08-20_00:35:19
  host      : atl1-1-03-012-23-0.pace.gatech.edu
  rank      : 8 (local_rank: 0)
  exitcode  : 1 (pid: 992245)
  error_file: <N/A>
  traceback : To enable traceback see: https://pytorch.org/docs/stable/elastic/errors.html
============================================================
E0820 00:35:21.586000 999785 /storage/ice1/5/1/cman8/conda_env/chakra_fx/lib/python3.13/site-packages/torch/distributed/elastic/multiprocessing/api.py:882] failed (exitcode: 1) local_rank: 0 (pid: 999860) of binary: /home/hice1/cman8/conda_env/chakra_fx/bin/python
[W820 00:35:21.421885065 TCPStore.cpp:138] [c10d] recvValueWithTimeout failed on SocketImpl(fd=72, addr=[atl1-1-03-012-28-0.pace.gatech.edu]:55442, remote=[atl1-1-03-012-18-0.pace.gatech.edu]:27347): Failed to recv, got 0 bytes. Connection was likely closed. Did the remote server shutdown or crash?
Exception raised from recvBytes at /pytorch/torch/csrc/distributed/c10d/Utils.hpp:682 (most recent call first):
frame #0: c10::Error::Error(c10::SourceLocation, std::__cxx11::basic_string<char, std::char_traits<char>, std::allocator<char> >) + 0x80 (0x1554cd9a6c30 in /home/hice1/cman8/conda_env/chakra_fx/lib/python3.13/site-packages/torch/lib/libc10.so)
frame #1: <unknown function> + 0x5fe9451 (0x15552adc8451 in /home/hice1/cman8/conda_env/chakra_fx/lib/python3.13/site-packages/torch/lib/libtorch_cpu.so)
frame #2: <unknown function> + 0x5feaaad (0x15552adc9aad in /home/hice1/cman8/conda_env/chakra_fx/lib/python3.13/site-packages/torch/lib/libtorch_cpu.so)
frame #3: <unknown function> + 0x5feb169 (0x15552adca169 in /home/hice1/cman8/conda_env/chakra_fx/lib/python3.13/site-packages/torch/lib/libtorch_cpu.so)
frame #4: c10d::TCPStore::doWait(c10::ArrayRef<std::__cxx11::basic_string<char, std::char_traits<char>, std::allocator<char> > >, std::chrono::duration<long, std::ratio<1l, 1000l> >) + 0x1c6 (0x15552adc5416 in /home/hice1/cman8/conda_env/chakra_fx/lib/python3.13/site-packages/torch/lib/libtorch_cpu.so)
frame #5: c10d::TCPStore::doGet(std::__cxx11::basic_string<char, std::char_traits<char>, std::allocator<char> > const&) + 0x33 (0x15552adc6f63 in /home/hice1/cman8/conda_env/chakra_fx/lib/python3.13/site-packages/torch/lib/libtorch_cpu.so)
frame #6: c10d::TCPStore::get(std::__cxx11::basic_string<char, std::char_traits<char>, std::allocator<char> > const&) + 0x114 (0x15552adc8074 in /home/hice1/cman8/conda_env/chakra_fx/lib/python3.13/site-packages/torch/lib/libtorch_cpu.so)
frame #7: <unknown function> + 0xc70ce5 (0x15553a3c3ce5 in /home/hice1/cman8/conda_env/chakra_fx/lib/python3.13/site-packages/torch/lib/libtorch_python.so)
frame #8: <unknown function> + 0x384772 (0x155539ad7772 in /home/hice1/cman8/conda_env/chakra_fx/lib/python3.13/site-packages/torch/lib/libtorch_python.so)
frame #9: /home/hice1/cman8/conda_env/chakra_fx/bin/python() [0x59736d]
frame #10: _PyObject_MakeTpCall + 0x2c4 (0x55ada4 in /home/hice1/cman8/conda_env/chakra_fx/bin/python)
frame #11: /home/hice1/cman8/conda_env/chakra_fx/bin/python() [0x5eb968]
frame #12: _PyEval_EvalFrameDefault + 0x4e79 (0x5767c9 in /home/hice1/cman8/conda_env/chakra_fx/bin/python)
frame #13: /home/hice1/cman8/conda_env/chakra_fx/bin/python() [0x55d862]
frame #14: /home/hice1/cman8/conda_env/chakra_fx/bin/python() [0x6d5a0b]
frame #15: /home/hice1/cman8/conda_env/chakra_fx/bin/python() [0x694655]
frame #16: _PyEval_EvalFrameDefault + 0x4e79 (0x5767c9 in /home/hice1/cman8/conda_env/chakra_fx/bin/python)
frame #17: PyEval_EvalCode + 0x3b8 (0x68bcb8 in /home/hice1/cman8/conda_env/chakra_fx/bin/python)
frame #18: /home/hice1/cman8/conda_env/chakra_fx/bin/python() [0x62640e]
frame #19: /home/hice1/cman8/conda_env/chakra_fx/bin/python() [0x6c1e40]
frame #20: /home/hice1/cman8/conda_env/chakra_fx/bin/python() [0x6c1adb]
frame #21: /home/hice1/cman8/conda_env/chakra_fx/bin/python() [0x6c190b]
frame #22: Py_RunMain + 0x377 (0x6bff47 in /home/hice1/cman8/conda_env/chakra_fx/bin/python)
frame #23: Py_BytesMain + 0x39 (0x67fa99 in /home/hice1/cman8/conda_env/chakra_fx/bin/python)
frame #24: <unknown function> + 0x295d0 (0x1555552295d0 in /lib64/libc.so.6)
frame #25: __libc_start_main + 0x80 (0x155555229680 in /lib64/libc.so.6)
frame #26: /home/hice1/cman8/conda_env/chakra_fx/bin/python() [0x67ecd2]

W0820 00:35:21.597000 999785 /storage/ice1/5/1/cman8/conda_env/chakra_fx/lib/python3.13/site-packages/torch/distributed/elastic/rendezvous/dynamic_rendezvous.py:1292] The node 'atl1-1-03-012-28-0.pace.gatech.edu_999785_0' has failed to shutdown the rendezvous '2755347' due to an error of type RendezvousConnectionError.
Traceback (most recent call last):
  File "/home/hice1/cman8/conda_env/chakra_fx/bin/torchrun", line 8, in <module>
    sys.exit(main())
             ~~~~^^
  File "/home/hice1/cman8/conda_env/chakra_fx/lib/python3.13/site-packages/torch/distributed/elastic/multiprocessing/errors/__init__.py", line 357, in wrapper
    return f(*args, **kwargs)
  File "/home/hice1/cman8/conda_env/chakra_fx/lib/python3.13/site-packages/torch/distributed/run.py", line 936, in main
    run(args)
    ~~~^^^^^^
  File "/home/hice1/cman8/conda_env/chakra_fx/lib/python3.13/site-packages/torch/distributed/run.py", line 927, in run
    elastic_launch(
    ~~~~~~~~~~~~~~~
        config=config,
        ~~~~~~~~~~~~~~
        entrypoint=cmd,
        ~~~~~~~~~~~~~~~
    )(*cmd_args)
    ~^^^^^^^^^^^
  File "/home/hice1/cman8/conda_env/chakra_fx/lib/python3.13/site-packages/torch/distributed/launcher/api.py", line 159, in __call__
    return launch_agent(self._config, self._entrypoint, list(args))
  File "/home/hice1/cman8/conda_env/chakra_fx/lib/python3.13/site-packages/torch/distributed/launcher/api.py", line 296, in launch_agent
    raise ChildFailedError(
    ...<2 lines>...
    )
torch.distributed.elastic.multiprocessing.errors.ChildFailedError: 
============================================================
profile_fxgraph.py FAILED
------------------------------------------------------------
Failures:
  <NO_OTHER_FAILURES>
------------------------------------------------------------
Root Cause (first observed failure):
[0]:
  time      : 2025-08-20_00:35:19
  host      : atl1-1-03-012-28-0.pace.gatech.edu
  rank      : 16 (local_rank: 0)
  exitcode  : 1 (pid: 999860)
  error_file: <N/A>
  traceback : To enable traceback see: https://pytorch.org/docs/stable/elastic/errors.html
============================================================
E0820 00:35:21.611000 970262 /storage/ice1/5/1/cman8/conda_env/chakra_fx/lib/python3.13/site-packages/torch/distributed/elastic/multiprocessing/api.py:882] failed (exitcode: 1) local_rank: 3 (pid: 970337) of binary: /home/hice1/cman8/conda_env/chakra_fx/bin/python
[W820 00:35:21.673999839 TCPStore.cpp:138] [c10d] recvValueWithTimeout failed on SocketImpl(fd=73, addr=[atl1-1-03-013-3-0.pace.gatech.edu]:43466, remote=[atl1-1-03-012-18-0.pace.gatech.edu]:27347): Failed to recv, got 0 bytes. Connection was likely closed. Did the remote server shutdown or crash?
Exception raised from recvBytes at /pytorch/torch/csrc/distributed/c10d/Utils.hpp:682 (most recent call first):
frame #0: c10::Error::Error(c10::SourceLocation, std::__cxx11::basic_string<char, std::char_traits<char>, std::allocator<char> >) + 0x80 (0x1554cd9a6c30 in /home/hice1/cman8/conda_env/chakra_fx/lib/python3.13/site-packages/torch/lib/libc10.so)
frame #1: <unknown function> + 0x5fe9451 (0x15552adc8451 in /home/hice1/cman8/conda_env/chakra_fx/lib/python3.13/site-packages/torch/lib/libtorch_cpu.so)
frame #2: <unknown function> + 0x5feaaad (0x15552adc9aad in /home/hice1/cman8/conda_env/chakra_fx/lib/python3.13/site-packages/torch/lib/libtorch_cpu.so)
frame #3: <unknown function> + 0x5feb169 (0x15552adca169 in /home/hice1/cman8/conda_env/chakra_fx/lib/python3.13/site-packages/torch/lib/libtorch_cpu.so)
frame #4: c10d::TCPStore::doWait(c10::ArrayRef<std::__cxx11::basic_string<char, std::char_traits<char>, std::allocator<char> > >, std::chrono::duration<long, std::ratio<1l, 1000l> >) + 0x1c6 (0x15552adc5416 in /home/hice1/cman8/conda_env/chakra_fx/lib/python3.13/site-packages/torch/lib/libtorch_cpu.so)
frame #5: c10d::TCPStore::doGet(std::__cxx11::basic_string<char, std::char_traits<char>, std::allocator<char> > const&) + 0x33 (0x15552adc6f63 in /home/hice1/cman8/conda_env/chakra_fx/lib/python3.13/site-packages/torch/lib/libtorch_cpu.so)
frame #6: c10d::TCPStore::get(std::__cxx11::basic_string<char, std::char_traits<char>, std::allocator<char> > const&) + 0x114 (0x15552adc8074 in /home/hice1/cman8/conda_env/chakra_fx/lib/python3.13/site-packages/torch/lib/libtorch_cpu.so)
frame #7: <unknown function> + 0xc70ce5 (0x15553a3c3ce5 in /home/hice1/cman8/conda_env/chakra_fx/lib/python3.13/site-packages/torch/lib/libtorch_python.so)
frame #8: <unknown function> + 0x384772 (0x155539ad7772 in /home/hice1/cman8/conda_env/chakra_fx/lib/python3.13/site-packages/torch/lib/libtorch_python.so)
frame #9: /home/hice1/cman8/conda_env/chakra_fx/bin/python() [0x59736d]
frame #10: _PyObject_MakeTpCall + 0x2c4 (0x55ada4 in /home/hice1/cman8/conda_env/chakra_fx/bin/python)
frame #11: /home/hice1/cman8/conda_env/chakra_fx/bin/python() [0x5eb968]
frame #12: _PyEval_EvalFrameDefault + 0x4e79 (0x5767c9 in /home/hice1/cman8/conda_env/chakra_fx/bin/python)
frame #13: /home/hice1/cman8/conda_env/chakra_fx/bin/python() [0x55d862]
frame #14: /home/hice1/cman8/conda_env/chakra_fx/bin/python() [0x6d5a0b]
frame #15: /home/hice1/cman8/conda_env/chakra_fx/bin/python() [0x694655]
frame #16: _PyEval_EvalFrameDefault + 0x4e79 (0x5767c9 in /home/hice1/cman8/conda_env/chakra_fx/bin/python)
frame #17: PyEval_EvalCode + 0x3b8 (0x68bcb8 in /home/hice1/cman8/conda_env/chakra_fx/bin/python)
frame #18: /home/hice1/cman8/conda_env/chakra_fx/bin/python() [0x62640e]
frame #19: /home/hice1/cman8/conda_env/chakra_fx/bin/python() [0x6c1e40]
frame #20: /home/hice1/cman8/conda_env/chakra_fx/bin/python() [0x6c1adb]
frame #21: /home/hice1/cman8/conda_env/chakra_fx/bin/python() [0x6c190b]
frame #22: Py_RunMain + 0x377 (0x6bff47 in /home/hice1/cman8/conda_env/chakra_fx/bin/python)
frame #23: Py_BytesMain + 0x39 (0x67fa99 in /home/hice1/cman8/conda_env/chakra_fx/bin/python)
frame #24: <unknown function> + 0x295d0 (0x1555552295d0 in /lib64/libc.so.6)
frame #25: __libc_start_main + 0x80 (0x155555229680 in /lib64/libc.so.6)
frame #26: /home/hice1/cman8/conda_env/chakra_fx/bin/python() [0x67ecd2]

W0820 00:35:21.621000 970262 /storage/ice1/5/1/cman8/conda_env/chakra_fx/lib/python3.13/site-packages/torch/distributed/elastic/rendezvous/dynamic_rendezvous.py:1292] The node 'atl1-1-03-013-3-0.pace.gatech.edu_970262_0' has failed to shutdown the rendezvous '2755347' due to an error of type RendezvousConnectionError.
Traceback (most recent call last):
  File "/home/hice1/cman8/conda_env/chakra_fx/bin/torchrun", line 8, in <module>
    sys.exit(main())
             ~~~~^^
  File "/home/hice1/cman8/conda_env/chakra_fx/lib/python3.13/site-packages/torch/distributed/elastic/multiprocessing/errors/__init__.py", line 357, in wrapper
    return f(*args, **kwargs)
  File "/home/hice1/cman8/conda_env/chakra_fx/lib/python3.13/site-packages/torch/distributed/run.py", line 936, in main
    run(args)
    ~~~^^^^^^
  File "/home/hice1/cman8/conda_env/chakra_fx/lib/python3.13/site-packages/torch/distributed/run.py", line 927, in run
    elastic_launch(
    ~~~~~~~~~~~~~~~
        config=config,
        ~~~~~~~~~~~~~~
        entrypoint=cmd,
        ~~~~~~~~~~~~~~~
    )(*cmd_args)
    ~^^^^^^^^^^^
  File "/home/hice1/cman8/conda_env/chakra_fx/lib/python3.13/site-packages/torch/distributed/launcher/api.py", line 159, in __call__
    return launch_agent(self._config, self._entrypoint, list(args))
  File "/home/hice1/cman8/conda_env/chakra_fx/lib/python3.13/site-packages/torch/distributed/launcher/api.py", line 296, in launch_agent
    raise ChildFailedError(
    ...<2 lines>...
    )
torch.distributed.elastic.multiprocessing.errors.ChildFailedError: 
============================================================
profile_fxgraph.py FAILED
------------------------------------------------------------
Failures:
  <NO_OTHER_FAILURES>
------------------------------------------------------------
Root Cause (first observed failure):
[0]:
  time      : 2025-08-20_00:35:19
  host      : atl1-1-03-013-3-0.pace.gatech.edu
  rank      : 27 (local_rank: 3)
  exitcode  : 1 (pid: 970337)
  error_file: <N/A>
  traceback : To enable traceback see: https://pytorch.org/docs/stable/elastic/errors.html
============================================================
srun: error: atl1-1-03-012-18-0: task 0: Exited with exit code 1
srun: error: atl1-1-03-012-23-0: task 1: Exited with exit code 1
srun: error: atl1-1-03-012-28-0: task 2: Exited with exit code 1
srun: error: atl1-1-03-013-3-0: task 3: Exited with exit code 1
