
CondaError: Run 'conda init' before 'conda deactivate'

W0820 00:43:14.228000 2831196 /storage/ice1/5/1/cman8/conda_env/chakra_fx/lib/python3.13/site-packages/torch/distributed/run.py:803] 
W0820 00:43:14.228000 2831196 /storage/ice1/5/1/cman8/conda_env/chakra_fx/lib/python3.13/site-packages/torch/distributed/run.py:803] *****************************************
W0820 00:43:14.228000 2831196 /storage/ice1/5/1/cman8/conda_env/chakra_fx/lib/python3.13/site-packages/torch/distributed/run.py:803] Setting OMP_NUM_THREADS environment variable for each process to be 1 in default, to avoid your system being overloaded, please further tune the variable for optimal performance in your application as needed. 
W0820 00:43:14.228000 2831196 /storage/ice1/5/1/cman8/conda_env/chakra_fx/lib/python3.13/site-packages/torch/distributed/run.py:803] *****************************************
W0820 00:43:14.229000 772353 /storage/ice1/5/1/cman8/conda_env/chakra_fx/lib/python3.13/site-packages/torch/distributed/run.py:803] 
W0820 00:43:14.229000 772353 /storage/ice1/5/1/cman8/conda_env/chakra_fx/lib/python3.13/site-packages/torch/distributed/run.py:803] *****************************************
W0820 00:43:14.229000 772353 /storage/ice1/5/1/cman8/conda_env/chakra_fx/lib/python3.13/site-packages/torch/distributed/run.py:803] Setting OMP_NUM_THREADS environment variable for each process to be 1 in default, to avoid your system being overloaded, please further tune the variable for optimal performance in your application as needed. 
W0820 00:43:14.229000 772353 /storage/ice1/5/1/cman8/conda_env/chakra_fx/lib/python3.13/site-packages/torch/distributed/run.py:803] *****************************************
W0820 00:43:14.235000 1572277 /storage/ice1/5/1/cman8/conda_env/chakra_fx/lib/python3.13/site-packages/torch/distributed/run.py:803] 
W0820 00:43:14.235000 1572277 /storage/ice1/5/1/cman8/conda_env/chakra_fx/lib/python3.13/site-packages/torch/distributed/run.py:803] *****************************************
W0820 00:43:14.235000 1572277 /storage/ice1/5/1/cman8/conda_env/chakra_fx/lib/python3.13/site-packages/torch/distributed/run.py:803] Setting OMP_NUM_THREADS environment variable for each process to be 1 in default, to avoid your system being overloaded, please further tune the variable for optimal performance in your application as needed. 
W0820 00:43:14.235000 1572277 /storage/ice1/5/1/cman8/conda_env/chakra_fx/lib/python3.13/site-packages/torch/distributed/run.py:803] *****************************************
W0820 00:43:14.246000 1785896 /storage/ice1/5/1/cman8/conda_env/chakra_fx/lib/python3.13/site-packages/torch/distributed/run.py:803] 
W0820 00:43:14.246000 1785896 /storage/ice1/5/1/cman8/conda_env/chakra_fx/lib/python3.13/site-packages/torch/distributed/run.py:803] *****************************************
W0820 00:43:14.246000 1785896 /storage/ice1/5/1/cman8/conda_env/chakra_fx/lib/python3.13/site-packages/torch/distributed/run.py:803] Setting OMP_NUM_THREADS environment variable for each process to be 1 in default, to avoid your system being overloaded, please further tune the variable for optimal performance in your application as needed. 
W0820 00:43:14.246000 1785896 /storage/ice1/5/1/cman8/conda_env/chakra_fx/lib/python3.13/site-packages/torch/distributed/run.py:803] *****************************************
W0820 00:43:14.249000 1409602 /storage/ice1/5/1/cman8/conda_env/chakra_fx/lib/python3.13/site-packages/torch/distributed/run.py:803] 
W0820 00:43:14.249000 1409602 /storage/ice1/5/1/cman8/conda_env/chakra_fx/lib/python3.13/site-packages/torch/distributed/run.py:803] *****************************************
W0820 00:43:14.249000 1409602 /storage/ice1/5/1/cman8/conda_env/chakra_fx/lib/python3.13/site-packages/torch/distributed/run.py:803] Setting OMP_NUM_THREADS environment variable for each process to be 1 in default, to avoid your system being overloaded, please further tune the variable for optimal performance in your application as needed. 
W0820 00:43:14.249000 1409602 /storage/ice1/5/1/cman8/conda_env/chakra_fx/lib/python3.13/site-packages/torch/distributed/run.py:803] *****************************************
W0820 00:43:14.250000 1038311 /storage/ice1/5/1/cman8/conda_env/chakra_fx/lib/python3.13/site-packages/torch/distributed/run.py:803] 
W0820 00:43:14.250000 1038311 /storage/ice1/5/1/cman8/conda_env/chakra_fx/lib/python3.13/site-packages/torch/distributed/run.py:803] *****************************************
W0820 00:43:14.250000 1038311 /storage/ice1/5/1/cman8/conda_env/chakra_fx/lib/python3.13/site-packages/torch/distributed/run.py:803] Setting OMP_NUM_THREADS environment variable for each process to be 1 in default, to avoid your system being overloaded, please further tune the variable for optimal performance in your application as needed. 
W0820 00:43:14.250000 1038311 /storage/ice1/5/1/cman8/conda_env/chakra_fx/lib/python3.13/site-packages/torch/distributed/run.py:803] *****************************************
W0820 00:43:14.253000 1406971 /storage/ice1/5/1/cman8/conda_env/chakra_fx/lib/python3.13/site-packages/torch/distributed/run.py:803] 
W0820 00:43:14.253000 1406971 /storage/ice1/5/1/cman8/conda_env/chakra_fx/lib/python3.13/site-packages/torch/distributed/run.py:803] *****************************************
W0820 00:43:14.253000 1406971 /storage/ice1/5/1/cman8/conda_env/chakra_fx/lib/python3.13/site-packages/torch/distributed/run.py:803] Setting OMP_NUM_THREADS environment variable for each process to be 1 in default, to avoid your system being overloaded, please further tune the variable for optimal performance in your application as needed. 
W0820 00:43:14.253000 1406971 /storage/ice1/5/1/cman8/conda_env/chakra_fx/lib/python3.13/site-packages/torch/distributed/run.py:803] *****************************************
W0820 00:43:14.263000 1429735 /storage/ice1/5/1/cman8/conda_env/chakra_fx/lib/python3.13/site-packages/torch/distributed/run.py:803] 
W0820 00:43:14.263000 1429735 /storage/ice1/5/1/cman8/conda_env/chakra_fx/lib/python3.13/site-packages/torch/distributed/run.py:803] *****************************************
W0820 00:43:14.263000 1429735 /storage/ice1/5/1/cman8/conda_env/chakra_fx/lib/python3.13/site-packages/torch/distributed/run.py:803] Setting OMP_NUM_THREADS environment variable for each process to be 1 in default, to avoid your system being overloaded, please further tune the variable for optimal performance in your application as needed. 
W0820 00:43:14.263000 1429735 /storage/ice1/5/1/cman8/conda_env/chakra_fx/lib/python3.13/site-packages/torch/distributed/run.py:803] *****************************************
[rank1]: Traceback (most recent call last):
[rank1]:   File "/storage/ice1/5/1/cman8/shared/chakra_fx/profile_fxgraph.py", line 38, in <module>
[rank1]:     profiler = LlamaProfiler(
[rank1]:         job=args.job,
[rank1]:     ...<5 lines>...
[rank1]:         model_type=model_name
[rank1]:     )
[rank1]:   File "/storage/ice1/5/1/cman8/shared/chakra_fx/src/chakra_fx/profilers/llama_profiler.py", line 171, in __init__
[rank1]:     sample_input = torch.randint(high=tokenizer_n_words, size=(batch_size, sequence_length), dtype=torch.int64, device="cuda:0")
[rank1]: torch.AcceleratorError: CUDA error: out of memory
[rank1]: Search for `cudaErrorMemoryAllocation' in https://docs.nvidia.com/cuda/cuda-runtime-api/group__CUDART__TYPES.html for more information.
[rank1]: CUDA kernel errors might be asynchronously reported at some other API call, so the stacktrace below might be incorrect.
[rank1]: For debugging consider passing CUDA_LAUNCH_BLOCKING=1
[rank1]: Compile with `TORCH_USE_CUDA_DSA` to enable device-side assertions.

WARNING:2025-08-20 00:45:23 2831266:2831266 init.cpp:107] function cbapi->getCuptiStatus() failed with error CUPTI_ERROR_NOT_INITIALIZED (15)
WARNING:2025-08-20 00:45:23 2831266:2831266 init.cpp:108] CUPTI initialization failed - CUDA profiler activities will be missing
INFO:2025-08-20 00:45:23 2831266:2831266 init.cpp:110] If you see CUPTI_ERROR_INSUFFICIENT_PRIVILEGES, refer to https://developer.nvidia.com/nvidia-development-tools-solutions-err-nvgpuctrperm-cupti
WARNING:2025-08-20 00:45:23 2831263:2831263 init.cpp:107] function cbapi->getCuptiStatus() failed with error CUPTI_ERROR_NOT_INITIALIZED (15)
WARNING:2025-08-20 00:45:23 2831263:2831263 init.cpp:108] CUPTI initialization failed - CUDA profiler activities will be missing
INFO:2025-08-20 00:45:23 2831263:2831263 init.cpp:110] If you see CUPTI_ERROR_INSUFFICIENT_PRIVILEGES, refer to https://developer.nvidia.com/nvidia-development-tools-solutions-err-nvgpuctrperm-cupti
WARNING:2025-08-20 00:45:23 2831265:2831265 init.cpp:107] function cbapi->getCuptiStatus() failed with error CUPTI_ERROR_NOT_INITIALIZED (15)
WARNING:2025-08-20 00:45:23 2831265:2831265 init.cpp:108] CUPTI initialization failed - CUDA profiler activities will be missing
INFO:2025-08-20 00:45:23 2831265:2831265 init.cpp:110] If you see CUPTI_ERROR_INSUFFICIENT_PRIVILEGES, refer to https://developer.nvidia.com/nvidia-development-tools-solutions-err-nvgpuctrperm-cupti
WARNING:2025-08-20 00:45:23 2831264:2831264 init.cpp:107] function cbapi->getCuptiStatus() failed with error CUPTI_ERROR_NOT_INITIALIZED (15)
WARNING:2025-08-20 00:45:23 2831264:2831264 init.cpp:108] CUPTI initialization failed - CUDA profiler activities will be missing
INFO:2025-08-20 00:45:23 2831264:2831264 init.cpp:110] If you see CUPTI_ERROR_INSUFFICIENT_PRIVILEGES, refer to https://developer.nvidia.com/nvidia-development-tools-solutions-err-nvgpuctrperm-cupti
WARNING:2025-08-20 00:45:23 2831262:2831262 init.cpp:107] function cbapi->getCuptiStatus() failed with error CUPTI_ERROR_NOT_INITIALIZED (15)
WARNING:2025-08-20 00:45:23 2831262:2831262 init.cpp:108] CUPTI initialization failed - CUDA profiler activities will be missing
INFO:2025-08-20 00:45:23 2831262:2831262 init.cpp:110] If you see CUPTI_ERROR_INSUFFICIENT_PRIVILEGES, refer to https://developer.nvidia.com/nvidia-development-tools-solutions-err-nvgpuctrperm-cupti
[rank0]: Traceback (most recent call last):
[rank0]:   File "/storage/ice1/5/1/cman8/shared/chakra_fx/profile_fxgraph.py", line 92, in <module>
[rank0]:     profiler.run_eager_fwbw_kineto_pass()
[rank0]:     ~~~~~~~~~~~~~~~~~~~~~~~~~~~~~~~~~~~^^
[rank0]:   File "/storage/ice1/5/1/cman8/shared/chakra_fx/src/chakra_fx/profilers/model_profiler.py", line 164, in run_eager_fwbw_kineto_pass
[rank0]:     output = self.model(self.sample_input)
[rank0]:   File "/home/hice1/cman8/conda_env/chakra_fx/lib/python3.13/site-packages/torch/nn/modules/module.py", line 1775, in _wrapped_call_impl
[rank0]:     return self._call_impl(*args, **kwargs)
[rank0]:            ~~~~~~~~~~~~~~~^^^^^^^^^^^^^^^^^
[rank0]:   File "/home/hice1/cman8/conda_env/chakra_fx/lib/python3.13/site-packages/torch/nn/modules/module.py", line 1786, in _call_impl
[rank0]:     return forward_call(*args, **kwargs)
[rank0]:   File "/home/hice1/cman8/conda_env/chakra_fx/lib/python3.13/site-packages/torchtitan/models/llama3/model/model.py", line 428, in forward
[rank0]:     h = layer(h, self.freqs_cis)
[rank0]:   File "/home/hice1/cman8/conda_env/chakra_fx/lib/python3.13/site-packages/torch/nn/modules/module.py", line 1775, in _wrapped_call_impl
[rank0]:     return self._call_impl(*args, **kwargs)
[rank0]:            ~~~~~~~~~~~~~~~^^^^^^^^^^^^^^^^^
[rank0]:   File "/home/hice1/cman8/conda_env/chakra_fx/lib/python3.13/site-packages/torch/nn/modules/module.py", line 1786, in _call_impl
[rank0]:     return forward_call(*args, **kwargs)
[rank0]:   File "/home/hice1/cman8/conda_env/chakra_fx/lib/python3.13/site-packages/torchtitan/models/llama3/model/model.py", line 300, in forward
[rank0]:     h = x + self.attention(self.attention_norm(x), freqs_cis)
[rank0]:             ~~~~~~~~~~~~~~^^^^^^^^^^^^^^^^^^^^^^^^^^^^^^^^^^^
[rank0]:   File "/home/hice1/cman8/conda_env/chakra_fx/lib/python3.13/site-packages/torch/nn/modules/module.py", line 1775, in _wrapped_call_impl
[rank0]:     return self._call_impl(*args, **kwargs)
[rank0]:            ~~~~~~~~~~~~~~~^^^^^^^^^^^^^^^^^
[rank0]:   File "/home/hice1/cman8/conda_env/chakra_fx/lib/python3.13/site-packages/torch/nn/modules/module.py", line 1786, in _call_impl
[rank0]:     return forward_call(*args, **kwargs)
[rank0]:   File "/home/hice1/cman8/conda_env/chakra_fx/lib/python3.13/site-packages/torchtitan/models/llama3/model/model.py", line 198, in forward
[rank0]:     return self.wo(output)
[rank0]:            ~~~~~~~^^^^^^^^
[rank0]:   File "/home/hice1/cman8/conda_env/chakra_fx/lib/python3.13/site-packages/torch/nn/modules/module.py", line 1775, in _wrapped_call_impl
[rank0]:     return self._call_impl(*args, **kwargs)
[rank0]:            ~~~~~~~~~~~~~~~^^^^^^^^^^^^^^^^^
[rank0]:   File "/home/hice1/cman8/conda_env/chakra_fx/lib/python3.13/site-packages/torch/nn/modules/module.py", line 1786, in _call_impl
[rank0]:     return forward_call(*args, **kwargs)
[rank0]:   File "/home/hice1/cman8/conda_env/chakra_fx/lib/python3.13/site-packages/torch/nn/modules/linear.py", line 134, in forward
[rank0]:     return F.linear(input, self.weight, self.bias)
[rank0]:            ~~~~~~~~^^^^^^^^^^^^^^^^^^^^^^^^^^^^^^^
[rank0]: torch.OutOfMemoryError: CUDA out of memory. Tried to allocate 96.00 MiB. GPU 0 has a total capacity of 79.18 GiB of which 17.00 MiB is free. Process 1572358 has 536.00 MiB memory in use. Including non-PyTorch memory, this process has 75.98 GiB memory in use. Process 1572359 has 536.00 MiB memory in use. Process 1572357 has 536.00 MiB memory in use. Process 1572361 has 536.00 MiB memory in use. Process 1572362 has 536.00 MiB memory in use. Process 1572360 has 536.00 MiB memory in use. Of the allocated memory 74.62 GiB is allocated by PyTorch, and 3.24 MiB is reserved by PyTorch but unallocated. If reserved but unallocated memory is large try setting PYTORCH_CUDA_ALLOC_CONF=expandable_segments:True to avoid fragmentation.  See documentation for Memory Management  (https://pytorch.org/docs/stable/notes/cuda.html#environment-variables)
[rank8]: Traceback (most recent call last):
[rank8]:   File "/storage/ice1/5/1/cman8/shared/chakra_fx/profile_fxgraph.py", line 92, in <module>
[rank8]:     profiler.run_eager_fwbw_kineto_pass()
[rank8]:     ~~~~~~~~~~~~~~~~~~~~~~~~~~~~~~~~~~~^^
[rank8]:   File "/storage/ice1/5/1/cman8/shared/chakra_fx/src/chakra_fx/profilers/model_profiler.py", line 164, in run_eager_fwbw_kineto_pass
[rank8]:     output = self.model(self.sample_input)
[rank8]:   File "/home/hice1/cman8/conda_env/chakra_fx/lib/python3.13/site-packages/torch/nn/modules/module.py", line 1775, in _wrapped_call_impl
[rank8]:     return self._call_impl(*args, **kwargs)
[rank8]:            ~~~~~~~~~~~~~~~^^^^^^^^^^^^^^^^^
[rank8]:   File "/home/hice1/cman8/conda_env/chakra_fx/lib/python3.13/site-packages/torch/nn/modules/module.py", line 1786, in _call_impl
[rank8]:     return forward_call(*args, **kwargs)
[rank8]:   File "/home/hice1/cman8/conda_env/chakra_fx/lib/python3.13/site-packages/torchtitan/models/llama3/model/model.py", line 428, in forward
[rank8]:     h = layer(h, self.freqs_cis)
[rank8]:   File "/home/hice1/cman8/conda_env/chakra_fx/lib/python3.13/site-packages/torch/nn/modules/module.py", line 1775, in _wrapped_call_impl
[rank8]:     return self._call_impl(*args, **kwargs)
[rank8]:            ~~~~~~~~~~~~~~~^^^^^^^^^^^^^^^^^
[rank8]:   File "/home/hice1/cman8/conda_env/chakra_fx/lib/python3.13/site-packages/torch/nn/modules/module.py", line 1786, in _call_impl
[rank8]:     return forward_call(*args, **kwargs)
[rank8]:   File "/home/hice1/cman8/conda_env/chakra_fx/lib/python3.13/site-packages/torchtitan/models/llama3/model/model.py", line 301, in forward
[rank8]:     out = h + self.feed_forward(self.ffn_norm(h))
[rank8]:               ~~~~~~~~~~~~~~~~~^^^^^^^^^^^^^^^^^^
[rank8]:   File "/home/hice1/cman8/conda_env/chakra_fx/lib/python3.13/site-packages/torch/nn/modules/module.py", line 1775, in _wrapped_call_impl
[rank8]:     return self._call_impl(*args, **kwargs)
[rank8]:            ~~~~~~~~~~~~~~~^^^^^^^^^^^^^^^^^
[rank8]:   File "/home/hice1/cman8/conda_env/chakra_fx/lib/python3.13/site-packages/torch/nn/modules/module.py", line 1786, in _call_impl
[rank8]:     return forward_call(*args, **kwargs)
[rank8]:   File "/home/hice1/cman8/conda_env/chakra_fx/lib/python3.13/site-packages/torchtitan/models/llama3/model/model.py", line 237, in forward
[rank8]:     return self.w2(F.silu(self.w1(x)) * self.w3(x))
[rank8]:            ~~~~~~~^^^^^^^^^^^^^^^^^^^^^^^^^^^^^^^^^
[rank8]:   File "/home/hice1/cman8/conda_env/chakra_fx/lib/python3.13/site-packages/torch/nn/modules/module.py", line 1775, in _wrapped_call_impl
[rank8]:     return self._call_impl(*args, **kwargs)
[rank8]:            ~~~~~~~~~~~~~~~^^^^^^^^^^^^^^^^^
[rank8]:   File "/home/hice1/cman8/conda_env/chakra_fx/lib/python3.13/site-packages/torch/nn/modules/module.py", line 1786, in _call_impl
[rank8]:     return forward_call(*args, **kwargs)
[rank8]:   File "/home/hice1/cman8/conda_env/chakra_fx/lib/python3.13/site-packages/torch/nn/modules/linear.py", line 134, in forward
[rank8]:     return F.linear(input, self.weight, self.bias)
[rank8]:            ~~~~~~~~^^^^^^^^^^^^^^^^^^^^^^^^^^^^^^^
[rank8]: torch.OutOfMemoryError: CUDA out of memory. Tried to allocate 96.00 MiB. GPU 0 has a total capacity of 79.18 GiB of which 49.44 MiB is free. Including non-PyTorch memory, this process has 75.41 GiB memory in use. Process 1785974 has 536.00 MiB memory in use. Process 1785979 has 536.00 MiB memory in use. Process 1785980 has 536.00 MiB memory in use. Process 1785977 has 536.00 MiB memory in use. Process 1785978 has 536.00 MiB memory in use. Process 1785976 has 536.00 MiB memory in use. Process 1785975 has 536.00 MiB memory in use. Of the allocated memory 74.06 GiB is allocated by PyTorch, and 4.02 MiB is reserved by PyTorch but unallocated. If reserved but unallocated memory is large try setting PYTORCH_CUDA_ALLOC_CONF=expandable_segments:True to avoid fragmentation.  See documentation for Memory Management  (https://pytorch.org/docs/stable/notes/cuda.html#environment-variables)
[rank16]: Traceback (most recent call last):
[rank16]:   File "/storage/ice1/5/1/cman8/shared/chakra_fx/profile_fxgraph.py", line 92, in <module>
[rank16]:     profiler.run_eager_fwbw_kineto_pass()
[rank16]:     ~~~~~~~~~~~~~~~~~~~~~~~~~~~~~~~~~~~^^
[rank16]:   File "/storage/ice1/5/1/cman8/shared/chakra_fx/src/chakra_fx/profilers/model_profiler.py", line 164, in run_eager_fwbw_kineto_pass
[rank16]:     output = self.model(self.sample_input)
[rank16]:   File "/home/hice1/cman8/conda_env/chakra_fx/lib/python3.13/site-packages/torch/nn/modules/module.py", line 1775, in _wrapped_call_impl
[rank16]:     return self._call_impl(*args, **kwargs)
[rank16]:            ~~~~~~~~~~~~~~~^^^^^^^^^^^^^^^^^
[rank16]:   File "/home/hice1/cman8/conda_env/chakra_fx/lib/python3.13/site-packages/torch/nn/modules/module.py", line 1786, in _call_impl
[rank16]:     return forward_call(*args, **kwargs)
[rank16]:   File "/home/hice1/cman8/conda_env/chakra_fx/lib/python3.13/site-packages/torchtitan/models/llama3/model/model.py", line 428, in forward
[rank16]:     h = layer(h, self.freqs_cis)
[rank16]:   File "/home/hice1/cman8/conda_env/chakra_fx/lib/python3.13/site-packages/torch/nn/modules/module.py", line 1775, in _wrapped_call_impl
[rank16]:     return self._call_impl(*args, **kwargs)
[rank16]:            ~~~~~~~~~~~~~~~^^^^^^^^^^^^^^^^^
[rank16]:   File "/home/hice1/cman8/conda_env/chakra_fx/lib/python3.13/site-packages/torch/nn/modules/module.py", line 1786, in _call_impl
[rank16]:     return forward_call(*args, **kwargs)
[rank16]:   File "/home/hice1/cman8/conda_env/chakra_fx/lib/python3.13/site-packages/torchtitan/models/llama3/model/model.py", line 301, in forward
[rank16]:     out = h + self.feed_forward(self.ffn_norm(h))
[rank16]:               ~~~~~~~~~~~~~~~~~^^^^^^^^^^^^^^^^^^
[rank16]:   File "/home/hice1/cman8/conda_env/chakra_fx/lib/python3.13/site-packages/torch/nn/modules/module.py", line 1775, in _wrapped_call_impl
[rank16]:     return self._call_impl(*args, **kwargs)
[rank16]:            ~~~~~~~~~~~~~~~^^^^^^^^^^^^^^^^^
[rank16]:   File "/home/hice1/cman8/conda_env/chakra_fx/lib/python3.13/site-packages/torch/nn/modules/module.py", line 1786, in _call_impl
[rank16]:     return forward_call(*args, **kwargs)
[rank16]:   File "/home/hice1/cman8/conda_env/chakra_fx/lib/python3.13/site-packages/torchtitan/models/llama3/model/model.py", line 237, in forward
[rank16]:     return self.w2(F.silu(self.w1(x)) * self.w3(x))
[rank16]:            ~~~~~~~^^^^^^^^^^^^^^^^^^^^^^^^^^^^^^^^^
[rank16]:   File "/home/hice1/cman8/conda_env/chakra_fx/lib/python3.13/site-packages/torch/nn/modules/module.py", line 1775, in _wrapped_call_impl
[rank16]:     return self._call_impl(*args, **kwargs)
[rank16]:            ~~~~~~~~~~~~~~~^^^^^^^^^^^^^^^^^
[rank16]:   File "/home/hice1/cman8/conda_env/chakra_fx/lib/python3.13/site-packages/torch/nn/modules/module.py", line 1786, in _call_impl
[rank16]:     return forward_call(*args, **kwargs)
[rank16]:   File "/home/hice1/cman8/conda_env/chakra_fx/lib/python3.13/site-packages/torch/nn/modules/linear.py", line 134, in forward
[rank16]:     return F.linear(input, self.weight, self.bias)
[rank16]:            ~~~~~~~~^^^^^^^^^^^^^^^^^^^^^^^^^^^^^^^
[rank16]: torch.OutOfMemoryError: CUDA out of memory. Tried to allocate 96.00 MiB. GPU 0 has a total capacity of 79.18 GiB of which 49.44 MiB is free. Process 1429800 has 536.00 MiB memory in use. Process 1429802 has 536.00 MiB memory in use. Process 1429806 has 536.00 MiB memory in use. Process 1429804 has 536.00 MiB memory in use. Process 1429803 has 536.00 MiB memory in use. Process 1429805 has 536.00 MiB memory in use. Process 1429801 has 536.00 MiB memory in use. Including non-PyTorch memory, this process has 75.41 GiB memory in use. Of the allocated memory 74.06 GiB is allocated by PyTorch, and 4.02 MiB is reserved by PyTorch but unallocated. If reserved but unallocated memory is large try setting PYTORCH_CUDA_ALLOC_CONF=expandable_segments:True to avoid fragmentation.  See documentation for Memory Management  (https://pytorch.org/docs/stable/notes/cuda.html#environment-variables)
[rank24]: Traceback (most recent call last):
[rank24]:   File "/storage/ice1/5/1/cman8/shared/chakra_fx/profile_fxgraph.py", line 92, in <module>
[rank24]:     profiler.run_eager_fwbw_kineto_pass()
[rank24]:     ~~~~~~~~~~~~~~~~~~~~~~~~~~~~~~~~~~~^^
[rank24]:   File "/storage/ice1/5/1/cman8/shared/chakra_fx/src/chakra_fx/profilers/model_profiler.py", line 164, in run_eager_fwbw_kineto_pass
[rank24]:     output = self.model(self.sample_input)
[rank24]:   File "/home/hice1/cman8/conda_env/chakra_fx/lib/python3.13/site-packages/torch/nn/modules/module.py", line 1775, in _wrapped_call_impl
[rank24]:     return self._call_impl(*args, **kwargs)
[rank24]:            ~~~~~~~~~~~~~~~^^^^^^^^^^^^^^^^^
[rank24]:   File "/home/hice1/cman8/conda_env/chakra_fx/lib/python3.13/site-packages/torch/nn/modules/module.py", line 1786, in _call_impl
[rank24]:     return forward_call(*args, **kwargs)
[rank24]:   File "/home/hice1/cman8/conda_env/chakra_fx/lib/python3.13/site-packages/torchtitan/models/llama3/model/model.py", line 428, in forward
[rank24]:     h = layer(h, self.freqs_cis)
[rank24]:   File "/home/hice1/cman8/conda_env/chakra_fx/lib/python3.13/site-packages/torch/nn/modules/module.py", line 1775, in _wrapped_call_impl
[rank24]:     return self._call_impl(*args, **kwargs)
[rank24]:            ~~~~~~~~~~~~~~~^^^^^^^^^^^^^^^^^
[rank24]:   File "/home/hice1/cman8/conda_env/chakra_fx/lib/python3.13/site-packages/torch/nn/modules/module.py", line 1786, in _call_impl
[rank24]:     return forward_call(*args, **kwargs)
[rank24]:   File "/home/hice1/cman8/conda_env/chakra_fx/lib/python3.13/site-packages/torchtitan/models/llama3/model/model.py", line 301, in forward
[rank24]:     out = h + self.feed_forward(self.ffn_norm(h))
[rank24]:               ~~~~~~~~~~~~~~~~~^^^^^^^^^^^^^^^^^^
[rank24]:   File "/home/hice1/cman8/conda_env/chakra_fx/lib/python3.13/site-packages/torch/nn/modules/module.py", line 1775, in _wrapped_call_impl
[rank24]:     return self._call_impl(*args, **kwargs)
[rank24]:            ~~~~~~~~~~~~~~~^^^^^^^^^^^^^^^^^
[rank24]:   File "/home/hice1/cman8/conda_env/chakra_fx/lib/python3.13/site-packages/torch/nn/modules/module.py", line 1786, in _call_impl
[rank24]:     return forward_call(*args, **kwargs)
[rank24]:   File "/home/hice1/cman8/conda_env/chakra_fx/lib/python3.13/site-packages/torchtitan/models/llama3/model/model.py", line 237, in forward
[rank24]:     return self.w2(F.silu(self.w1(x)) * self.w3(x))
[rank24]:            ~~~~~~~^^^^^^^^^^^^^^^^^^^^^^^^^^^^^^^^^
[rank24]:   File "/home/hice1/cman8/conda_env/chakra_fx/lib/python3.13/site-packages/torch/nn/modules/module.py", line 1775, in _wrapped_call_impl
[rank24]:     return self._call_impl(*args, **kwargs)
[rank24]:            ~~~~~~~~~~~~~~~^^^^^^^^^^^^^^^^^
[rank24]:   File "/home/hice1/cman8/conda_env/chakra_fx/lib/python3.13/site-packages/torch/nn/modules/module.py", line 1786, in _call_impl
[rank24]:     return forward_call(*args, **kwargs)
[rank24]:   File "/home/hice1/cman8/conda_env/chakra_fx/lib/python3.13/site-packages/torch/nn/modules/linear.py", line 134, in forward
[rank24]:     return F.linear(input, self.weight, self.bias)
[rank24]:            ~~~~~~~~^^^^^^^^^^^^^^^^^^^^^^^^^^^^^^^
[rank24]: torch.OutOfMemoryError: CUDA out of memory. Tried to allocate 96.00 MiB. GPU 0 has a total capacity of 79.18 GiB of which 49.44 MiB is free. Including non-PyTorch memory, this process has 75.41 GiB memory in use. Process 1038389 has 536.00 MiB memory in use. Process 1038393 has 536.00 MiB memory in use. Process 1038390 has 536.00 MiB memory in use. Process 1038388 has 536.00 MiB memory in use. Process 1038391 has 536.00 MiB memory in use. Process 1038392 has 536.00 MiB memory in use. Process 1038387 has 536.00 MiB memory in use. Of the allocated memory 74.06 GiB is allocated by PyTorch, and 4.02 MiB is reserved by PyTorch but unallocated. If reserved but unallocated memory is large try setting PYTORCH_CUDA_ALLOC_CONF=expandable_segments:True to avoid fragmentation.  See documentation for Memory Management  (https://pytorch.org/docs/stable/notes/cuda.html#environment-variables)
[rank40]: Traceback (most recent call last):
[rank40]:   File "/storage/ice1/5/1/cman8/shared/chakra_fx/profile_fxgraph.py", line 92, in <module>
[rank40]:     profiler.run_eager_fwbw_kineto_pass()
[rank40]:     ~~~~~~~~~~~~~~~~~~~~~~~~~~~~~~~~~~~^^
[rank40]:   File "/storage/ice1/5/1/cman8/shared/chakra_fx/src/chakra_fx/profilers/model_profiler.py", line 164, in run_eager_fwbw_kineto_pass
[rank40]:     output = self.model(self.sample_input)
[rank40]:   File "/home/hice1/cman8/conda_env/chakra_fx/lib/python3.13/site-packages/torch/nn/modules/module.py", line 1775, in _wrapped_call_impl
[rank40]:     return self._call_impl(*args, **kwargs)
[rank40]:            ~~~~~~~~~~~~~~~^^^^^^^^^^^^^^^^^
[rank40]:   File "/home/hice1/cman8/conda_env/chakra_fx/lib/python3.13/site-packages/torch/nn/modules/module.py", line 1786, in _call_impl
[rank40]:     return forward_call(*args, **kwargs)
[rank40]:   File "/home/hice1/cman8/conda_env/chakra_fx/lib/python3.13/site-packages/torchtitan/models/llama3/model/model.py", line 428, in forward
[rank40]:     h = layer(h, self.freqs_cis)
[rank40]:   File "/home/hice1/cman8/conda_env/chakra_fx/lib/python3.13/site-packages/torch/nn/modules/module.py", line 1775, in _wrapped_call_impl
[rank40]:     return self._call_impl(*args, **kwargs)
[rank40]:            ~~~~~~~~~~~~~~~^^^^^^^^^^^^^^^^^
[rank40]:   File "/home/hice1/cman8/conda_env/chakra_fx/lib/python3.13/site-packages/torch/nn/modules/module.py", line 1786, in _call_impl
[rank40]:     return forward_call(*args, **kwargs)
[rank40]:   File "/home/hice1/cman8/conda_env/chakra_fx/lib/python3.13/site-packages/torchtitan/models/llama3/model/model.py", line 301, in forward
[rank40]:     out = h + self.feed_forward(self.ffn_norm(h))
[rank40]:           ~~^~~~~~~~~~~~~~~~~~~~~~~~~~~~~~~~~~~~~
[rank40]: torch.OutOfMemoryError: CUDA out of memory. Tried to allocate 96.00 MiB. GPU 0 has a total capacity of 79.18 GiB of which 1.44 MiB is free. Process 2831262 has 524.00 MiB memory in use. Including non-PyTorch memory, this process has 75.51 GiB memory in use. Process 2831268 has 536.00 MiB memory in use. Process 2831267 has 536.00 MiB memory in use. Process 2831264 has 524.00 MiB memory in use. Process 2831263 has 524.00 MiB memory in use. Process 2831266 has 532.00 MiB memory in use. Process 2831265 has 528.00 MiB memory in use. Of the allocated memory 74.15 GiB is allocated by PyTorch, and 4.02 MiB is reserved by PyTorch but unallocated. If reserved but unallocated memory is large try setting PYTORCH_CUDA_ALLOC_CONF=expandable_segments:True to avoid fragmentation.  See documentation for Memory Management  (https://pytorch.org/docs/stable/notes/cuda.html#environment-variables)
[rank56]: Traceback (most recent call last):
[rank56]:   File "/storage/ice1/5/1/cman8/shared/chakra_fx/profile_fxgraph.py", line 92, in <module>
[rank56]:     profiler.run_eager_fwbw_kineto_pass()
[rank56]:     ~~~~~~~~~~~~~~~~~~~~~~~~~~~~~~~~~~~^^
[rank56]:   File "/storage/ice1/5/1/cman8/shared/chakra_fx/src/chakra_fx/profilers/model_profiler.py", line 164, in run_eager_fwbw_kineto_pass
[rank56]:     output = self.model(self.sample_input)
[rank56]:   File "/home/hice1/cman8/conda_env/chakra_fx/lib/python3.13/site-packages/torch/nn/modules/module.py", line 1775, in _wrapped_call_impl
[rank56]:     return self._call_impl(*args, **kwargs)
[rank56]:            ~~~~~~~~~~~~~~~^^^^^^^^^^^^^^^^^
[rank56]:   File "/home/hice1/cman8/conda_env/chakra_fx/lib/python3.13/site-packages/torch/nn/modules/module.py", line 1786, in _call_impl
[rank56]:     return forward_call(*args, **kwargs)
[rank56]:   File "/home/hice1/cman8/conda_env/chakra_fx/lib/python3.13/site-packages/torchtitan/models/llama3/model/model.py", line 428, in forward
[rank56]:     h = layer(h, self.freqs_cis)
[rank56]:   File "/home/hice1/cman8/conda_env/chakra_fx/lib/python3.13/site-packages/torch/nn/modules/module.py", line 1775, in _wrapped_call_impl
[rank56]:     return self._call_impl(*args, **kwargs)
[rank56]:            ~~~~~~~~~~~~~~~^^^^^^^^^^^^^^^^^
[rank56]:   File "/home/hice1/cman8/conda_env/chakra_fx/lib/python3.13/site-packages/torch/nn/modules/module.py", line 1786, in _call_impl
[rank56]:     return forward_call(*args, **kwargs)
[rank56]:   File "/home/hice1/cman8/conda_env/chakra_fx/lib/python3.13/site-packages/torchtitan/models/llama3/model/model.py", line 301, in forward
[rank56]:     out = h + self.feed_forward(self.ffn_norm(h))
[rank56]:               ~~~~~~~~~~~~~~~~~^^^^^^^^^^^^^^^^^^
[rank56]:   File "/home/hice1/cman8/conda_env/chakra_fx/lib/python3.13/site-packages/torch/nn/modules/module.py", line 1775, in _wrapped_call_impl
[rank56]:     return self._call_impl(*args, **kwargs)
[rank56]:            ~~~~~~~~~~~~~~~^^^^^^^^^^^^^^^^^
[rank56]:   File "/home/hice1/cman8/conda_env/chakra_fx/lib/python3.13/site-packages/torch/nn/modules/module.py", line 1786, in _call_impl
[rank56]:     return forward_call(*args, **kwargs)
[rank56]:   File "/home/hice1/cman8/conda_env/chakra_fx/lib/python3.13/site-packages/torchtitan/models/llama3/model/model.py", line 237, in forward
[rank56]:     return self.w2(F.silu(self.w1(x)) * self.w3(x))
[rank56]:            ~~~~~~~^^^^^^^^^^^^^^^^^^^^^^^^^^^^^^^^^
[rank56]:   File "/home/hice1/cman8/conda_env/chakra_fx/lib/python3.13/site-packages/torch/nn/modules/module.py", line 1775, in _wrapped_call_impl
[rank56]:     return self._call_impl(*args, **kwargs)
[rank56]:            ~~~~~~~~~~~~~~~^^^^^^^^^^^^^^^^^
[rank56]:   File "/home/hice1/cman8/conda_env/chakra_fx/lib/python3.13/site-packages/torch/nn/modules/module.py", line 1786, in _call_impl
[rank56]:     return forward_call(*args, **kwargs)
[rank56]:   File "/home/hice1/cman8/conda_env/chakra_fx/lib/python3.13/site-packages/torch/nn/modules/linear.py", line 134, in forward
[rank56]:     return F.linear(input, self.weight, self.bias)
[rank56]:            ~~~~~~~~^^^^^^^^^^^^^^^^^^^^^^^^^^^^^^^
[rank56]: torch.OutOfMemoryError: CUDA out of memory. Tried to allocate 96.00 MiB. GPU 0 has a total capacity of 79.18 GiB of which 49.44 MiB is free. Including non-PyTorch memory, this process has 75.41 GiB memory in use. Process 1407040 has 536.00 MiB memory in use. Process 1407038 has 536.00 MiB memory in use. Process 1407041 has 536.00 MiB memory in use. Process 1407043 has 536.00 MiB memory in use. Process 1407042 has 536.00 MiB memory in use. Process 1407044 has 536.00 MiB memory in use. Process 1407039 has 536.00 MiB memory in use. Of the allocated memory 74.06 GiB is allocated by PyTorch, and 4.02 MiB is reserved by PyTorch but unallocated. If reserved but unallocated memory is large try setting PYTORCH_CUDA_ALLOC_CONF=expandable_segments:True to avoid fragmentation.  See documentation for Memory Management  (https://pytorch.org/docs/stable/notes/cuda.html#environment-variables)
[rank0]:[W820 00:45:24.629487417 ProcessGroupNCCL.cpp:1519] Warning: WARNING: destroy_process_group() was not called before program exit, which can leak resources. For more info, please see https://pytorch.org/docs/stable/distributed.html#shutdown (function operator())
[rank20]: Traceback (most recent call last):
[rank20]:   File "/storage/ice1/5/1/cman8/shared/chakra_fx/profile_fxgraph.py", line 92, in <module>
[rank20]:     profiler.run_eager_fwbw_kineto_pass()
[rank20]:     ~~~~~~~~~~~~~~~~~~~~~~~~~~~~~~~~~~~^^
[rank20]:   File "/storage/ice1/5/1/cman8/shared/chakra_fx/src/chakra_fx/profilers/model_profiler.py", line 164, in run_eager_fwbw_kineto_pass
[rank20]:     output = self.model(self.sample_input)
[rank20]:   File "/home/hice1/cman8/conda_env/chakra_fx/lib/python3.13/site-packages/torch/nn/modules/module.py", line 1775, in _wrapped_call_impl
[rank20]:     return self._call_impl(*args, **kwargs)
[rank20]:            ~~~~~~~~~~~~~~~^^^^^^^^^^^^^^^^^
[rank20]:   File "/home/hice1/cman8/conda_env/chakra_fx/lib/python3.13/site-packages/torch/nn/modules/module.py", line 1786, in _call_impl
[rank20]:     return forward_call(*args, **kwargs)
[rank20]:   File "/home/hice1/cman8/conda_env/chakra_fx/lib/python3.13/site-packages/torchtitan/models/llama3/model/model.py", line 428, in forward
[rank20]:     h = layer(h, self.freqs_cis)
[rank20]:   File "/home/hice1/cman8/conda_env/chakra_fx/lib/python3.13/site-packages/torch/nn/modules/module.py", line 1775, in _wrapped_call_impl
[rank20]:     return self._call_impl(*args, **kwargs)
[rank20]:            ~~~~~~~~~~~~~~~^^^^^^^^^^^^^^^^^
[rank20]:   File "/home/hice1/cman8/conda_env/chakra_fx/lib/python3.13/site-packages/torch/nn/modules/module.py", line 1786, in _call_impl
[rank20]:     return forward_call(*args, **kwargs)
[rank20]:   File "/home/hice1/cman8/conda_env/chakra_fx/lib/python3.13/site-packages/torchtitan/models/llama3/model/model.py", line 300, in forward
[rank20]:     h = x + self.attention(self.attention_norm(x), freqs_cis)
[rank20]:             ~~~~~~~~~~~~~~^^^^^^^^^^^^^^^^^^^^^^^^^^^^^^^^^^^
[rank20]:   File "/home/hice1/cman8/conda_env/chakra_fx/lib/python3.13/site-packages/torch/nn/modules/module.py", line 1775, in _wrapped_call_impl
[rank20]:     return self._call_impl(*args, **kwargs)
[rank20]:            ~~~~~~~~~~~~~~~^^^^^^^^^^^^^^^^^
[rank20]:   File "/home/hice1/cman8/conda_env/chakra_fx/lib/python3.13/site-packages/torch/nn/modules/module.py", line 1786, in _call_impl
[rank20]:     return forward_call(*args, **kwargs)
[rank20]:   File "/home/hice1/cman8/conda_env/chakra_fx/lib/python3.13/site-packages/torchtitan/models/llama3/model/model.py", line 192, in forward
[rank20]:     output = self.sdpa(xq, xk, xv)
[rank20]:   File "/home/hice1/cman8/conda_env/chakra_fx/lib/python3.13/site-packages/torch/nn/modules/module.py", line 1775, in _wrapped_call_impl
[rank20]:     return self._call_impl(*args, **kwargs)
[rank20]:            ~~~~~~~~~~~~~~~^^^^^^^^^^^^^^^^^
[rank20]:   File "/home/hice1/cman8/conda_env/chakra_fx/lib/python3.13/site-packages/torch/nn/modules/module.py", line 1786, in _call_impl
[rank20]:     return forward_call(*args, **kwargs)
[rank20]:   File "/home/hice1/cman8/conda_env/chakra_fx/lib/python3.13/site-packages/torchtitan/models/attention.py", line 218, in forward
[rank20]:     return F.scaled_dot_product_attention(q, k, v, is_causal=True, scale=scale)
[rank20]:            ~~~~~~~~~~~~~~~~~~~~~~~~~~~~~~^^^^^^^^^^^^^^^^^^^^^^^^^^^^^^^^^^^^^^
[rank20]: torch.OutOfMemoryError: CUDA out of memory. Tried to allocate 96.00 MiB. GPU 4 has a total capacity of 79.18 GiB of which 70.38 MiB is free. Including non-PyTorch memory, this process has 79.10 GiB memory in use. Of the allocated memory 77.91 GiB is allocated by PyTorch, and 3.24 MiB is reserved by PyTorch but unallocated. If reserved but unallocated memory is large try setting PYTORCH_CUDA_ALLOC_CONF=expandable_segments:True to avoid fragmentation.  See documentation for Memory Management  (https://pytorch.org/docs/stable/notes/cuda.html#environment-variables)
[rank48]: Traceback (most recent call last):
[rank48]:   File "/storage/ice1/5/1/cman8/shared/chakra_fx/profile_fxgraph.py", line 92, in <module>
[rank48]:     profiler.run_eager_fwbw_kineto_pass()
[rank48]:     ~~~~~~~~~~~~~~~~~~~~~~~~~~~~~~~~~~~^^
[rank48]:   File "/storage/ice1/5/1/cman8/shared/chakra_fx/src/chakra_fx/profilers/model_profiler.py", line 164, in run_eager_fwbw_kineto_pass
[rank48]:     output = self.model(self.sample_input)
[rank48]:   File "/home/hice1/cman8/conda_env/chakra_fx/lib/python3.13/site-packages/torch/nn/modules/module.py", line 1775, in _wrapped_call_impl
[rank48]:     return self._call_impl(*args, **kwargs)
[rank48]:            ~~~~~~~~~~~~~~~^^^^^^^^^^^^^^^^^
[rank48]:   File "/home/hice1/cman8/conda_env/chakra_fx/lib/python3.13/site-packages/torch/nn/modules/module.py", line 1786, in _call_impl
[rank48]:     return forward_call(*args, **kwargs)
[rank48]:   File "/home/hice1/cman8/conda_env/chakra_fx/lib/python3.13/site-packages/torchtitan/models/llama3/model/model.py", line 428, in forward
[rank48]:     h = layer(h, self.freqs_cis)
[rank48]:   File "/home/hice1/cman8/conda_env/chakra_fx/lib/python3.13/site-packages/torch/nn/modules/module.py", line 1775, in _wrapped_call_impl
[rank48]:     return self._call_impl(*args, **kwargs)
[rank48]:            ~~~~~~~~~~~~~~~^^^^^^^^^^^^^^^^^
[rank48]:   File "/home/hice1/cman8/conda_env/chakra_fx/lib/python3.13/site-packages/torch/nn/modules/module.py", line 1786, in _call_impl
[rank48]:     return forward_call(*args, **kwargs)
[rank48]:   File "/home/hice1/cman8/conda_env/chakra_fx/lib/python3.13/site-packages/torchtitan/models/llama3/model/model.py", line 301, in forward
[rank48]:     out = h + self.feed_forward(self.ffn_norm(h))
[rank48]:               ~~~~~~~~~~~~~~~~~^^^^^^^^^^^^^^^^^^
[rank48]:   File "/home/hice1/cman8/conda_env/chakra_fx/lib/python3.13/site-packages/torch/nn/modules/module.py", line 1775, in _wrapped_call_impl
[rank48]:     return self._call_impl(*args, **kwargs)
[rank48]:            ~~~~~~~~~~~~~~~^^^^^^^^^^^^^^^^^
[rank48]:   File "/home/hice1/cman8/conda_env/chakra_fx/lib/python3.13/site-packages/torch/nn/modules/module.py", line 1786, in _call_impl
[rank48]:     return forward_call(*args, **kwargs)
[rank48]:   File "/home/hice1/cman8/conda_env/chakra_fx/lib/python3.13/site-packages/torchtitan/models/llama3/model/model.py", line 237, in forward
[rank48]:     return self.w2(F.silu(self.w1(x)) * self.w3(x))
[rank48]:            ~~~~~~~^^^^^^^^^^^^^^^^^^^^^^^^^^^^^^^^^
[rank48]:   File "/home/hice1/cman8/conda_env/chakra_fx/lib/python3.13/site-packages/torch/nn/modules/module.py", line 1775, in _wrapped_call_impl
[rank48]:     return self._call_impl(*args, **kwargs)
[rank48]:            ~~~~~~~~~~~~~~~^^^^^^^^^^^^^^^^^
[rank48]:   File "/home/hice1/cman8/conda_env/chakra_fx/lib/python3.13/site-packages/torch/nn/modules/module.py", line 1786, in _call_impl
[rank48]:     return forward_call(*args, **kwargs)
[rank48]:   File "/home/hice1/cman8/conda_env/chakra_fx/lib/python3.13/site-packages/torch/nn/modules/linear.py", line 134, in forward
[rank48]:     return F.linear(input, self.weight, self.bias)
[rank48]:            ~~~~~~~~^^^^^^^^^^^^^^^^^^^^^^^^^^^^^^^
[rank48]: torch.OutOfMemoryError: CUDA out of memory. Tried to allocate 96.00 MiB. GPU 0 has a total capacity of 79.18 GiB of which 49.44 MiB is free. Including non-PyTorch memory, this process has 75.41 GiB memory in use. Process 772426 has 536.00 MiB memory in use. Process 772424 has 536.00 MiB memory in use. Process 772430 has 536.00 MiB memory in use. Process 772429 has 536.00 MiB memory in use. Process 772427 has 536.00 MiB memory in use. Process 772428 has 536.00 MiB memory in use. Process 772425 has 536.00 MiB memory in use. Of the allocated memory 74.06 GiB is allocated by PyTorch, and 4.02 MiB is reserved by PyTorch but unallocated. If reserved but unallocated memory is large try setting PYTORCH_CUDA_ALLOC_CONF=expandable_segments:True to avoid fragmentation.  See documentation for Memory Management  (https://pytorch.org/docs/stable/notes/cuda.html#environment-variables)
[rank32]: Traceback (most recent call last):
[rank32]:   File "/storage/ice1/5/1/cman8/shared/chakra_fx/profile_fxgraph.py", line 92, in <module>
[rank32]:     profiler.run_eager_fwbw_kineto_pass()
[rank32]:     ~~~~~~~~~~~~~~~~~~~~~~~~~~~~~~~~~~~^^
[rank32]:   File "/storage/ice1/5/1/cman8/shared/chakra_fx/src/chakra_fx/profilers/model_profiler.py", line 164, in run_eager_fwbw_kineto_pass
[rank32]:     output = self.model(self.sample_input)
[rank32]:   File "/home/hice1/cman8/conda_env/chakra_fx/lib/python3.13/site-packages/torch/nn/modules/module.py", line 1775, in _wrapped_call_impl
[rank32]:     return self._call_impl(*args, **kwargs)
[rank32]:            ~~~~~~~~~~~~~~~^^^^^^^^^^^^^^^^^
[rank32]:   File "/home/hice1/cman8/conda_env/chakra_fx/lib/python3.13/site-packages/torch/nn/modules/module.py", line 1786, in _call_impl
[rank32]:     return forward_call(*args, **kwargs)
[rank32]:   File "/home/hice1/cman8/conda_env/chakra_fx/lib/python3.13/site-packages/torchtitan/models/llama3/model/model.py", line 428, in forward
[rank32]:     h = layer(h, self.freqs_cis)
[rank32]:   File "/home/hice1/cman8/conda_env/chakra_fx/lib/python3.13/site-packages/torch/nn/modules/module.py", line 1775, in _wrapped_call_impl
[rank32]:     return self._call_impl(*args, **kwargs)
[rank32]:            ~~~~~~~~~~~~~~~^^^^^^^^^^^^^^^^^
[rank32]:   File "/home/hice1/cman8/conda_env/chakra_fx/lib/python3.13/site-packages/torch/nn/modules/module.py", line 1786, in _call_impl
[rank32]:     return forward_call(*args, **kwargs)
[rank32]:   File "/home/hice1/cman8/conda_env/chakra_fx/lib/python3.13/site-packages/torchtitan/models/llama3/model/model.py", line 301, in forward
[rank32]:     out = h + self.feed_forward(self.ffn_norm(h))
[rank32]:               ~~~~~~~~~~~~~~~~~^^^^^^^^^^^^^^^^^^
[rank32]:   File "/home/hice1/cman8/conda_env/chakra_fx/lib/python3.13/site-packages/torch/nn/modules/module.py", line 1775, in _wrapped_call_impl
[rank32]:     return self._call_impl(*args, **kwargs)
[rank32]:            ~~~~~~~~~~~~~~~^^^^^^^^^^^^^^^^^
[rank32]:   File "/home/hice1/cman8/conda_env/chakra_fx/lib/python3.13/site-packages/torch/nn/modules/module.py", line 1786, in _call_impl
[rank32]:     return forward_call(*args, **kwargs)
[rank32]:   File "/home/hice1/cman8/conda_env/chakra_fx/lib/python3.13/site-packages/torchtitan/models/llama3/model/model.py", line 237, in forward
[rank32]:     return self.w2(F.silu(self.w1(x)) * self.w3(x))
[rank32]:            ~~~~~~~^^^^^^^^^^^^^^^^^^^^^^^^^^^^^^^^^
[rank32]:   File "/home/hice1/cman8/conda_env/chakra_fx/lib/python3.13/site-packages/torch/nn/modules/module.py", line 1775, in _wrapped_call_impl
[rank32]:     return self._call_impl(*args, **kwargs)
[rank32]:            ~~~~~~~~~~~~~~~^^^^^^^^^^^^^^^^^
[rank32]:   File "/home/hice1/cman8/conda_env/chakra_fx/lib/python3.13/site-packages/torch/nn/modules/module.py", line 1786, in _call_impl
[rank32]:     return forward_call(*args, **kwargs)
[rank32]:   File "/home/hice1/cman8/conda_env/chakra_fx/lib/python3.13/site-packages/torch/nn/modules/linear.py", line 134, in forward
[rank32]:     return F.linear(input, self.weight, self.bias)
[rank32]:            ~~~~~~~~^^^^^^^^^^^^^^^^^^^^^^^^^^^^^^^
[rank32]: torch.OutOfMemoryError: CUDA out of memory. Tried to allocate 96.00 MiB. GPU 0 has a total capacity of 79.18 GiB of which 49.44 MiB is free. Process 1409671 has 536.00 MiB memory in use. Including non-PyTorch memory, this process has 75.41 GiB memory in use. Process 1409669 has 536.00 MiB memory in use. Process 1409675 has 536.00 MiB memory in use. Process 1409673 has 536.00 MiB memory in use. Process 1409670 has 536.00 MiB memory in use. Process 1409674 has 536.00 MiB memory in use. Process 1409672 has 536.00 MiB memory in use. Of the allocated memory 74.06 GiB is allocated by PyTorch, and 4.02 MiB is reserved by PyTorch but unallocated. If reserved but unallocated memory is large try setting PYTORCH_CUDA_ALLOC_CONF=expandable_segments:True to avoid fragmentation.  See documentation for Memory Management  (https://pytorch.org/docs/stable/notes/cuda.html#environment-variables)
[rank15]: Traceback (most recent call last):
[rank15]:   File "/storage/ice1/5/1/cman8/shared/chakra_fx/profile_fxgraph.py", line 92, in <module>
[rank15]:     profiler.run_eager_fwbw_kineto_pass()
[rank15]:     ~~~~~~~~~~~~~~~~~~~~~~~~~~~~~~~~~~~^^
[rank15]:   File "/storage/ice1/5/1/cman8/shared/chakra_fx/src/chakra_fx/profilers/model_profiler.py", line 164, in run_eager_fwbw_kineto_pass
[rank15]:     output = self.model(self.sample_input)
[rank15]:   File "/home/hice1/cman8/conda_env/chakra_fx/lib/python3.13/site-packages/torch/nn/modules/module.py", line 1775, in _wrapped_call_impl
[rank15]:     return self._call_impl(*args, **kwargs)
[rank15]:            ~~~~~~~~~~~~~~~^^^^^^^^^^^^^^^^^
[rank15]:   File "/home/hice1/cman8/conda_env/chakra_fx/lib/python3.13/site-packages/torch/nn/modules/module.py", line 1786, in _call_impl
[rank15]:     return forward_call(*args, **kwargs)
[rank15]:   File "/home/hice1/cman8/conda_env/chakra_fx/lib/python3.13/site-packages/torchtitan/models/llama3/model/model.py", line 428, in forward
[rank15]:     h = layer(h, self.freqs_cis)
[rank15]:   File "/home/hice1/cman8/conda_env/chakra_fx/lib/python3.13/site-packages/torch/nn/modules/module.py", line 1775, in _wrapped_call_impl
[rank15]:     return self._call_impl(*args, **kwargs)
[rank15]:            ~~~~~~~~~~~~~~~^^^^^^^^^^^^^^^^^
[rank15]:   File "/home/hice1/cman8/conda_env/chakra_fx/lib/python3.13/site-packages/torch/nn/modules/module.py", line 1786, in _call_impl
[rank15]:     return forward_call(*args, **kwargs)
[rank15]:   File "/home/hice1/cman8/conda_env/chakra_fx/lib/python3.13/site-packages/torchtitan/models/llama3/model/model.py", line 300, in forward
[rank15]:     h = x + self.attention(self.attention_norm(x), freqs_cis)
[rank15]:             ~~~~~~~~~~~~~~^^^^^^^^^^^^^^^^^^^^^^^^^^^^^^^^^^^
[rank15]:   File "/home/hice1/cman8/conda_env/chakra_fx/lib/python3.13/site-packages/torch/nn/modules/module.py", line 1775, in _wrapped_call_impl
[rank15]:     return self._call_impl(*args, **kwargs)
[rank15]:            ~~~~~~~~~~~~~~~^^^^^^^^^^^^^^^^^
[rank15]:   File "/home/hice1/cman8/conda_env/chakra_fx/lib/python3.13/site-packages/torch/nn/modules/module.py", line 1786, in _call_impl
[rank15]:     return forward_call(*args, **kwargs)
[rank15]:   File "/home/hice1/cman8/conda_env/chakra_fx/lib/python3.13/site-packages/torchtitan/models/llama3/model/model.py", line 182, in forward
[rank15]:     xq, xk = apply_rotary_emb(xq, xk, freqs_cis=freqs_cis)
[rank15]:              ~~~~~~~~~~~~~~~~^^^^^^^^^^^^^^^^^^^^^^^^^^^^^
[rank15]:   File "/home/hice1/cman8/conda_env/chakra_fx/lib/python3.13/site-packages/torchtitan/models/llama3/model/model.py", line 93, in apply_rotary_emb
[rank15]:     xq_out = torch.view_as_real(xq_ * freqs_cis).flatten(3)
[rank15]:                                 ~~~~^~~~~~~~~~~
[rank15]: torch.OutOfMemoryError: CUDA out of memory. Tried to allocate 96.00 MiB. GPU 7 has a total capacity of 79.18 GiB of which 38.38 MiB is free. Including non-PyTorch memory, this process has 79.13 GiB memory in use. Of the allocated memory 77.78 GiB is allocated by PyTorch, and 3.24 MiB is reserved by PyTorch but unallocated. If reserved but unallocated memory is large try setting PYTORCH_CUDA_ALLOC_CONF=expandable_segments:True to avoid fragmentation.  See documentation for Memory Management  (https://pytorch.org/docs/stable/notes/cuda.html#environment-variables)
[rank14]: Traceback (most recent call last):
[rank14]:   File "/storage/ice1/5/1/cman8/shared/chakra_fx/profile_fxgraph.py", line 92, in <module>
[rank14]:     profiler.run_eager_fwbw_kineto_pass()
[rank14]:     ~~~~~~~~~~~~~~~~~~~~~~~~~~~~~~~~~~~^^
[rank14]:   File "/storage/ice1/5/1/cman8/shared/chakra_fx/src/chakra_fx/profilers/model_profiler.py", line 164, in run_eager_fwbw_kineto_pass
[rank14]:     output = self.model(self.sample_input)
[rank14]:   File "/home/hice1/cman8/conda_env/chakra_fx/lib/python3.13/site-packages/torch/nn/modules/module.py", line 1775, in _wrapped_call_impl
[rank14]:     return self._call_impl(*args, **kwargs)
[rank14]:            ~~~~~~~~~~~~~~~^^^^^^^^^^^^^^^^^
[rank14]:   File "/home/hice1/cman8/conda_env/chakra_fx/lib/python3.13/site-packages/torch/nn/modules/module.py", line 1786, in _call_impl
[rank14]:     return forward_call(*args, **kwargs)
[rank14]:   File "/home/hice1/cman8/conda_env/chakra_fx/lib/python3.13/site-packages/torchtitan/models/llama3/model/model.py", line 428, in forward
[rank14]:     h = layer(h, self.freqs_cis)
[rank14]:   File "/home/hice1/cman8/conda_env/chakra_fx/lib/python3.13/site-packages/torch/nn/modules/module.py", line 1775, in _wrapped_call_impl
[rank14]:     return self._call_impl(*args, **kwargs)
[rank14]:            ~~~~~~~~~~~~~~~^^^^^^^^^^^^^^^^^
[rank14]:   File "/home/hice1/cman8/conda_env/chakra_fx/lib/python3.13/site-packages/torch/nn/modules/module.py", line 1786, in _call_impl
[rank14]:     return forward_call(*args, **kwargs)
[rank14]:   File "/home/hice1/cman8/conda_env/chakra_fx/lib/python3.13/site-packages/torchtitan/models/llama3/model/model.py", line 300, in forward
[rank14]:     h = x + self.attention(self.attention_norm(x), freqs_cis)
[rank14]:             ~~~~~~~~~~~~~~^^^^^^^^^^^^^^^^^^^^^^^^^^^^^^^^^^^
[rank14]:   File "/home/hice1/cman8/conda_env/chakra_fx/lib/python3.13/site-packages/torch/nn/modules/module.py", line 1775, in _wrapped_call_impl
[rank14]:     return self._call_impl(*args, **kwargs)
[rank14]:            ~~~~~~~~~~~~~~~^^^^^^^^^^^^^^^^^
[rank14]:   File "/home/hice1/cman8/conda_env/chakra_fx/lib/python3.13/site-packages/torch/nn/modules/module.py", line 1786, in _call_impl
[rank14]:     return forward_call(*args, **kwargs)
[rank14]:   File "/home/hice1/cman8/conda_env/chakra_fx/lib/python3.13/site-packages/torchtitan/models/llama3/model/model.py", line 173, in forward
[rank14]:     xq, xk, xv = self.wq(x), self.wk(x), self.wv(x)
[rank14]:                  ~~~~~~~^^^
[rank14]:   File "/home/hice1/cman8/conda_env/chakra_fx/lib/python3.13/site-packages/torch/nn/modules/module.py", line 1775, in _wrapped_call_impl
[rank14]:     return self._call_impl(*args, **kwargs)
[rank14]:            ~~~~~~~~~~~~~~~^^^^^^^^^^^^^^^^^
[rank14]:   File "/home/hice1/cman8/conda_env/chakra_fx/lib/python3.13/site-packages/torch/nn/modules/module.py", line 1786, in _call_impl
[rank14]:     return forward_call(*args, **kwargs)
[rank14]:   File "/home/hice1/cman8/conda_env/chakra_fx/lib/python3.13/site-packages/torch/nn/modules/linear.py", line 134, in forward
[rank14]:     return F.linear(input, self.weight, self.bias)
[rank14]:            ~~~~~~~~^^^^^^^^^^^^^^^^^^^^^^^^^^^^^^^
[rank14]: torch.OutOfMemoryError: CUDA out of memory. Tried to allocate 96.00 MiB. GPU 6 has a total capacity of 79.18 GiB of which 70.38 MiB is free. Including non-PyTorch memory, this process has 79.10 GiB memory in use. Of the allocated memory 77.62 GiB is allocated by PyTorch, and 3.24 MiB is reserved by PyTorch but unallocated. If reserved but unallocated memory is large try setting PYTORCH_CUDA_ALLOC_CONF=expandable_segments:True to avoid fragmentation.  See documentation for Memory Management  (https://pytorch.org/docs/stable/notes/cuda.html#environment-variables)
[rank11]: Traceback (most recent call last):
[rank11]:   File "/storage/ice1/5/1/cman8/shared/chakra_fx/profile_fxgraph.py", line 92, in <module>
[rank11]:     profiler.run_eager_fwbw_kineto_pass()
[rank11]:     ~~~~~~~~~~~~~~~~~~~~~~~~~~~~~~~~~~~^^
[rank11]:   File "/storage/ice1/5/1/cman8/shared/chakra_fx/src/chakra_fx/profilers/model_profiler.py", line 164, in run_eager_fwbw_kineto_pass
[rank11]:     output = self.model(self.sample_input)
[rank11]:   File "/home/hice1/cman8/conda_env/chakra_fx/lib/python3.13/site-packages/torch/nn/modules/module.py", line 1775, in _wrapped_call_impl
[rank11]:     return self._call_impl(*args, **kwargs)
[rank11]:            ~~~~~~~~~~~~~~~^^^^^^^^^^^^^^^^^
[rank11]:   File "/home/hice1/cman8/conda_env/chakra_fx/lib/python3.13/site-packages/torch/nn/modules/module.py", line 1786, in _call_impl
[rank11]:     return forward_call(*args, **kwargs)
[rank11]:   File "/home/hice1/cman8/conda_env/chakra_fx/lib/python3.13/site-packages/torchtitan/models/llama3/model/model.py", line 428, in forward
[rank11]:     h = layer(h, self.freqs_cis)
[rank11]:   File "/home/hice1/cman8/conda_env/chakra_fx/lib/python3.13/site-packages/torch/nn/modules/module.py", line 1775, in _wrapped_call_impl
[rank11]:     return self._call_impl(*args, **kwargs)
[rank11]:            ~~~~~~~~~~~~~~~^^^^^^^^^^^^^^^^^
[rank11]:   File "/home/hice1/cman8/conda_env/chakra_fx/lib/python3.13/site-packages/torch/nn/modules/module.py", line 1786, in _call_impl
[rank11]:     return forward_call(*args, **kwargs)
[rank11]:   File "/home/hice1/cman8/conda_env/chakra_fx/lib/python3.13/site-packages/torchtitan/models/llama3/model/model.py", line 300, in forward
[rank11]:     h = x + self.attention(self.attention_norm(x), freqs_cis)
[rank11]:             ~~~~~~~~~~~~~~^^^^^^^^^^^^^^^^^^^^^^^^^^^^^^^^^^^
[rank11]:   File "/home/hice1/cman8/conda_env/chakra_fx/lib/python3.13/site-packages/torch/nn/modules/module.py", line 1775, in _wrapped_call_impl
[rank11]:     return self._call_impl(*args, **kwargs)
[rank11]:            ~~~~~~~~~~~~~~~^^^^^^^^^^^^^^^^^
[rank11]:   File "/home/hice1/cman8/conda_env/chakra_fx/lib/python3.13/site-packages/torch/nn/modules/module.py", line 1786, in _call_impl
[rank11]:     return forward_call(*args, **kwargs)
[rank11]:   File "/home/hice1/cman8/conda_env/chakra_fx/lib/python3.13/site-packages/torchtitan/models/llama3/model/model.py", line 182, in forward
[rank11]:     xq, xk = apply_rotary_emb(xq, xk, freqs_cis=freqs_cis)
[rank11]:              ~~~~~~~~~~~~~~~~^^^^^^^^^^^^^^^^^^^^^^^^^^^^^
[rank11]:   File "/home/hice1/cman8/conda_env/chakra_fx/lib/python3.13/site-packages/torchtitan/models/llama3/model/model.py", line 93, in apply_rotary_emb
[rank11]:     xq_out = torch.view_as_real(xq_ * freqs_cis).flatten(3)
[rank11]:                                 ~~~~^~~~~~~~~~~
[rank11]: torch.OutOfMemoryError: CUDA out of memory. Tried to allocate 96.00 MiB. GPU 3 has a total capacity of 79.18 GiB of which 38.38 MiB is free. Including non-PyTorch memory, this process has 79.13 GiB memory in use. Of the allocated memory 77.78 GiB is allocated by PyTorch, and 3.24 MiB is reserved by PyTorch but unallocated. If reserved but unallocated memory is large try setting PYTORCH_CUDA_ALLOC_CONF=expandable_segments:True to avoid fragmentation.  See documentation for Memory Management  (https://pytorch.org/docs/stable/notes/cuda.html#environment-variables)
[rank5]: Traceback (most recent call last):
[rank5]:   File "/storage/ice1/5/1/cman8/shared/chakra_fx/profile_fxgraph.py", line 92, in <module>
[rank5]:     profiler.run_eager_fwbw_kineto_pass()
[rank5]:     ~~~~~~~~~~~~~~~~~~~~~~~~~~~~~~~~~~~^^
[rank5]:   File "/storage/ice1/5/1/cman8/shared/chakra_fx/src/chakra_fx/profilers/model_profiler.py", line 164, in run_eager_fwbw_kineto_pass
[rank5]:     output = self.model(self.sample_input)
[rank5]:   File "/home/hice1/cman8/conda_env/chakra_fx/lib/python3.13/site-packages/torch/nn/modules/module.py", line 1775, in _wrapped_call_impl
[rank5]:     return self._call_impl(*args, **kwargs)
[rank5]:            ~~~~~~~~~~~~~~~^^^^^^^^^^^^^^^^^
[rank5]:   File "/home/hice1/cman8/conda_env/chakra_fx/lib/python3.13/site-packages/torch/nn/modules/module.py", line 1786, in _call_impl
[rank5]:     return forward_call(*args, **kwargs)
[rank5]:   File "/home/hice1/cman8/conda_env/chakra_fx/lib/python3.13/site-packages/torchtitan/models/llama3/model/model.py", line 428, in forward
[rank5]:     h = layer(h, self.freqs_cis)
[rank5]:   File "/home/hice1/cman8/conda_env/chakra_fx/lib/python3.13/site-packages/torch/nn/modules/module.py", line 1775, in _wrapped_call_impl
[rank5]:     return self._call_impl(*args, **kwargs)
[rank5]:            ~~~~~~~~~~~~~~~^^^^^^^^^^^^^^^^^
[rank5]:   File "/home/hice1/cman8/conda_env/chakra_fx/lib/python3.13/site-packages/torch/nn/modules/module.py", line 1786, in _call_impl
[rank5]:     return forward_call(*args, **kwargs)
[rank5]:   File "/home/hice1/cman8/conda_env/chakra_fx/lib/python3.13/site-packages/torchtitan/models/llama3/model/model.py", line 300, in forward
[rank5]:     h = x + self.attention(self.attention_norm(x), freqs_cis)
[rank5]:             ~~~~~~~~~~~~~~^^^^^^^^^^^^^^^^^^^^^^^^^^^^^^^^^^^
[rank5]:   File "/home/hice1/cman8/conda_env/chakra_fx/lib/python3.13/site-packages/torch/nn/modules/module.py", line 1775, in _wrapped_call_impl
[rank5]:     return self._call_impl(*args, **kwargs)
[rank5]:            ~~~~~~~~~~~~~~~^^^^^^^^^^^^^^^^^
[rank5]:   File "/home/hice1/cman8/conda_env/chakra_fx/lib/python3.13/site-packages/torch/nn/modules/module.py", line 1786, in _call_impl
[rank5]:     return forward_call(*args, **kwargs)
[rank5]:   File "/home/hice1/cman8/conda_env/chakra_fx/lib/python3.13/site-packages/torchtitan/models/llama3/model/model.py", line 182, in forward
[rank5]:     xq, xk = apply_rotary_emb(xq, xk, freqs_cis=freqs_cis)
[rank5]:              ~~~~~~~~~~~~~~~~^^^^^^^^^^^^^^^^^^^^^^^^^^^^^
[rank5]:   File "/home/hice1/cman8/conda_env/chakra_fx/lib/python3.13/site-packages/torchtitan/models/llama3/model/model.py", line 93, in apply_rotary_emb
[rank5]:     xq_out = torch.view_as_real(xq_ * freqs_cis).flatten(3)
[rank5]:                                 ~~~~^~~~~~~~~~~
[rank5]: torch.OutOfMemoryError: CUDA out of memory. Tried to allocate 96.00 MiB. GPU 5 has a total capacity of 79.18 GiB of which 70.38 MiB is free. Including non-PyTorch memory, this process has 79.10 GiB memory in use. Of the allocated memory 77.78 GiB is allocated by PyTorch, and 3.24 MiB is reserved by PyTorch but unallocated. If reserved but unallocated memory is large try setting PYTORCH_CUDA_ALLOC_CONF=expandable_segments:True to avoid fragmentation.  See documentation for Memory Management  (https://pytorch.org/docs/stable/notes/cuda.html#environment-variables)
[rank9]: Traceback (most recent call last):
[rank9]:   File "/storage/ice1/5/1/cman8/shared/chakra_fx/profile_fxgraph.py", line 92, in <module>
[rank9]:     profiler.run_eager_fwbw_kineto_pass()
[rank9]:     ~~~~~~~~~~~~~~~~~~~~~~~~~~~~~~~~~~~^^
[rank9]:   File "/storage/ice1/5/1/cman8/shared/chakra_fx/src/chakra_fx/profilers/model_profiler.py", line 164, in run_eager_fwbw_kineto_pass
[rank9]:     output = self.model(self.sample_input)
[rank9]:   File "/home/hice1/cman8/conda_env/chakra_fx/lib/python3.13/site-packages/torch/nn/modules/module.py", line 1775, in _wrapped_call_impl
[rank9]:     return self._call_impl(*args, **kwargs)
[rank9]:            ~~~~~~~~~~~~~~~^^^^^^^^^^^^^^^^^
[rank9]:   File "/home/hice1/cman8/conda_env/chakra_fx/lib/python3.13/site-packages/torch/nn/modules/module.py", line 1786, in _call_impl
[rank9]:     return forward_call(*args, **kwargs)
[rank9]:   File "/home/hice1/cman8/conda_env/chakra_fx/lib/python3.13/site-packages/torchtitan/models/llama3/model/model.py", line 428, in forward
[rank9]:     h = layer(h, self.freqs_cis)
[rank9]:   File "/home/hice1/cman8/conda_env/chakra_fx/lib/python3.13/site-packages/torch/nn/modules/module.py", line 1775, in _wrapped_call_impl
[rank9]:     return self._call_impl(*args, **kwargs)
[rank9]:            ~~~~~~~~~~~~~~~^^^^^^^^^^^^^^^^^
[rank9]:   File "/home/hice1/cman8/conda_env/chakra_fx/lib/python3.13/site-packages/torch/nn/modules/module.py", line 1786, in _call_impl
[rank9]:     return forward_call(*args, **kwargs)
[rank9]:   File "/home/hice1/cman8/conda_env/chakra_fx/lib/python3.13/site-packages/torchtitan/models/llama3/model/model.py", line 300, in forward
[rank9]:     h = x + self.attention(self.attention_norm(x), freqs_cis)
[rank9]:             ~~~~~~~~~~~~~~^^^^^^^^^^^^^^^^^^^^^^^^^^^^^^^^^^^
[rank9]:   File "/home/hice1/cman8/conda_env/chakra_fx/lib/python3.13/site-packages/torch/nn/modules/module.py", line 1775, in _wrapped_call_impl
[rank9]:     return self._call_impl(*args, **kwargs)
[rank9]:            ~~~~~~~~~~~~~~~^^^^^^^^^^^^^^^^^
[rank9]:   File "/home/hice1/cman8/conda_env/chakra_fx/lib/python3.13/site-packages/torch/nn/modules/module.py", line 1786, in _call_impl
[rank9]:     return forward_call(*args, **kwargs)
[rank9]:   File "/home/hice1/cman8/conda_env/chakra_fx/lib/python3.13/site-packages/torchtitan/models/llama3/model/model.py", line 182, in forward
[rank9]:     xq, xk = apply_rotary_emb(xq, xk, freqs_cis=freqs_cis)
[rank9]:              ~~~~~~~~~~~~~~~~^^^^^^^^^^^^^^^^^^^^^^^^^^^^^
[rank9]:   File "/home/hice1/cman8/conda_env/chakra_fx/lib/python3.13/site-packages/torchtitan/models/llama3/model/model.py", line 93, in apply_rotary_emb
[rank9]:     xq_out = torch.view_as_real(xq_ * freqs_cis).flatten(3)
[rank9]:                                 ~~~~^~~~~~~~~~~
[rank9]: torch.OutOfMemoryError: CUDA out of memory. Tried to allocate 96.00 MiB. GPU 1 has a total capacity of 79.18 GiB of which 38.38 MiB is free. Including non-PyTorch memory, this process has 79.13 GiB memory in use. Of the allocated memory 77.78 GiB is allocated by PyTorch, and 3.24 MiB is reserved by PyTorch but unallocated. If reserved but unallocated memory is large try setting PYTORCH_CUDA_ALLOC_CONF=expandable_segments:True to avoid fragmentation.  See documentation for Memory Management  (https://pytorch.org/docs/stable/notes/cuda.html#environment-variables)
[rank10]: Traceback (most recent call last):
[rank10]:   File "/storage/ice1/5/1/cman8/shared/chakra_fx/profile_fxgraph.py", line 92, in <module>
[rank10]:     profiler.run_eager_fwbw_kineto_pass()
[rank10]:     ~~~~~~~~~~~~~~~~~~~~~~~~~~~~~~~~~~~^^
[rank10]:   File "/storage/ice1/5/1/cman8/shared/chakra_fx/src/chakra_fx/profilers/model_profiler.py", line 164, in run_eager_fwbw_kineto_pass
[rank10]:     output = self.model(self.sample_input)
[rank10]:   File "/home/hice1/cman8/conda_env/chakra_fx/lib/python3.13/site-packages/torch/nn/modules/module.py", line 1775, in _wrapped_call_impl
[rank10]:     return self._call_impl(*args, **kwargs)
[rank10]:            ~~~~~~~~~~~~~~~^^^^^^^^^^^^^^^^^
[rank10]:   File "/home/hice1/cman8/conda_env/chakra_fx/lib/python3.13/site-packages/torch/nn/modules/module.py", line 1786, in _call_impl
[rank10]:     return forward_call(*args, **kwargs)
[rank10]:   File "/home/hice1/cman8/conda_env/chakra_fx/lib/python3.13/site-packages/torchtitan/models/llama3/model/model.py", line 428, in forward
[rank10]:     h = layer(h, self.freqs_cis)
[rank10]:   File "/home/hice1/cman8/conda_env/chakra_fx/lib/python3.13/site-packages/torch/nn/modules/module.py", line 1775, in _wrapped_call_impl
[rank10]:     return self._call_impl(*args, **kwargs)
[rank10]:            ~~~~~~~~~~~~~~~^^^^^^^^^^^^^^^^^
[rank10]:   File "/home/hice1/cman8/conda_env/chakra_fx/lib/python3.13/site-packages/torch/nn/modules/module.py", line 1786, in _call_impl
[rank10]:     return forward_call(*args, **kwargs)
[rank10]:   File "/home/hice1/cman8/conda_env/chakra_fx/lib/python3.13/site-packages/torchtitan/models/llama3/model/model.py", line 300, in forward
[rank10]:     h = x + self.attention(self.attention_norm(x), freqs_cis)
[rank10]:             ~~~~~~~~~~~~~~^^^^^^^^^^^^^^^^^^^^^^^^^^^^^^^^^^^
[rank10]:   File "/home/hice1/cman8/conda_env/chakra_fx/lib/python3.13/site-packages/torch/nn/modules/module.py", line 1775, in _wrapped_call_impl
[rank10]:     return self._call_impl(*args, **kwargs)
[rank10]:            ~~~~~~~~~~~~~~~^^^^^^^^^^^^^^^^^
[rank10]:   File "/home/hice1/cman8/conda_env/chakra_fx/lib/python3.13/site-packages/torch/nn/modules/module.py", line 1786, in _call_impl
[rank10]:     return forward_call(*args, **kwargs)
[rank10]:   File "/home/hice1/cman8/conda_env/chakra_fx/lib/python3.13/site-packages/torchtitan/models/llama3/model/model.py", line 182, in forward
[rank10]:     xq, xk = apply_rotary_emb(xq, xk, freqs_cis=freqs_cis)
[rank10]:              ~~~~~~~~~~~~~~~~^^^^^^^^^^^^^^^^^^^^^^^^^^^^^
[rank10]:   File "/home/hice1/cman8/conda_env/chakra_fx/lib/python3.13/site-packages/torchtitan/models/llama3/model/model.py", line 93, in apply_rotary_emb
[rank10]:     xq_out = torch.view_as_real(xq_ * freqs_cis).flatten(3)
[rank10]:                                 ~~~~^~~~~~~~~~~
[rank10]: torch.OutOfMemoryError: CUDA out of memory. Tried to allocate 96.00 MiB. GPU 2 has a total capacity of 79.18 GiB of which 38.38 MiB is free. Including non-PyTorch memory, this process has 79.13 GiB memory in use. Of the allocated memory 77.78 GiB is allocated by PyTorch, and 3.24 MiB is reserved by PyTorch but unallocated. If reserved but unallocated memory is large try setting PYTORCH_CUDA_ALLOC_CONF=expandable_segments:True to avoid fragmentation.  See documentation for Memory Management  (https://pytorch.org/docs/stable/notes/cuda.html#environment-variables)
[rank12]: Traceback (most recent call last):
[rank12]:   File "/storage/ice1/5/1/cman8/shared/chakra_fx/profile_fxgraph.py", line 92, in <module>
[rank12]:     profiler.run_eager_fwbw_kineto_pass()
[rank12]:     ~~~~~~~~~~~~~~~~~~~~~~~~~~~~~~~~~~~^^
[rank12]:   File "/storage/ice1/5/1/cman8/shared/chakra_fx/src/chakra_fx/profilers/model_profiler.py", line 164, in run_eager_fwbw_kineto_pass
[rank12]:     output = self.model(self.sample_input)
[rank12]:   File "/home/hice1/cman8/conda_env/chakra_fx/lib/python3.13/site-packages/torch/nn/modules/module.py", line 1775, in _wrapped_call_impl
[rank12]:     return self._call_impl(*args, **kwargs)
[rank12]:            ~~~~~~~~~~~~~~~^^^^^^^^^^^^^^^^^
[rank12]:   File "/home/hice1/cman8/conda_env/chakra_fx/lib/python3.13/site-packages/torch/nn/modules/module.py", line 1786, in _call_impl
[rank12]:     return forward_call(*args, **kwargs)
[rank12]:   File "/home/hice1/cman8/conda_env/chakra_fx/lib/python3.13/site-packages/torchtitan/models/llama3/model/model.py", line 428, in forward
[rank12]:     h = layer(h, self.freqs_cis)
[rank12]:   File "/home/hice1/cman8/conda_env/chakra_fx/lib/python3.13/site-packages/torch/nn/modules/module.py", line 1775, in _wrapped_call_impl
[rank12]:     return self._call_impl(*args, **kwargs)
[rank12]:            ~~~~~~~~~~~~~~~^^^^^^^^^^^^^^^^^
[rank12]:   File "/home/hice1/cman8/conda_env/chakra_fx/lib/python3.13/site-packages/torch/nn/modules/module.py", line 1786, in _call_impl
[rank12]:     return forward_call(*args, **kwargs)
[rank12]:   File "/home/hice1/cman8/conda_env/chakra_fx/lib/python3.13/site-packages/torchtitan/models/llama3/model/model.py", line 300, in forward
[rank12]:     h = x + self.attention(self.attention_norm(x), freqs_cis)
[rank12]:             ~~~~~~~~~~~~~~^^^^^^^^^^^^^^^^^^^^^^^^^^^^^^^^^^^
[rank12]:   File "/home/hice1/cman8/conda_env/chakra_fx/lib/python3.13/site-packages/torch/nn/modules/module.py", line 1775, in _wrapped_call_impl
[rank12]:     return self._call_impl(*args, **kwargs)
[rank12]:            ~~~~~~~~~~~~~~~^^^^^^^^^^^^^^^^^
[rank12]:   File "/home/hice1/cman8/conda_env/chakra_fx/lib/python3.13/site-packages/torch/nn/modules/module.py", line 1786, in _call_impl
[rank12]:     return forward_call(*args, **kwargs)
[rank12]:   File "/home/hice1/cman8/conda_env/chakra_fx/lib/python3.13/site-packages/torchtitan/models/llama3/model/model.py", line 182, in forward
[rank12]:     xq, xk = apply_rotary_emb(xq, xk, freqs_cis=freqs_cis)
[rank12]:              ~~~~~~~~~~~~~~~~^^^^^^^^^^^^^^^^^^^^^^^^^^^^^
[rank12]:   File "/home/hice1/cman8/conda_env/chakra_fx/lib/python3.13/site-packages/torchtitan/models/llama3/model/model.py", line 93, in apply_rotary_emb
[rank12]:     xq_out = torch.view_as_real(xq_ * freqs_cis).flatten(3)
[rank12]:                                 ~~~~^~~~~~~~~~~
[rank12]: torch.OutOfMemoryError: CUDA out of memory. Tried to allocate 96.00 MiB. GPU 4 has a total capacity of 79.18 GiB of which 38.38 MiB is free. Including non-PyTorch memory, this process has 79.13 GiB memory in use. Of the allocated memory 77.78 GiB is allocated by PyTorch, and 3.24 MiB is reserved by PyTorch but unallocated. If reserved but unallocated memory is large try setting PYTORCH_CUDA_ALLOC_CONF=expandable_segments:True to avoid fragmentation.  See documentation for Memory Management  (https://pytorch.org/docs/stable/notes/cuda.html#environment-variables)
[rank18]: Traceback (most recent call last):
[rank18]:   File "/storage/ice1/5/1/cman8/shared/chakra_fx/profile_fxgraph.py", line 92, in <module>
[rank18]:     profiler.run_eager_fwbw_kineto_pass()
[rank18]:     ~~~~~~~~~~~~~~~~~~~~~~~~~~~~~~~~~~~^^
[rank18]:   File "/storage/ice1/5/1/cman8/shared/chakra_fx/src/chakra_fx/profilers/model_profiler.py", line 164, in run_eager_fwbw_kineto_pass
[rank18]:     output = self.model(self.sample_input)
[rank18]:   File "/home/hice1/cman8/conda_env/chakra_fx/lib/python3.13/site-packages/torch/nn/modules/module.py", line 1775, in _wrapped_call_impl
[rank18]:     return self._call_impl(*args, **kwargs)
[rank18]:            ~~~~~~~~~~~~~~~^^^^^^^^^^^^^^^^^
[rank18]:   File "/home/hice1/cman8/conda_env/chakra_fx/lib/python3.13/site-packages/torch/nn/modules/module.py", line 1786, in _call_impl
[rank18]:     return forward_call(*args, **kwargs)
[rank18]:   File "/home/hice1/cman8/conda_env/chakra_fx/lib/python3.13/site-packages/torchtitan/models/llama3/model/model.py", line 428, in forward
[rank18]:     h = layer(h, self.freqs_cis)
[rank18]:   File "/home/hice1/cman8/conda_env/chakra_fx/lib/python3.13/site-packages/torch/nn/modules/module.py", line 1775, in _wrapped_call_impl
[rank18]:     return self._call_impl(*args, **kwargs)
[rank18]:            ~~~~~~~~~~~~~~~^^^^^^^^^^^^^^^^^
[rank18]:   File "/home/hice1/cman8/conda_env/chakra_fx/lib/python3.13/site-packages/torch/nn/modules/module.py", line 1786, in _call_impl
[rank18]:     return forward_call(*args, **kwargs)
[rank18]:   File "/home/hice1/cman8/conda_env/chakra_fx/lib/python3.13/site-packages/torchtitan/models/llama3/model/model.py", line 300, in forward
[rank18]:     h = x + self.attention(self.attention_norm(x), freqs_cis)
[rank18]:             ~~~~~~~~~~~~~~^^^^^^^^^^^^^^^^^^^^^^^^^^^^^^^^^^^
[rank18]:   File "/home/hice1/cman8/conda_env/chakra_fx/lib/python3.13/site-packages/torch/nn/modules/module.py", line 1775, in _wrapped_call_impl
[rank18]:     return self._call_impl(*args, **kwargs)
[rank18]:            ~~~~~~~~~~~~~~~^^^^^^^^^^^^^^^^^
[rank18]:   File "/home/hice1/cman8/conda_env/chakra_fx/lib/python3.13/site-packages/torch/nn/modules/module.py", line 1786, in _call_impl
[rank18]:     return forward_call(*args, **kwargs)
[rank18]:   File "/home/hice1/cman8/conda_env/chakra_fx/lib/python3.13/site-packages/torchtitan/models/llama3/model/model.py", line 182, in forward
[rank18]:     xq, xk = apply_rotary_emb(xq, xk, freqs_cis=freqs_cis)
[rank18]:              ~~~~~~~~~~~~~~~~^^^^^^^^^^^^^^^^^^^^^^^^^^^^^
[rank18]:   File "/home/hice1/cman8/conda_env/chakra_fx/lib/python3.13/site-packages/torchtitan/models/llama3/model/model.py", line 93, in apply_rotary_emb
[rank18]:     xq_out = torch.view_as_real(xq_ * freqs_cis).flatten(3)
[rank18]:                                 ~~~~^~~~~~~~~~~
[rank18]: torch.OutOfMemoryError: CUDA out of memory. Tried to allocate 96.00 MiB. GPU 2 has a total capacity of 79.18 GiB of which 38.38 MiB is free. Including non-PyTorch memory, this process has 79.13 GiB memory in use. Of the allocated memory 77.78 GiB is allocated by PyTorch, and 3.24 MiB is reserved by PyTorch but unallocated. If reserved but unallocated memory is large try setting PYTORCH_CUDA_ALLOC_CONF=expandable_segments:True to avoid fragmentation.  See documentation for Memory Management  (https://pytorch.org/docs/stable/notes/cuda.html#environment-variables)
[rank13]: Traceback (most recent call last):
[rank13]:   File "/storage/ice1/5/1/cman8/shared/chakra_fx/profile_fxgraph.py", line 92, in <module>
[rank13]:     profiler.run_eager_fwbw_kineto_pass()
[rank13]:     ~~~~~~~~~~~~~~~~~~~~~~~~~~~~~~~~~~~^^
[rank13]:   File "/storage/ice1/5/1/cman8/shared/chakra_fx/src/chakra_fx/profilers/model_profiler.py", line 164, in run_eager_fwbw_kineto_pass
[rank13]:     output = self.model(self.sample_input)
[rank13]:   File "/home/hice1/cman8/conda_env/chakra_fx/lib/python3.13/site-packages/torch/nn/modules/module.py", line 1775, in _wrapped_call_impl
[rank13]:     return self._call_impl(*args, **kwargs)
[rank13]:            ~~~~~~~~~~~~~~~^^^^^^^^^^^^^^^^^
[rank13]:   File "/home/hice1/cman8/conda_env/chakra_fx/lib/python3.13/site-packages/torch/nn/modules/module.py", line 1786, in _call_impl
[rank13]:     return forward_call(*args, **kwargs)
[rank13]:   File "/home/hice1/cman8/conda_env/chakra_fx/lib/python3.13/site-packages/torchtitan/models/llama3/model/model.py", line 428, in forward
[rank13]:     h = layer(h, self.freqs_cis)
[rank13]:   File "/home/hice1/cman8/conda_env/chakra_fx/lib/python3.13/site-packages/torch/nn/modules/module.py", line 1775, in _wrapped_call_impl
[rank13]:     return self._call_impl(*args, **kwargs)
[rank13]:            ~~~~~~~~~~~~~~~^^^^^^^^^^^^^^^^^
[rank13]:   File "/home/hice1/cman8/conda_env/chakra_fx/lib/python3.13/site-packages/torch/nn/modules/module.py", line 1786, in _call_impl
[rank13]:     return forward_call(*args, **kwargs)
[rank13]:   File "/home/hice1/cman8/conda_env/chakra_fx/lib/python3.13/site-packages/torchtitan/models/llama3/model/model.py", line 300, in forward
[rank13]:     h = x + self.attention(self.attention_norm(x), freqs_cis)
[rank13]:             ~~~~~~~~~~~~~~^^^^^^^^^^^^^^^^^^^^^^^^^^^^^^^^^^^
[rank13]:   File "/home/hice1/cman8/conda_env/chakra_fx/lib/python3.13/site-packages/torch/nn/modules/module.py", line 1775, in _wrapped_call_impl
[rank13]:     return self._call_impl(*args, **kwargs)
[rank13]:            ~~~~~~~~~~~~~~~^^^^^^^^^^^^^^^^^
[rank13]:   File "/home/hice1/cman8/conda_env/chakra_fx/lib/python3.13/site-packages/torch/nn/modules/module.py", line 1786, in _call_impl
[rank13]:     return forward_call(*args, **kwargs)
[rank13]:   File "/home/hice1/cman8/conda_env/chakra_fx/lib/python3.13/site-packages/torchtitan/models/llama3/model/model.py", line 182, in forward
[rank13]:     xq, xk = apply_rotary_emb(xq, xk, freqs_cis=freqs_cis)
[rank13]:              ~~~~~~~~~~~~~~~~^^^^^^^^^^^^^^^^^^^^^^^^^^^^^
[rank13]:   File "/home/hice1/cman8/conda_env/chakra_fx/lib/python3.13/site-packages/torchtitan/models/llama3/model/model.py", line 93, in apply_rotary_emb
[rank13]:     xq_out = torch.view_as_real(xq_ * freqs_cis).flatten(3)
[rank13]:                                 ~~~~^~~~~~~~~~~
[rank13]: torch.OutOfMemoryError: CUDA out of memory. Tried to allocate 96.00 MiB. GPU 5 has a total capacity of 79.18 GiB of which 38.38 MiB is free. Including non-PyTorch memory, this process has 79.13 GiB memory in use. Of the allocated memory 77.78 GiB is allocated by PyTorch, and 3.24 MiB is reserved by PyTorch but unallocated. If reserved but unallocated memory is large try setting PYTORCH_CUDA_ALLOC_CONF=expandable_segments:True to avoid fragmentation.  See documentation for Memory Management  (https://pytorch.org/docs/stable/notes/cuda.html#environment-variables)
[rank19]: Traceback (most recent call last):
[rank19]:   File "/storage/ice1/5/1/cman8/shared/chakra_fx/profile_fxgraph.py", line 92, in <module>
[rank19]:     profiler.run_eager_fwbw_kineto_pass()
[rank19]:     ~~~~~~~~~~~~~~~~~~~~~~~~~~~~~~~~~~~^^
[rank19]:   File "/storage/ice1/5/1/cman8/shared/chakra_fx/src/chakra_fx/profilers/model_profiler.py", line 164, in run_eager_fwbw_kineto_pass
[rank19]:     output = self.model(self.sample_input)
[rank19]:   File "/home/hice1/cman8/conda_env/chakra_fx/lib/python3.13/site-packages/torch/nn/modules/module.py", line 1775, in _wrapped_call_impl
[rank19]:     return self._call_impl(*args, **kwargs)
[rank19]:            ~~~~~~~~~~~~~~~^^^^^^^^^^^^^^^^^
[rank19]:   File "/home/hice1/cman8/conda_env/chakra_fx/lib/python3.13/site-packages/torch/nn/modules/module.py", line 1786, in _call_impl
[rank19]:     return forward_call(*args, **kwargs)
[rank19]:   File "/home/hice1/cman8/conda_env/chakra_fx/lib/python3.13/site-packages/torchtitan/models/llama3/model/model.py", line 428, in forward
[rank19]:     h = layer(h, self.freqs_cis)
[rank19]:   File "/home/hice1/cman8/conda_env/chakra_fx/lib/python3.13/site-packages/torch/nn/modules/module.py", line 1775, in _wrapped_call_impl
[rank19]:     return self._call_impl(*args, **kwargs)
[rank19]:            ~~~~~~~~~~~~~~~^^^^^^^^^^^^^^^^^
[rank19]:   File "/home/hice1/cman8/conda_env/chakra_fx/lib/python3.13/site-packages/torch/nn/modules/module.py", line 1786, in _call_impl
[rank19]:     return forward_call(*args, **kwargs)
[rank19]:   File "/home/hice1/cman8/conda_env/chakra_fx/lib/python3.13/site-packages/torchtitan/models/llama3/model/model.py", line 300, in forward
[rank19]:     h = x + self.attention(self.attention_norm(x), freqs_cis)
[rank19]:             ~~~~~~~~~~~~~~^^^^^^^^^^^^^^^^^^^^^^^^^^^^^^^^^^^
[rank19]:   File "/home/hice1/cman8/conda_env/chakra_fx/lib/python3.13/site-packages/torch/nn/modules/module.py", line 1775, in _wrapped_call_impl
[rank19]:     return self._call_impl(*args, **kwargs)
[rank19]:            ~~~~~~~~~~~~~~~^^^^^^^^^^^^^^^^^
[rank19]:   File "/home/hice1/cman8/conda_env/chakra_fx/lib/python3.13/site-packages/torch/nn/modules/module.py", line 1786, in _call_impl
[rank19]:     return forward_call(*args, **kwargs)
[rank19]:   File "/home/hice1/cman8/conda_env/chakra_fx/lib/python3.13/site-packages/torchtitan/models/llama3/model/model.py", line 182, in forward
[rank19]:     xq, xk = apply_rotary_emb(xq, xk, freqs_cis=freqs_cis)
[rank19]:              ~~~~~~~~~~~~~~~~^^^^^^^^^^^^^^^^^^^^^^^^^^^^^
[rank19]:   File "/home/hice1/cman8/conda_env/chakra_fx/lib/python3.13/site-packages/torchtitan/models/llama3/model/model.py", line 93, in apply_rotary_emb
[rank19]:     xq_out = torch.view_as_real(xq_ * freqs_cis).flatten(3)
[rank19]:                                 ~~~~^~~~~~~~~~~
[rank19]: torch.OutOfMemoryError: CUDA out of memory. Tried to allocate 96.00 MiB. GPU 3 has a total capacity of 79.18 GiB of which 38.38 MiB is free. Including non-PyTorch memory, this process has 79.13 GiB memory in use. Of the allocated memory 77.78 GiB is allocated by PyTorch, and 3.24 MiB is reserved by PyTorch but unallocated. If reserved but unallocated memory is large try setting PYTORCH_CUDA_ALLOC_CONF=expandable_segments:True to avoid fragmentation.  See documentation for Memory Management  (https://pytorch.org/docs/stable/notes/cuda.html#environment-variables)
[rank17]: Traceback (most recent call last):
[rank17]:   File "/storage/ice1/5/1/cman8/shared/chakra_fx/profile_fxgraph.py", line 92, in <module>
[rank17]:     profiler.run_eager_fwbw_kineto_pass()
[rank17]:     ~~~~~~~~~~~~~~~~~~~~~~~~~~~~~~~~~~~^^
[rank17]:   File "/storage/ice1/5/1/cman8/shared/chakra_fx/src/chakra_fx/profilers/model_profiler.py", line 164, in run_eager_fwbw_kineto_pass
[rank17]:     output = self.model(self.sample_input)
[rank17]:   File "/home/hice1/cman8/conda_env/chakra_fx/lib/python3.13/site-packages/torch/nn/modules/module.py", line 1775, in _wrapped_call_impl
[rank17]:     return self._call_impl(*args, **kwargs)
[rank17]:            ~~~~~~~~~~~~~~~^^^^^^^^^^^^^^^^^
[rank17]:   File "/home/hice1/cman8/conda_env/chakra_fx/lib/python3.13/site-packages/torch/nn/modules/module.py", line 1786, in _call_impl
[rank17]:     return forward_call(*args, **kwargs)
[rank17]:   File "/home/hice1/cman8/conda_env/chakra_fx/lib/python3.13/site-packages/torchtitan/models/llama3/model/model.py", line 428, in forward
[rank17]:     h = layer(h, self.freqs_cis)
[rank17]:   File "/home/hice1/cman8/conda_env/chakra_fx/lib/python3.13/site-packages/torch/nn/modules/module.py", line 1775, in _wrapped_call_impl
[rank17]:     return self._call_impl(*args, **kwargs)
[rank17]:            ~~~~~~~~~~~~~~~^^^^^^^^^^^^^^^^^
[rank17]:   File "/home/hice1/cman8/conda_env/chakra_fx/lib/python3.13/site-packages/torch/nn/modules/module.py", line 1786, in _call_impl
[rank17]:     return forward_call(*args, **kwargs)
[rank17]:   File "/home/hice1/cman8/conda_env/chakra_fx/lib/python3.13/site-packages/torchtitan/models/llama3/model/model.py", line 300, in forward
[rank17]:     h = x + self.attention(self.attention_norm(x), freqs_cis)
[rank17]:             ~~~~~~~~~~~~~~^^^^^^^^^^^^^^^^^^^^^^^^^^^^^^^^^^^
[rank17]:   File "/home/hice1/cman8/conda_env/chakra_fx/lib/python3.13/site-packages/torch/nn/modules/module.py", line 1775, in _wrapped_call_impl
[rank17]:     return self._call_impl(*args, **kwargs)
[rank17]:            ~~~~~~~~~~~~~~~^^^^^^^^^^^^^^^^^
[rank17]:   File "/home/hice1/cman8/conda_env/chakra_fx/lib/python3.13/site-packages/torch/nn/modules/module.py", line 1786, in _call_impl
[rank17]:     return forward_call(*args, **kwargs)
[rank17]:   File "/home/hice1/cman8/conda_env/chakra_fx/lib/python3.13/site-packages/torchtitan/models/llama3/model/model.py", line 182, in forward
[rank17]:     xq, xk = apply_rotary_emb(xq, xk, freqs_cis=freqs_cis)
[rank17]:              ~~~~~~~~~~~~~~~~^^^^^^^^^^^^^^^^^^^^^^^^^^^^^
[rank17]:   File "/home/hice1/cman8/conda_env/chakra_fx/lib/python3.13/site-packages/torchtitan/models/llama3/model/model.py", line 93, in apply_rotary_emb
[rank17]:     xq_out = torch.view_as_real(xq_ * freqs_cis).flatten(3)
[rank17]:                                 ~~~~^~~~~~~~~~~
[rank17]: torch.OutOfMemoryError: CUDA out of memory. Tried to allocate 96.00 MiB. GPU 1 has a total capacity of 79.18 GiB of which 38.38 MiB is free. Including non-PyTorch memory, this process has 79.13 GiB memory in use. Of the allocated memory 77.78 GiB is allocated by PyTorch, and 3.24 MiB is reserved by PyTorch but unallocated. If reserved but unallocated memory is large try setting PYTORCH_CUDA_ALLOC_CONF=expandable_segments:True to avoid fragmentation.  See documentation for Memory Management  (https://pytorch.org/docs/stable/notes/cuda.html#environment-variables)
[rank21]: Traceback (most recent call last):
[rank21]:   File "/storage/ice1/5/1/cman8/shared/chakra_fx/profile_fxgraph.py", line 92, in <module>
[rank21]:     profiler.run_eager_fwbw_kineto_pass()
[rank21]:     ~~~~~~~~~~~~~~~~~~~~~~~~~~~~~~~~~~~^^
[rank21]:   File "/storage/ice1/5/1/cman8/shared/chakra_fx/src/chakra_fx/profilers/model_profiler.py", line 164, in run_eager_fwbw_kineto_pass
[rank21]:     output = self.model(self.sample_input)
[rank21]:   File "/home/hice1/cman8/conda_env/chakra_fx/lib/python3.13/site-packages/torch/nn/modules/module.py", line 1775, in _wrapped_call_impl
[rank21]:     return self._call_impl(*args, **kwargs)
[rank21]:            ~~~~~~~~~~~~~~~^^^^^^^^^^^^^^^^^
[rank21]:   File "/home/hice1/cman8/conda_env/chakra_fx/lib/python3.13/site-packages/torch/nn/modules/module.py", line 1786, in _call_impl
[rank21]:     return forward_call(*args, **kwargs)
[rank21]:   File "/home/hice1/cman8/conda_env/chakra_fx/lib/python3.13/site-packages/torchtitan/models/llama3/model/model.py", line 428, in forward
[rank21]:     h = layer(h, self.freqs_cis)
[rank21]:   File "/home/hice1/cman8/conda_env/chakra_fx/lib/python3.13/site-packages/torch/nn/modules/module.py", line 1775, in _wrapped_call_impl
[rank21]:     return self._call_impl(*args, **kwargs)
[rank21]:            ~~~~~~~~~~~~~~~^^^^^^^^^^^^^^^^^
[rank21]:   File "/home/hice1/cman8/conda_env/chakra_fx/lib/python3.13/site-packages/torch/nn/modules/module.py", line 1786, in _call_impl
[rank21]:     return forward_call(*args, **kwargs)
[rank21]:   File "/home/hice1/cman8/conda_env/chakra_fx/lib/python3.13/site-packages/torchtitan/models/llama3/model/model.py", line 300, in forward
[rank21]:     h = x + self.attention(self.attention_norm(x), freqs_cis)
[rank21]:             ~~~~~~~~~~~~~~^^^^^^^^^^^^^^^^^^^^^^^^^^^^^^^^^^^
[rank21]:   File "/home/hice1/cman8/conda_env/chakra_fx/lib/python3.13/site-packages/torch/nn/modules/module.py", line 1775, in _wrapped_call_impl
[rank21]:     return self._call_impl(*args, **kwargs)
[rank21]:            ~~~~~~~~~~~~~~~^^^^^^^^^^^^^^^^^
[rank21]:   File "/home/hice1/cman8/conda_env/chakra_fx/lib/python3.13/site-packages/torch/nn/modules/module.py", line 1786, in _call_impl
[rank21]:     return forward_call(*args, **kwargs)
[rank21]:   File "/home/hice1/cman8/conda_env/chakra_fx/lib/python3.13/site-packages/torchtitan/models/llama3/model/model.py", line 182, in forward
[rank21]:     xq, xk = apply_rotary_emb(xq, xk, freqs_cis=freqs_cis)
[rank21]:              ~~~~~~~~~~~~~~~~^^^^^^^^^^^^^^^^^^^^^^^^^^^^^
[rank21]:   File "/home/hice1/cman8/conda_env/chakra_fx/lib/python3.13/site-packages/torchtitan/models/llama3/model/model.py", line 93, in apply_rotary_emb
[rank21]:     xq_out = torch.view_as_real(xq_ * freqs_cis).flatten(3)
[rank21]:                                 ~~~~^~~~~~~~~~~
[rank21]: torch.OutOfMemoryError: CUDA out of memory. Tried to allocate 96.00 MiB. GPU 5 has a total capacity of 79.18 GiB of which 70.38 MiB is free. Including non-PyTorch memory, this process has 79.10 GiB memory in use. Of the allocated memory 77.78 GiB is allocated by PyTorch, and 3.24 MiB is reserved by PyTorch but unallocated. If reserved but unallocated memory is large try setting PYTORCH_CUDA_ALLOC_CONF=expandable_segments:True to avoid fragmentation.  See documentation for Memory Management  (https://pytorch.org/docs/stable/notes/cuda.html#environment-variables)
[rank22]: Traceback (most recent call last):
[rank22]:   File "/storage/ice1/5/1/cman8/shared/chakra_fx/profile_fxgraph.py", line 92, in <module>
[rank22]:     profiler.run_eager_fwbw_kineto_pass()
[rank22]:     ~~~~~~~~~~~~~~~~~~~~~~~~~~~~~~~~~~~^^
[rank22]:   File "/storage/ice1/5/1/cman8/shared/chakra_fx/src/chakra_fx/profilers/model_profiler.py", line 164, in run_eager_fwbw_kineto_pass
[rank22]:     output = self.model(self.sample_input)
[rank22]:   File "/home/hice1/cman8/conda_env/chakra_fx/lib/python3.13/site-packages/torch/nn/modules/module.py", line 1775, in _wrapped_call_impl
[rank22]:     return self._call_impl(*args, **kwargs)
[rank22]:            ~~~~~~~~~~~~~~~^^^^^^^^^^^^^^^^^
[rank22]:   File "/home/hice1/cman8/conda_env/chakra_fx/lib/python3.13/site-packages/torch/nn/modules/module.py", line 1786, in _call_impl
[rank22]:     return forward_call(*args, **kwargs)
[rank22]:   File "/home/hice1/cman8/conda_env/chakra_fx/lib/python3.13/site-packages/torchtitan/models/llama3/model/model.py", line 428, in forward
[rank22]:     h = layer(h, self.freqs_cis)
[rank22]:   File "/home/hice1/cman8/conda_env/chakra_fx/lib/python3.13/site-packages/torch/nn/modules/module.py", line 1775, in _wrapped_call_impl
[rank22]:     return self._call_impl(*args, **kwargs)
[rank22]:            ~~~~~~~~~~~~~~~^^^^^^^^^^^^^^^^^
[rank22]:   File "/home/hice1/cman8/conda_env/chakra_fx/lib/python3.13/site-packages/torch/nn/modules/module.py", line 1786, in _call_impl
[rank22]:     return forward_call(*args, **kwargs)
[rank22]:   File "/home/hice1/cman8/conda_env/chakra_fx/lib/python3.13/site-packages/torchtitan/models/llama3/model/model.py", line 300, in forward
[rank22]:     h = x + self.attention(self.attention_norm(x), freqs_cis)
[rank22]:             ~~~~~~~~~~~~~~^^^^^^^^^^^^^^^^^^^^^^^^^^^^^^^^^^^
[rank22]:   File "/home/hice1/cman8/conda_env/chakra_fx/lib/python3.13/site-packages/torch/nn/modules/module.py", line 1775, in _wrapped_call_impl
[rank22]:     return self._call_impl(*args, **kwargs)
[rank22]:            ~~~~~~~~~~~~~~~^^^^^^^^^^^^^^^^^
[rank22]:   File "/home/hice1/cman8/conda_env/chakra_fx/lib/python3.13/site-packages/torch/nn/modules/module.py", line 1786, in _call_impl
[rank22]:     return forward_call(*args, **kwargs)
[rank22]:   File "/home/hice1/cman8/conda_env/chakra_fx/lib/python3.13/site-packages/torchtitan/models/llama3/model/model.py", line 182, in forward
[rank22]:     xq, xk = apply_rotary_emb(xq, xk, freqs_cis=freqs_cis)
[rank22]:              ~~~~~~~~~~~~~~~~^^^^^^^^^^^^^^^^^^^^^^^^^^^^^
[rank22]:   File "/home/hice1/cman8/conda_env/chakra_fx/lib/python3.13/site-packages/torchtitan/models/llama3/model/model.py", line 93, in apply_rotary_emb
[rank22]:     xq_out = torch.view_as_real(xq_ * freqs_cis).flatten(3)
[rank22]:                                 ~~~~^~~~~~~~~~~
[rank22]: torch.OutOfMemoryError: CUDA out of memory. Tried to allocate 96.00 MiB. GPU 6 has a total capacity of 79.18 GiB of which 38.38 MiB is free. Including non-PyTorch memory, this process has 79.13 GiB memory in use. Of the allocated memory 77.78 GiB is allocated by PyTorch, and 3.24 MiB is reserved by PyTorch but unallocated. If reserved but unallocated memory is large try setting PYTORCH_CUDA_ALLOC_CONF=expandable_segments:True to avoid fragmentation.  See documentation for Memory Management  (https://pytorch.org/docs/stable/notes/cuda.html#environment-variables)
[rank23]: Traceback (most recent call last):
[rank23]:   File "/storage/ice1/5/1/cman8/shared/chakra_fx/profile_fxgraph.py", line 92, in <module>
[rank23]:     profiler.run_eager_fwbw_kineto_pass()
[rank23]:     ~~~~~~~~~~~~~~~~~~~~~~~~~~~~~~~~~~~^^
[rank23]:   File "/storage/ice1/5/1/cman8/shared/chakra_fx/src/chakra_fx/profilers/model_profiler.py", line 164, in run_eager_fwbw_kineto_pass
[rank23]:     output = self.model(self.sample_input)
[rank23]:   File "/home/hice1/cman8/conda_env/chakra_fx/lib/python3.13/site-packages/torch/nn/modules/module.py", line 1775, in _wrapped_call_impl
[rank23]:     return self._call_impl(*args, **kwargs)
[rank23]:            ~~~~~~~~~~~~~~~^^^^^^^^^^^^^^^^^
[rank23]:   File "/home/hice1/cman8/conda_env/chakra_fx/lib/python3.13/site-packages/torch/nn/modules/module.py", line 1786, in _call_impl
[rank23]:     return forward_call(*args, **kwargs)
[rank23]:   File "/home/hice1/cman8/conda_env/chakra_fx/lib/python3.13/site-packages/torchtitan/models/llama3/model/model.py", line 428, in forward
[rank23]:     h = layer(h, self.freqs_cis)
[rank23]:   File "/home/hice1/cman8/conda_env/chakra_fx/lib/python3.13/site-packages/torch/nn/modules/module.py", line 1775, in _wrapped_call_impl
[rank23]:     return self._call_impl(*args, **kwargs)
[rank23]:            ~~~~~~~~~~~~~~~^^^^^^^^^^^^^^^^^
[rank23]:   File "/home/hice1/cman8/conda_env/chakra_fx/lib/python3.13/site-packages/torch/nn/modules/module.py", line 1786, in _call_impl
[rank23]:     return forward_call(*args, **kwargs)
[rank23]:   File "/home/hice1/cman8/conda_env/chakra_fx/lib/python3.13/site-packages/torchtitan/models/llama3/model/model.py", line 300, in forward
[rank23]:     h = x + self.attention(self.attention_norm(x), freqs_cis)
[rank23]:             ~~~~~~~~~~~~~~^^^^^^^^^^^^^^^^^^^^^^^^^^^^^^^^^^^
[rank23]:   File "/home/hice1/cman8/conda_env/chakra_fx/lib/python3.13/site-packages/torch/nn/modules/module.py", line 1775, in _wrapped_call_impl
[rank23]:     return self._call_impl(*args, **kwargs)
[rank23]:            ~~~~~~~~~~~~~~~^^^^^^^^^^^^^^^^^
[rank23]:   File "/home/hice1/cman8/conda_env/chakra_fx/lib/python3.13/site-packages/torch/nn/modules/module.py", line 1786, in _call_impl
[rank23]:     return forward_call(*args, **kwargs)
[rank23]:   File "/home/hice1/cman8/conda_env/chakra_fx/lib/python3.13/site-packages/torchtitan/models/llama3/model/model.py", line 182, in forward
[rank23]:     xq, xk = apply_rotary_emb(xq, xk, freqs_cis=freqs_cis)
[rank23]:              ~~~~~~~~~~~~~~~~^^^^^^^^^^^^^^^^^^^^^^^^^^^^^
[rank23]:   File "/home/hice1/cman8/conda_env/chakra_fx/lib/python3.13/site-packages/torchtitan/models/llama3/model/model.py", line 93, in apply_rotary_emb
[rank23]:     xq_out = torch.view_as_real(xq_ * freqs_cis).flatten(3)
[rank23]:                                 ~~~~^~~~~~~~~~~
[rank23]: torch.OutOfMemoryError: CUDA out of memory. Tried to allocate 96.00 MiB. GPU 7 has a total capacity of 79.18 GiB of which 38.38 MiB is free. Including non-PyTorch memory, this process has 79.13 GiB memory in use. Of the allocated memory 77.78 GiB is allocated by PyTorch, and 3.24 MiB is reserved by PyTorch but unallocated. If reserved but unallocated memory is large try setting PYTORCH_CUDA_ALLOC_CONF=expandable_segments:True to avoid fragmentation.  See documentation for Memory Management  (https://pytorch.org/docs/stable/notes/cuda.html#environment-variables)
[rank46]: Traceback (most recent call last):
[rank46]:   File "/storage/ice1/5/1/cman8/shared/chakra_fx/profile_fxgraph.py", line 92, in <module>
[rank46]:     profiler.run_eager_fwbw_kineto_pass()
[rank46]:     ~~~~~~~~~~~~~~~~~~~~~~~~~~~~~~~~~~~^^
[rank46]:   File "/storage/ice1/5/1/cman8/shared/chakra_fx/src/chakra_fx/profilers/model_profiler.py", line 164, in run_eager_fwbw_kineto_pass
[rank46]:     output = self.model(self.sample_input)
[rank46]:   File "/home/hice1/cman8/conda_env/chakra_fx/lib/python3.13/site-packages/torch/nn/modules/module.py", line 1775, in _wrapped_call_impl
[rank46]:     return self._call_impl(*args, **kwargs)
[rank46]:            ~~~~~~~~~~~~~~~^^^^^^^^^^^^^^^^^
[rank46]:   File "/home/hice1/cman8/conda_env/chakra_fx/lib/python3.13/site-packages/torch/nn/modules/module.py", line 1786, in _call_impl
[rank46]:     return forward_call(*args, **kwargs)
[rank46]:   File "/home/hice1/cman8/conda_env/chakra_fx/lib/python3.13/site-packages/torchtitan/models/llama3/model/model.py", line 428, in forward
[rank46]:     h = layer(h, self.freqs_cis)
[rank46]:   File "/home/hice1/cman8/conda_env/chakra_fx/lib/python3.13/site-packages/torch/nn/modules/module.py", line 1775, in _wrapped_call_impl
[rank46]:     return self._call_impl(*args, **kwargs)
[rank46]:            ~~~~~~~~~~~~~~~^^^^^^^^^^^^^^^^^
[rank46]:   File "/home/hice1/cman8/conda_env/chakra_fx/lib/python3.13/site-packages/torch/nn/modules/module.py", line 1786, in _call_impl
[rank46]:     return forward_call(*args, **kwargs)
[rank46]:   File "/home/hice1/cman8/conda_env/chakra_fx/lib/python3.13/site-packages/torchtitan/models/llama3/model/model.py", line 300, in forward
[rank46]:     h = x + self.attention(self.attention_norm(x), freqs_cis)
[rank46]:             ~~~~~~~~~~~~~~^^^^^^^^^^^^^^^^^^^^^^^^^^^^^^^^^^^
[rank46]:   File "/home/hice1/cman8/conda_env/chakra_fx/lib/python3.13/site-packages/torch/nn/modules/module.py", line 1775, in _wrapped_call_impl
[rank46]:     return self._call_impl(*args, **kwargs)
[rank46]:            ~~~~~~~~~~~~~~~^^^^^^^^^^^^^^^^^
[rank46]:   File "/home/hice1/cman8/conda_env/chakra_fx/lib/python3.13/site-packages/torch/nn/modules/module.py", line 1786, in _call_impl
[rank46]:     return forward_call(*args, **kwargs)
[rank46]:   File "/home/hice1/cman8/conda_env/chakra_fx/lib/python3.13/site-packages/torchtitan/models/llama3/model/model.py", line 173, in forward
[rank46]:     xq, xk, xv = self.wq(x), self.wk(x), self.wv(x)
[rank46]:                  ~~~~~~~^^^
[rank46]:   File "/home/hice1/cman8/conda_env/chakra_fx/lib/python3.13/site-packages/torch/nn/modules/module.py", line 1775, in _wrapped_call_impl
[rank46]:     return self._call_impl(*args, **kwargs)
[rank46]:            ~~~~~~~~~~~~~~~^^^^^^^^^^^^^^^^^
[rank46]:   File "/home/hice1/cman8/conda_env/chakra_fx/lib/python3.13/site-packages/torch/nn/modules/module.py", line 1786, in _call_impl
[rank46]:     return forward_call(*args, **kwargs)
[rank46]:   File "/home/hice1/cman8/conda_env/chakra_fx/lib/python3.13/site-packages/torch/nn/modules/linear.py", line 134, in forward
[rank46]:     return F.linear(input, self.weight, self.bias)
[rank46]:            ~~~~~~~~^^^^^^^^^^^^^^^^^^^^^^^^^^^^^^^
[rank46]: torch.OutOfMemoryError: CUDA out of memory. Tried to allocate 96.00 MiB. GPU 6 has a total capacity of 79.18 GiB of which 70.38 MiB is free. Including non-PyTorch memory, this process has 79.10 GiB memory in use. Of the allocated memory 77.62 GiB is allocated by PyTorch, and 3.24 MiB is reserved by PyTorch but unallocated. If reserved but unallocated memory is large try setting PYTORCH_CUDA_ALLOC_CONF=expandable_segments:True to avoid fragmentation.  See documentation for Memory Management  (https://pytorch.org/docs/stable/notes/cuda.html#environment-variables)
[rank47]: Traceback (most recent call last):
[rank47]:   File "/storage/ice1/5/1/cman8/shared/chakra_fx/profile_fxgraph.py", line 92, in <module>
[rank47]:     profiler.run_eager_fwbw_kineto_pass()
[rank47]:     ~~~~~~~~~~~~~~~~~~~~~~~~~~~~~~~~~~~^^
[rank47]:   File "/storage/ice1/5/1/cman8/shared/chakra_fx/src/chakra_fx/profilers/model_profiler.py", line 164, in run_eager_fwbw_kineto_pass
[rank47]:     output = self.model(self.sample_input)
[rank47]:   File "/home/hice1/cman8/conda_env/chakra_fx/lib/python3.13/site-packages/torch/nn/modules/module.py", line 1775, in _wrapped_call_impl
[rank47]:     return self._call_impl(*args, **kwargs)
[rank47]:            ~~~~~~~~~~~~~~~^^^^^^^^^^^^^^^^^
[rank47]:   File "/home/hice1/cman8/conda_env/chakra_fx/lib/python3.13/site-packages/torch/nn/modules/module.py", line 1786, in _call_impl
[rank47]:     return forward_call(*args, **kwargs)
[rank47]:   File "/home/hice1/cman8/conda_env/chakra_fx/lib/python3.13/site-packages/torchtitan/models/llama3/model/model.py", line 428, in forward
[rank47]:     h = layer(h, self.freqs_cis)
[rank47]:   File "/home/hice1/cman8/conda_env/chakra_fx/lib/python3.13/site-packages/torch/nn/modules/module.py", line 1775, in _wrapped_call_impl
[rank47]:     return self._call_impl(*args, **kwargs)
[rank47]:            ~~~~~~~~~~~~~~~^^^^^^^^^^^^^^^^^
[rank47]:   File "/home/hice1/cman8/conda_env/chakra_fx/lib/python3.13/site-packages/torch/nn/modules/module.py", line 1786, in _call_impl
[rank47]:     return forward_call(*args, **kwargs)
[rank47]:   File "/home/hice1/cman8/conda_env/chakra_fx/lib/python3.13/site-packages/torchtitan/models/llama3/model/model.py", line 300, in forward
[rank47]:     h = x + self.attention(self.attention_norm(x), freqs_cis)
[rank47]:             ~~~~~~~~~~~~~~^^^^^^^^^^^^^^^^^^^^^^^^^^^^^^^^^^^
[rank47]:   File "/home/hice1/cman8/conda_env/chakra_fx/lib/python3.13/site-packages/torch/nn/modules/module.py", line 1775, in _wrapped_call_impl
[rank47]:     return self._call_impl(*args, **kwargs)
[rank47]:            ~~~~~~~~~~~~~~~^^^^^^^^^^^^^^^^^
[rank47]:   File "/home/hice1/cman8/conda_env/chakra_fx/lib/python3.13/site-packages/torch/nn/modules/module.py", line 1786, in _call_impl
[rank47]:     return forward_call(*args, **kwargs)
[rank47]:   File "/home/hice1/cman8/conda_env/chakra_fx/lib/python3.13/site-packages/torchtitan/models/llama3/model/model.py", line 182, in forward
[rank47]:     xq, xk = apply_rotary_emb(xq, xk, freqs_cis=freqs_cis)
[rank47]:              ~~~~~~~~~~~~~~~~^^^^^^^^^^^^^^^^^^^^^^^^^^^^^
[rank47]:   File "/home/hice1/cman8/conda_env/chakra_fx/lib/python3.13/site-packages/torchtitan/models/llama3/model/model.py", line 93, in apply_rotary_emb
[rank47]:     xq_out = torch.view_as_real(xq_ * freqs_cis).flatten(3)
[rank47]:                                 ~~~~^~~~~~~~~~~
[rank47]: torch.OutOfMemoryError: CUDA out of memory. Tried to allocate 96.00 MiB. GPU 7 has a total capacity of 79.18 GiB of which 38.38 MiB is free. Including non-PyTorch memory, this process has 79.13 GiB memory in use. Of the allocated memory 77.78 GiB is allocated by PyTorch, and 3.24 MiB is reserved by PyTorch but unallocated. If reserved but unallocated memory is large try setting PYTORCH_CUDA_ALLOC_CONF=expandable_segments:True to avoid fragmentation.  See documentation for Memory Management  (https://pytorch.org/docs/stable/notes/cuda.html#environment-variables)
[rank58]: Traceback (most recent call last):
[rank58]:   File "/storage/ice1/5/1/cman8/shared/chakra_fx/profile_fxgraph.py", line 92, in <module>
[rank58]:     profiler.run_eager_fwbw_kineto_pass()
[rank58]:     ~~~~~~~~~~~~~~~~~~~~~~~~~~~~~~~~~~~^^
[rank58]:   File "/storage/ice1/5/1/cman8/shared/chakra_fx/src/chakra_fx/profilers/model_profiler.py", line 164, in run_eager_fwbw_kineto_pass
[rank58]:     output = self.model(self.sample_input)
[rank58]:   File "/home/hice1/cman8/conda_env/chakra_fx/lib/python3.13/site-packages/torch/nn/modules/module.py", line 1775, in _wrapped_call_impl
[rank58]:     return self._call_impl(*args, **kwargs)
[rank58]:            ~~~~~~~~~~~~~~~^^^^^^^^^^^^^^^^^
[rank58]:   File "/home/hice1/cman8/conda_env/chakra_fx/lib/python3.13/site-packages/torch/nn/modules/module.py", line 1786, in _call_impl
[rank58]:     return forward_call(*args, **kwargs)
[rank58]:   File "/home/hice1/cman8/conda_env/chakra_fx/lib/python3.13/site-packages/torchtitan/models/llama3/model/model.py", line 428, in forward
[rank58]:     h = layer(h, self.freqs_cis)
[rank58]:   File "/home/hice1/cman8/conda_env/chakra_fx/lib/python3.13/site-packages/torch/nn/modules/module.py", line 1775, in _wrapped_call_impl
[rank58]:     return self._call_impl(*args, **kwargs)
[rank58]:            ~~~~~~~~~~~~~~~^^^^^^^^^^^^^^^^^
[rank58]:   File "/home/hice1/cman8/conda_env/chakra_fx/lib/python3.13/site-packages/torch/nn/modules/module.py", line 1786, in _call_impl
[rank58]:     return forward_call(*args, **kwargs)
[rank58]:   File "/home/hice1/cman8/conda_env/chakra_fx/lib/python3.13/site-packages/torchtitan/models/llama3/model/model.py", line 300, in forward
[rank58]:     h = x + self.attention(self.attention_norm(x), freqs_cis)
[rank58]:             ~~~~~~~~~~~~~~^^^^^^^^^^^^^^^^^^^^^^^^^^^^^^^^^^^
[rank58]:   File "/home/hice1/cman8/conda_env/chakra_fx/lib/python3.13/site-packages/torch/nn/modules/module.py", line 1775, in _wrapped_call_impl
[rank58]:     return self._call_impl(*args, **kwargs)
[rank58]:            ~~~~~~~~~~~~~~~^^^^^^^^^^^^^^^^^
[rank58]:   File "/home/hice1/cman8/conda_env/chakra_fx/lib/python3.13/site-packages/torch/nn/modules/module.py", line 1786, in _call_impl
[rank58]:     return forward_call(*args, **kwargs)
[rank58]:   File "/home/hice1/cman8/conda_env/chakra_fx/lib/python3.13/site-packages/torchtitan/models/llama3/model/model.py", line 182, in forward
[rank58]:     xq, xk = apply_rotary_emb(xq, xk, freqs_cis=freqs_cis)
[rank58]:              ~~~~~~~~~~~~~~~~^^^^^^^^^^^^^^^^^^^^^^^^^^^^^
[rank58]:   File "/home/hice1/cman8/conda_env/chakra_fx/lib/python3.13/site-packages/torchtitan/models/llama3/model/model.py", line 93, in apply_rotary_emb
[rank58]:     xq_out = torch.view_as_real(xq_ * freqs_cis).flatten(3)
[rank58]:                                 ~~~~^~~~~~~~~~~
[rank58]: torch.OutOfMemoryError: CUDA out of memory. Tried to allocate 96.00 MiB. GPU 2 has a total capacity of 79.18 GiB of which 38.38 MiB is free. Including non-PyTorch memory, this process has 79.13 GiB memory in use. Of the allocated memory 77.78 GiB is allocated by PyTorch, and 3.24 MiB is reserved by PyTorch but unallocated. If reserved but unallocated memory is large try setting PYTORCH_CUDA_ALLOC_CONF=expandable_segments:True to avoid fragmentation.  See documentation for Memory Management  (https://pytorch.org/docs/stable/notes/cuda.html#environment-variables)
[rank50]: Traceback (most recent call last):
[rank50]:   File "/storage/ice1/5/1/cman8/shared/chakra_fx/profile_fxgraph.py", line 92, in <module>
[rank50]:     profiler.run_eager_fwbw_kineto_pass()
[rank50]:     ~~~~~~~~~~~~~~~~~~~~~~~~~~~~~~~~~~~^^
[rank50]:   File "/storage/ice1/5/1/cman8/shared/chakra_fx/src/chakra_fx/profilers/model_profiler.py", line 164, in run_eager_fwbw_kineto_pass
[rank50]:     output = self.model(self.sample_input)
[rank50]:   File "/home/hice1/cman8/conda_env/chakra_fx/lib/python3.13/site-packages/torch/nn/modules/module.py", line 1775, in _wrapped_call_impl
[rank50]:     return self._call_impl(*args, **kwargs)
[rank50]:            ~~~~~~~~~~~~~~~^^^^^^^^^^^^^^^^^
[rank50]:   File "/home/hice1/cman8/conda_env/chakra_fx/lib/python3.13/site-packages/torch/nn/modules/module.py", line 1786, in _call_impl
[rank50]:     return forward_call(*args, **kwargs)
[rank50]:   File "/home/hice1/cman8/conda_env/chakra_fx/lib/python3.13/site-packages/torchtitan/models/llama3/model/model.py", line 428, in forward
[rank50]:     h = layer(h, self.freqs_cis)
[rank50]:   File "/home/hice1/cman8/conda_env/chakra_fx/lib/python3.13/site-packages/torch/nn/modules/module.py", line 1775, in _wrapped_call_impl
[rank50]:     return self._call_impl(*args, **kwargs)
[rank50]:            ~~~~~~~~~~~~~~~^^^^^^^^^^^^^^^^^
[rank50]:   File "/home/hice1/cman8/conda_env/chakra_fx/lib/python3.13/site-packages/torch/nn/modules/module.py", line 1786, in _call_impl
[rank50]:     return forward_call(*args, **kwargs)
[rank50]:   File "/home/hice1/cman8/conda_env/chakra_fx/lib/python3.13/site-packages/torchtitan/models/llama3/model/model.py", line 300, in forward
[rank50]:     h = x + self.attention(self.attention_norm(x), freqs_cis)
[rank50]:             ~~~~~~~~~~~~~~^^^^^^^^^^^^^^^^^^^^^^^^^^^^^^^^^^^
[rank50]:   File "/home/hice1/cman8/conda_env/chakra_fx/lib/python3.13/site-packages/torch/nn/modules/module.py", line 1775, in _wrapped_call_impl
[rank50]:     return self._call_impl(*args, **kwargs)
[rank50]:            ~~~~~~~~~~~~~~~^^^^^^^^^^^^^^^^^
[rank50]:   File "/home/hice1/cman8/conda_env/chakra_fx/lib/python3.13/site-packages/torch/nn/modules/module.py", line 1786, in _call_impl
[rank50]:     return forward_call(*args, **kwargs)
[rank50]:   File "/home/hice1/cman8/conda_env/chakra_fx/lib/python3.13/site-packages/torchtitan/models/llama3/model/model.py", line 182, in forward
[rank50]:     xq, xk = apply_rotary_emb(xq, xk, freqs_cis=freqs_cis)
[rank50]:              ~~~~~~~~~~~~~~~~^^^^^^^^^^^^^^^^^^^^^^^^^^^^^
[rank50]:   File "/home/hice1/cman8/conda_env/chakra_fx/lib/python3.13/site-packages/torchtitan/models/llama3/model/model.py", line 93, in apply_rotary_emb
[rank50]:     xq_out = torch.view_as_real(xq_ * freqs_cis).flatten(3)
[rank50]:                                 ~~~~^~~~~~~~~~~
[rank50]: torch.OutOfMemoryError: CUDA out of memory. Tried to allocate 96.00 MiB. GPU 2 has a total capacity of 79.18 GiB of which 38.38 MiB is free. Including non-PyTorch memory, this process has 79.13 GiB memory in use. Of the allocated memory 77.78 GiB is allocated by PyTorch, and 3.24 MiB is reserved by PyTorch but unallocated. If reserved but unallocated memory is large try setting PYTORCH_CUDA_ALLOC_CONF=expandable_segments:True to avoid fragmentation.  See documentation for Memory Management  (https://pytorch.org/docs/stable/notes/cuda.html#environment-variables)
[rank63]: Traceback (most recent call last):
[rank63]:   File "/storage/ice1/5/1/cman8/shared/chakra_fx/profile_fxgraph.py", line 92, in <module>
[rank63]:     profiler.run_eager_fwbw_kineto_pass()
[rank63]:     ~~~~~~~~~~~~~~~~~~~~~~~~~~~~~~~~~~~^^
[rank63]:   File "/storage/ice1/5/1/cman8/shared/chakra_fx/src/chakra_fx/profilers/model_profiler.py", line 164, in run_eager_fwbw_kineto_pass
[rank63]:     output = self.model(self.sample_input)
[rank63]:   File "/home/hice1/cman8/conda_env/chakra_fx/lib/python3.13/site-packages/torch/nn/modules/module.py", line 1775, in _wrapped_call_impl
[rank63]:     return self._call_impl(*args, **kwargs)
[rank63]:            ~~~~~~~~~~~~~~~^^^^^^^^^^^^^^^^^
[rank63]:   File "/home/hice1/cman8/conda_env/chakra_fx/lib/python3.13/site-packages/torch/nn/modules/module.py", line 1786, in _call_impl
[rank63]:     return forward_call(*args, **kwargs)
[rank63]:   File "/home/hice1/cman8/conda_env/chakra_fx/lib/python3.13/site-packages/torchtitan/models/llama3/model/model.py", line 428, in forward
[rank63]:     h = layer(h, self.freqs_cis)
[rank63]:   File "/home/hice1/cman8/conda_env/chakra_fx/lib/python3.13/site-packages/torch/nn/modules/module.py", line 1775, in _wrapped_call_impl
[rank63]:     return self._call_impl(*args, **kwargs)
[rank63]:            ~~~~~~~~~~~~~~~^^^^^^^^^^^^^^^^^
[rank63]:   File "/home/hice1/cman8/conda_env/chakra_fx/lib/python3.13/site-packages/torch/nn/modules/module.py", line 1786, in _call_impl
[rank63]:     return forward_call(*args, **kwargs)
[rank63]:   File "/home/hice1/cman8/conda_env/chakra_fx/lib/python3.13/site-packages/torchtitan/models/llama3/model/model.py", line 300, in forward
[rank63]:     h = x + self.attention(self.attention_norm(x), freqs_cis)
[rank63]:             ~~~~~~~~~~~~~~^^^^^^^^^^^^^^^^^^^^^^^^^^^^^^^^^^^
[rank63]:   File "/home/hice1/cman8/conda_env/chakra_fx/lib/python3.13/site-packages/torch/nn/modules/module.py", line 1775, in _wrapped_call_impl
[rank63]:     return self._call_impl(*args, **kwargs)
[rank63]:            ~~~~~~~~~~~~~~~^^^^^^^^^^^^^^^^^
[rank63]:   File "/home/hice1/cman8/conda_env/chakra_fx/lib/python3.13/site-packages/torch/nn/modules/module.py", line 1786, in _call_impl
[rank63]:     return forward_call(*args, **kwargs)
[rank63]:   File "/home/hice1/cman8/conda_env/chakra_fx/lib/python3.13/site-packages/torchtitan/models/llama3/model/model.py", line 182, in forward
[rank63]:     xq, xk = apply_rotary_emb(xq, xk, freqs_cis=freqs_cis)
[rank63]:              ~~~~~~~~~~~~~~~~^^^^^^^^^^^^^^^^^^^^^^^^^^^^^
[rank63]:   File "/home/hice1/cman8/conda_env/chakra_fx/lib/python3.13/site-packages/torchtitan/models/llama3/model/model.py", line 93, in apply_rotary_emb
[rank63]:     xq_out = torch.view_as_real(xq_ * freqs_cis).flatten(3)
[rank63]:                                 ~~~~^~~~~~~~~~~
[rank63]: torch.OutOfMemoryError: CUDA out of memory. Tried to allocate 96.00 MiB. GPU 7 has a total capacity of 79.18 GiB of which 38.38 MiB is free. Including non-PyTorch memory, this process has 79.13 GiB memory in use. Of the allocated memory 77.78 GiB is allocated by PyTorch, and 3.24 MiB is reserved by PyTorch but unallocated. If reserved but unallocated memory is large try setting PYTORCH_CUDA_ALLOC_CONF=expandable_segments:True to avoid fragmentation.  See documentation for Memory Management  (https://pytorch.org/docs/stable/notes/cuda.html#environment-variables)
[rank61]: Traceback (most recent call last):
[rank61]:   File "/storage/ice1/5/1/cman8/shared/chakra_fx/profile_fxgraph.py", line 92, in <module>
[rank61]:     profiler.run_eager_fwbw_kineto_pass()
[rank61]:     ~~~~~~~~~~~~~~~~~~~~~~~~~~~~~~~~~~~^^
[rank61]:   File "/storage/ice1/5/1/cman8/shared/chakra_fx/src/chakra_fx/profilers/model_profiler.py", line 164, in run_eager_fwbw_kineto_pass
[rank61]:     output = self.model(self.sample_input)
[rank61]:   File "/home/hice1/cman8/conda_env/chakra_fx/lib/python3.13/site-packages/torch/nn/modules/module.py", line 1775, in _wrapped_call_impl
[rank61]:     return self._call_impl(*args, **kwargs)
[rank61]:            ~~~~~~~~~~~~~~~^^^^^^^^^^^^^^^^^
[rank61]:   File "/home/hice1/cman8/conda_env/chakra_fx/lib/python3.13/site-packages/torch/nn/modules/module.py", line 1786, in _call_impl
[rank61]:     return forward_call(*args, **kwargs)
[rank61]:   File "/home/hice1/cman8/conda_env/chakra_fx/lib/python3.13/site-packages/torchtitan/models/llama3/model/model.py", line 428, in forward
[rank61]:     h = layer(h, self.freqs_cis)
[rank61]:   File "/home/hice1/cman8/conda_env/chakra_fx/lib/python3.13/site-packages/torch/nn/modules/module.py", line 1775, in _wrapped_call_impl
[rank61]:     return self._call_impl(*args, **kwargs)
[rank61]:            ~~~~~~~~~~~~~~~^^^^^^^^^^^^^^^^^
[rank61]:   File "/home/hice1/cman8/conda_env/chakra_fx/lib/python3.13/site-packages/torch/nn/modules/module.py", line 1786, in _call_impl
[rank61]:     return forward_call(*args, **kwargs)
[rank61]:   File "/home/hice1/cman8/conda_env/chakra_fx/lib/python3.13/site-packages/torchtitan/models/llama3/model/model.py", line 300, in forward
[rank61]:     h = x + self.attention(self.attention_norm(x), freqs_cis)
[rank61]:             ~~~~~~~~~~~~~~^^^^^^^^^^^^^^^^^^^^^^^^^^^^^^^^^^^
[rank61]:   File "/home/hice1/cman8/conda_env/chakra_fx/lib/python3.13/site-packages/torch/nn/modules/module.py", line 1775, in _wrapped_call_impl
[rank61]:     return self._call_impl(*args, **kwargs)
[rank61]:            ~~~~~~~~~~~~~~~^^^^^^^^^^^^^^^^^
[rank61]:   File "/home/hice1/cman8/conda_env/chakra_fx/lib/python3.13/site-packages/torch/nn/modules/module.py", line 1786, in _call_impl
[rank61]:     return forward_call(*args, **kwargs)
[rank61]:   File "/home/hice1/cman8/conda_env/chakra_fx/lib/python3.13/site-packages/torchtitan/models/llama3/model/model.py", line 182, in forward
[rank61]:     xq, xk = apply_rotary_emb(xq, xk, freqs_cis=freqs_cis)
[rank61]:              ~~~~~~~~~~~~~~~~^^^^^^^^^^^^^^^^^^^^^^^^^^^^^
[rank61]:   File "/home/hice1/cman8/conda_env/chakra_fx/lib/python3.13/site-packages/torchtitan/models/llama3/model/model.py", line 93, in apply_rotary_emb
[rank61]:     xq_out = torch.view_as_real(xq_ * freqs_cis).flatten(3)
[rank61]:                                 ~~~~^~~~~~~~~~~
[rank61]: torch.OutOfMemoryError: CUDA out of memory. Tried to allocate 96.00 MiB. GPU 5 has a total capacity of 79.18 GiB of which 70.38 MiB is free. Including non-PyTorch memory, this process has 79.10 GiB memory in use. Of the allocated memory 77.78 GiB is allocated by PyTorch, and 3.24 MiB is reserved by PyTorch but unallocated. If reserved but unallocated memory is large try setting PYTORCH_CUDA_ALLOC_CONF=expandable_segments:True to avoid fragmentation.  See documentation for Memory Management  (https://pytorch.org/docs/stable/notes/cuda.html#environment-variables)
[rank8]:[W820 00:45:24.481099411 ProcessGroupNCCL.cpp:1519] Warning: WARNING: destroy_process_group() was not called before program exit, which can leak resources. For more info, please see https://pytorch.org/docs/stable/distributed.html#shutdown (function operator())
[rank60]: Traceback (most recent call last):
[rank60]:   File "/storage/ice1/5/1/cman8/shared/chakra_fx/profile_fxgraph.py", line 92, in <module>
[rank60]:     profiler.run_eager_fwbw_kineto_pass()
[rank60]:     ~~~~~~~~~~~~~~~~~~~~~~~~~~~~~~~~~~~^^
[rank60]:   File "/storage/ice1/5/1/cman8/shared/chakra_fx/src/chakra_fx/profilers/model_profiler.py", line 164, in run_eager_fwbw_kineto_pass
[rank60]:     output = self.model(self.sample_input)
[rank60]:   File "/home/hice1/cman8/conda_env/chakra_fx/lib/python3.13/site-packages/torch/nn/modules/module.py", line 1775, in _wrapped_call_impl
[rank60]:     return self._call_impl(*args, **kwargs)
[rank60]:            ~~~~~~~~~~~~~~~^^^^^^^^^^^^^^^^^
[rank60]:   File "/home/hice1/cman8/conda_env/chakra_fx/lib/python3.13/site-packages/torch/nn/modules/module.py", line 1786, in _call_impl
[rank60]:     return forward_call(*args, **kwargs)
[rank60]:   File "/home/hice1/cman8/conda_env/chakra_fx/lib/python3.13/site-packages/torchtitan/models/llama3/model/model.py", line 428, in forward
[rank60]:     h = layer(h, self.freqs_cis)
[rank60]:   File "/home/hice1/cman8/conda_env/chakra_fx/lib/python3.13/site-packages/torch/nn/modules/module.py", line 1775, in _wrapped_call_impl
[rank60]:     return self._call_impl(*args, **kwargs)
[rank60]:            ~~~~~~~~~~~~~~~^^^^^^^^^^^^^^^^^
[rank60]:   File "/home/hice1/cman8/conda_env/chakra_fx/lib/python3.13/site-packages/torch/nn/modules/module.py", line 1786, in _call_impl
[rank60]:     return forward_call(*args, **kwargs)
[rank60]:   File "/home/hice1/cman8/conda_env/chakra_fx/lib/python3.13/site-packages/torchtitan/models/llama3/model/model.py", line 300, in forward
[rank60]:     h = x + self.attention(self.attention_norm(x), freqs_cis)
[rank60]:             ~~~~~~~~~~~~~~^^^^^^^^^^^^^^^^^^^^^^^^^^^^^^^^^^^
[rank60]:   File "/home/hice1/cman8/conda_env/chakra_fx/lib/python3.13/site-packages/torch/nn/modules/module.py", line 1775, in _wrapped_call_impl
[rank60]:     return self._call_impl(*args, **kwargs)
[rank60]:            ~~~~~~~~~~~~~~~^^^^^^^^^^^^^^^^^
[rank60]:   File "/home/hice1/cman8/conda_env/chakra_fx/lib/python3.13/site-packages/torch/nn/modules/module.py", line 1786, in _call_impl
[rank60]:     return forward_call(*args, **kwargs)
[rank60]:   File "/home/hice1/cman8/conda_env/chakra_fx/lib/python3.13/site-packages/torchtitan/models/llama3/model/model.py", line 192, in forward
[rank60]:     output = self.sdpa(xq, xk, xv)
[rank60]:   File "/home/hice1/cman8/conda_env/chakra_fx/lib/python3.13/site-packages/torch/nn/modules/module.py", line 1775, in _wrapped_call_impl
[rank60]:     return self._call_impl(*args, **kwargs)
[rank60]:            ~~~~~~~~~~~~~~~^^^^^^^^^^^^^^^^^
[rank60]:   File "/home/hice1/cman8/conda_env/chakra_fx/lib/python3.13/site-packages/torch/nn/modules/module.py", line 1786, in _call_impl
[rank60]:     return forward_call(*args, **kwargs)
[rank60]:   File "/home/hice1/cman8/conda_env/chakra_fx/lib/python3.13/site-packages/torchtitan/models/attention.py", line 218, in forward
[rank60]:     return F.scaled_dot_product_attention(q, k, v, is_causal=True, scale=scale)
[rank60]:            ~~~~~~~~~~~~~~~~~~~~~~~~~~~~~~^^^^^^^^^^^^^^^^^^^^^^^^^^^^^^^^^^^^^^
[rank60]: torch.OutOfMemoryError: CUDA out of memory. Tried to allocate 96.00 MiB. GPU 4 has a total capacity of 79.18 GiB of which 70.38 MiB is free. Including non-PyTorch memory, this process has 79.10 GiB memory in use. Of the allocated memory 77.91 GiB is allocated by PyTorch, and 3.24 MiB is reserved by PyTorch but unallocated. If reserved but unallocated memory is large try setting PYTORCH_CUDA_ALLOC_CONF=expandable_segments:True to avoid fragmentation.  See documentation for Memory Management  (https://pytorch.org/docs/stable/notes/cuda.html#environment-variables)
[rank54]: Traceback (most recent call last):
[rank54]:   File "/storage/ice1/5/1/cman8/shared/chakra_fx/profile_fxgraph.py", line 92, in <module>
[rank54]:     profiler.run_eager_fwbw_kineto_pass()
[rank54]:     ~~~~~~~~~~~~~~~~~~~~~~~~~~~~~~~~~~~^^
[rank54]:   File "/storage/ice1/5/1/cman8/shared/chakra_fx/src/chakra_fx/profilers/model_profiler.py", line 164, in run_eager_fwbw_kineto_pass
[rank54]:     output = self.model(self.sample_input)
[rank54]:   File "/home/hice1/cman8/conda_env/chakra_fx/lib/python3.13/site-packages/torch/nn/modules/module.py", line 1775, in _wrapped_call_impl
[rank54]:     return self._call_impl(*args, **kwargs)
[rank54]:            ~~~~~~~~~~~~~~~^^^^^^^^^^^^^^^^^
[rank54]:   File "/home/hice1/cman8/conda_env/chakra_fx/lib/python3.13/site-packages/torch/nn/modules/module.py", line 1786, in _call_impl
[rank54]:     return forward_call(*args, **kwargs)
[rank54]:   File "/home/hice1/cman8/conda_env/chakra_fx/lib/python3.13/site-packages/torchtitan/models/llama3/model/model.py", line 428, in forward
[rank54]:     h = layer(h, self.freqs_cis)
[rank54]:   File "/home/hice1/cman8/conda_env/chakra_fx/lib/python3.13/site-packages/torch/nn/modules/module.py", line 1775, in _wrapped_call_impl
[rank54]:     return self._call_impl(*args, **kwargs)
[rank54]:            ~~~~~~~~~~~~~~~^^^^^^^^^^^^^^^^^
[rank54]:   File "/home/hice1/cman8/conda_env/chakra_fx/lib/python3.13/site-packages/torch/nn/modules/module.py", line 1786, in _call_impl
[rank54]:     return forward_call(*args, **kwargs)
[rank54]:   File "/home/hice1/cman8/conda_env/chakra_fx/lib/python3.13/site-packages/torchtitan/models/llama3/model/model.py", line 300, in forward
[rank54]:     h = x + self.attention(self.attention_norm(x), freqs_cis)
[rank54]:             ~~~~~~~~~~~~~~^^^^^^^^^^^^^^^^^^^^^^^^^^^^^^^^^^^
[rank54]:   File "/home/hice1/cman8/conda_env/chakra_fx/lib/python3.13/site-packages/torch/nn/modules/module.py", line 1775, in _wrapped_call_impl
[rank54]:     return self._call_impl(*args, **kwargs)
[rank54]:            ~~~~~~~~~~~~~~~^^^^^^^^^^^^^^^^^
[rank54]:   File "/home/hice1/cman8/conda_env/chakra_fx/lib/python3.13/site-packages/torch/nn/modules/module.py", line 1786, in _call_impl
[rank54]:     return forward_call(*args, **kwargs)
[rank54]:   File "/home/hice1/cman8/conda_env/chakra_fx/lib/python3.13/site-packages/torchtitan/models/llama3/model/model.py", line 182, in forward
[rank54]:     xq, xk = apply_rotary_emb(xq, xk, freqs_cis=freqs_cis)
[rank54]:              ~~~~~~~~~~~~~~~~^^^^^^^^^^^^^^^^^^^^^^^^^^^^^
[rank54]:   File "/home/hice1/cman8/conda_env/chakra_fx/lib/python3.13/site-packages/torchtitan/models/llama3/model/model.py", line 93, in apply_rotary_emb
[rank54]:     xq_out = torch.view_as_real(xq_ * freqs_cis).flatten(3)
[rank54]:                                 ~~~~^~~~~~~~~~~
[rank54]: torch.OutOfMemoryError: CUDA out of memory. Tried to allocate 96.00 MiB. GPU 6 has a total capacity of 79.18 GiB of which 38.38 MiB is free. Including non-PyTorch memory, this process has 79.13 GiB memory in use. Of the allocated memory 77.78 GiB is allocated by PyTorch, and 3.24 MiB is reserved by PyTorch but unallocated. If reserved but unallocated memory is large try setting PYTORCH_CUDA_ALLOC_CONF=expandable_segments:True to avoid fragmentation.  See documentation for Memory Management  (https://pytorch.org/docs/stable/notes/cuda.html#environment-variables)
[rank53]: Traceback (most recent call last):
[rank53]:   File "/storage/ice1/5/1/cman8/shared/chakra_fx/profile_fxgraph.py", line 92, in <module>
[rank53]:     profiler.run_eager_fwbw_kineto_pass()
[rank53]:     ~~~~~~~~~~~~~~~~~~~~~~~~~~~~~~~~~~~^^
[rank53]:   File "/storage/ice1/5/1/cman8/shared/chakra_fx/src/chakra_fx/profilers/model_profiler.py", line 164, in run_eager_fwbw_kineto_pass
[rank53]:     output = self.model(self.sample_input)
[rank53]:   File "/home/hice1/cman8/conda_env/chakra_fx/lib/python3.13/site-packages/torch/nn/modules/module.py", line 1775, in _wrapped_call_impl
[rank53]:     return self._call_impl(*args, **kwargs)
[rank53]:            ~~~~~~~~~~~~~~~^^^^^^^^^^^^^^^^^
[rank53]:   File "/home/hice1/cman8/conda_env/chakra_fx/lib/python3.13/site-packages/torch/nn/modules/module.py", line 1786, in _call_impl
[rank53]:     return forward_call(*args, **kwargs)
[rank53]:   File "/home/hice1/cman8/conda_env/chakra_fx/lib/python3.13/site-packages/torchtitan/models/llama3/model/model.py", line 428, in forward
[rank53]:     h = layer(h, self.freqs_cis)
[rank53]:   File "/home/hice1/cman8/conda_env/chakra_fx/lib/python3.13/site-packages/torch/nn/modules/module.py", line 1775, in _wrapped_call_impl
[rank53]:     return self._call_impl(*args, **kwargs)
[rank53]:            ~~~~~~~~~~~~~~~^^^^^^^^^^^^^^^^^
[rank53]:   File "/home/hice1/cman8/conda_env/chakra_fx/lib/python3.13/site-packages/torch/nn/modules/module.py", line 1786, in _call_impl
[rank53]:     return forward_call(*args, **kwargs)
[rank53]:   File "/home/hice1/cman8/conda_env/chakra_fx/lib/python3.13/site-packages/torchtitan/models/llama3/model/model.py", line 300, in forward
[rank53]:     h = x + self.attention(self.attention_norm(x), freqs_cis)
[rank53]:             ~~~~~~~~~~~~~~^^^^^^^^^^^^^^^^^^^^^^^^^^^^^^^^^^^
[rank53]:   File "/home/hice1/cman8/conda_env/chakra_fx/lib/python3.13/site-packages/torch/nn/modules/module.py", line 1775, in _wrapped_call_impl
[rank53]:     return self._call_impl(*args, **kwargs)
[rank53]:            ~~~~~~~~~~~~~~~^^^^^^^^^^^^^^^^^
[rank53]:   File "/home/hice1/cman8/conda_env/chakra_fx/lib/python3.13/site-packages/torch/nn/modules/module.py", line 1786, in _call_impl
[rank53]:     return forward_call(*args, **kwargs)
[rank53]:   File "/home/hice1/cman8/conda_env/chakra_fx/lib/python3.13/site-packages/torchtitan/models/llama3/model/model.py", line 182, in forward
[rank53]:     xq, xk = apply_rotary_emb(xq, xk, freqs_cis=freqs_cis)
[rank53]:              ~~~~~~~~~~~~~~~~^^^^^^^^^^^^^^^^^^^^^^^^^^^^^
[rank53]:   File "/home/hice1/cman8/conda_env/chakra_fx/lib/python3.13/site-packages/torchtitan/models/llama3/model/model.py", line 93, in apply_rotary_emb
[rank53]:     xq_out = torch.view_as_real(xq_ * freqs_cis).flatten(3)
[rank53]:                                 ~~~~^~~~~~~~~~~
[rank53]: torch.OutOfMemoryError: CUDA out of memory. Tried to allocate 96.00 MiB. GPU 5 has a total capacity of 79.18 GiB of which 70.38 MiB is free. Including non-PyTorch memory, this process has 79.10 GiB memory in use. Of the allocated memory 77.78 GiB is allocated by PyTorch, and 3.24 MiB is reserved by PyTorch but unallocated. If reserved but unallocated memory is large try setting PYTORCH_CUDA_ALLOC_CONF=expandable_segments:True to avoid fragmentation.  See documentation for Memory Management  (https://pytorch.org/docs/stable/notes/cuda.html#environment-variables)
[rank51]: Traceback (most recent call last):
[rank51]:   File "/storage/ice1/5/1/cman8/shared/chakra_fx/profile_fxgraph.py", line 92, in <module>
[rank51]:     profiler.run_eager_fwbw_kineto_pass()
[rank51]:     ~~~~~~~~~~~~~~~~~~~~~~~~~~~~~~~~~~~^^
[rank51]:   File "/storage/ice1/5/1/cman8/shared/chakra_fx/src/chakra_fx/profilers/model_profiler.py", line 164, in run_eager_fwbw_kineto_pass
[rank51]:     output = self.model(self.sample_input)
[rank51]:   File "/home/hice1/cman8/conda_env/chakra_fx/lib/python3.13/site-packages/torch/nn/modules/module.py", line 1775, in _wrapped_call_impl
[rank51]:     return self._call_impl(*args, **kwargs)
[rank51]:            ~~~~~~~~~~~~~~~^^^^^^^^^^^^^^^^^
[rank51]:   File "/home/hice1/cman8/conda_env/chakra_fx/lib/python3.13/site-packages/torch/nn/modules/module.py", line 1786, in _call_impl
[rank51]:     return forward_call(*args, **kwargs)
[rank51]:   File "/home/hice1/cman8/conda_env/chakra_fx/lib/python3.13/site-packages/torchtitan/models/llama3/model/model.py", line 428, in forward
[rank51]:     h = layer(h, self.freqs_cis)
[rank51]:   File "/home/hice1/cman8/conda_env/chakra_fx/lib/python3.13/site-packages/torch/nn/modules/module.py", line 1775, in _wrapped_call_impl
[rank51]:     return self._call_impl(*args, **kwargs)
[rank51]:            ~~~~~~~~~~~~~~~^^^^^^^^^^^^^^^^^
[rank51]:   File "/home/hice1/cman8/conda_env/chakra_fx/lib/python3.13/site-packages/torch/nn/modules/module.py", line 1786, in _call_impl
[rank51]:     return forward_call(*args, **kwargs)
[rank51]:   File "/home/hice1/cman8/conda_env/chakra_fx/lib/python3.13/site-packages/torchtitan/models/llama3/model/model.py", line 300, in forward
[rank51]:     h = x + self.attention(self.attention_norm(x), freqs_cis)
[rank51]:             ~~~~~~~~~~~~~~^^^^^^^^^^^^^^^^^^^^^^^^^^^^^^^^^^^
[rank51]:   File "/home/hice1/cman8/conda_env/chakra_fx/lib/python3.13/site-packages/torch/nn/modules/module.py", line 1775, in _wrapped_call_impl
[rank51]:     return self._call_impl(*args, **kwargs)
[rank51]:            ~~~~~~~~~~~~~~~^^^^^^^^^^^^^^^^^
[rank51]:   File "/home/hice1/cman8/conda_env/chakra_fx/lib/python3.13/site-packages/torch/nn/modules/module.py", line 1786, in _call_impl
[rank51]:     return forward_call(*args, **kwargs)
[rank51]:   File "/home/hice1/cman8/conda_env/chakra_fx/lib/python3.13/site-packages/torchtitan/models/llama3/model/model.py", line 182, in forward
[rank51]:     xq, xk = apply_rotary_emb(xq, xk, freqs_cis=freqs_cis)
[rank51]:              ~~~~~~~~~~~~~~~~^^^^^^^^^^^^^^^^^^^^^^^^^^^^^
[rank51]:   File "/home/hice1/cman8/conda_env/chakra_fx/lib/python3.13/site-packages/torchtitan/models/llama3/model/model.py", line 93, in apply_rotary_emb
[rank51]:     xq_out = torch.view_as_real(xq_ * freqs_cis).flatten(3)
[rank51]:                                 ~~~~^~~~~~~~~~~
[rank51]: torch.OutOfMemoryError: CUDA out of memory. Tried to allocate 96.00 MiB. GPU 3 has a total capacity of 79.18 GiB of which 38.38 MiB is free. Including non-PyTorch memory, this process has 79.13 GiB memory in use. Of the allocated memory 77.78 GiB is allocated by PyTorch, and 3.24 MiB is reserved by PyTorch but unallocated. If reserved but unallocated memory is large try setting PYTORCH_CUDA_ALLOC_CONF=expandable_segments:True to avoid fragmentation.  See documentation for Memory Management  (https://pytorch.org/docs/stable/notes/cuda.html#environment-variables)
[rank27]: Traceback (most recent call last):
[rank27]:   File "/storage/ice1/5/1/cman8/shared/chakra_fx/profile_fxgraph.py", line 92, in <module>
[rank27]:     profiler.run_eager_fwbw_kineto_pass()
[rank27]:     ~~~~~~~~~~~~~~~~~~~~~~~~~~~~~~~~~~~^^
[rank27]:   File "/storage/ice1/5/1/cman8/shared/chakra_fx/src/chakra_fx/profilers/model_profiler.py", line 164, in run_eager_fwbw_kineto_pass
[rank27]:     output = self.model(self.sample_input)
[rank27]:   File "/home/hice1/cman8/conda_env/chakra_fx/lib/python3.13/site-packages/torch/nn/modules/module.py", line 1775, in _wrapped_call_impl
[rank27]:     return self._call_impl(*args, **kwargs)
[rank27]:            ~~~~~~~~~~~~~~~^^^^^^^^^^^^^^^^^
[rank27]:   File "/home/hice1/cman8/conda_env/chakra_fx/lib/python3.13/site-packages/torch/nn/modules/module.py", line 1786, in _call_impl
[rank27]:     return forward_call(*args, **kwargs)
[rank27]:   File "/home/hice1/cman8/conda_env/chakra_fx/lib/python3.13/site-packages/torchtitan/models/llama3/model/model.py", line 428, in forward
[rank27]:     h = layer(h, self.freqs_cis)
[rank27]:   File "/home/hice1/cman8/conda_env/chakra_fx/lib/python3.13/site-packages/torch/nn/modules/module.py", line 1775, in _wrapped_call_impl
[rank27]:     return self._call_impl(*args, **kwargs)
[rank27]:            ~~~~~~~~~~~~~~~^^^^^^^^^^^^^^^^^
[rank27]:   File "/home/hice1/cman8/conda_env/chakra_fx/lib/python3.13/site-packages/torch/nn/modules/module.py", line 1786, in _call_impl
[rank27]:     return forward_call(*args, **kwargs)
[rank27]:   File "/home/hice1/cman8/conda_env/chakra_fx/lib/python3.13/site-packages/torchtitan/models/llama3/model/model.py", line 300, in forward
[rank27]:     h = x + self.attention(self.attention_norm(x), freqs_cis)
[rank27]:             ~~~~~~~~~~~~~~^^^^^^^^^^^^^^^^^^^^^^^^^^^^^^^^^^^
[rank27]:   File "/home/hice1/cman8/conda_env/chakra_fx/lib/python3.13/site-packages/torch/nn/modules/module.py", line 1775, in _wrapped_call_impl
[rank27]:     return self._call_impl(*args, **kwargs)
[rank27]:            ~~~~~~~~~~~~~~~^^^^^^^^^^^^^^^^^
[rank27]:   File "/home/hice1/cman8/conda_env/chakra_fx/lib/python3.13/site-packages/torch/nn/modules/module.py", line 1786, in _call_impl
[rank27]:     return forward_call(*args, **kwargs)
[rank27]:   File "/home/hice1/cman8/conda_env/chakra_fx/lib/python3.13/site-packages/torchtitan/models/llama3/model/model.py", line 182, in forward
[rank27]:     xq, xk = apply_rotary_emb(xq, xk, freqs_cis=freqs_cis)
[rank27]:              ~~~~~~~~~~~~~~~~^^^^^^^^^^^^^^^^^^^^^^^^^^^^^
[rank27]:   File "/home/hice1/cman8/conda_env/chakra_fx/lib/python3.13/site-packages/torchtitan/models/llama3/model/model.py", line 93, in apply_rotary_emb
[rank27]:     xq_out = torch.view_as_real(xq_ * freqs_cis).flatten(3)
[rank27]:                                 ~~~~^~~~~~~~~~~
[rank27]: torch.OutOfMemoryError: CUDA out of memory. Tried to allocate 96.00 MiB. GPU 3 has a total capacity of 79.18 GiB of which 38.38 MiB is free. Including non-PyTorch memory, this process has 79.13 GiB memory in use. Of the allocated memory 77.78 GiB is allocated by PyTorch, and 3.24 MiB is reserved by PyTorch but unallocated. If reserved but unallocated memory is large try setting PYTORCH_CUDA_ALLOC_CONF=expandable_segments:True to avoid fragmentation.  See documentation for Memory Management  (https://pytorch.org/docs/stable/notes/cuda.html#environment-variables)
[rank57]: Traceback (most recent call last):
[rank57]:   File "/storage/ice1/5/1/cman8/shared/chakra_fx/profile_fxgraph.py", line 92, in <module>
[rank57]:     profiler.run_eager_fwbw_kineto_pass()
[rank57]:     ~~~~~~~~~~~~~~~~~~~~~~~~~~~~~~~~~~~^^
[rank57]:   File "/storage/ice1/5/1/cman8/shared/chakra_fx/src/chakra_fx/profilers/model_profiler.py", line 164, in run_eager_fwbw_kineto_pass
[rank57]:     output = self.model(self.sample_input)
[rank57]:   File "/home/hice1/cman8/conda_env/chakra_fx/lib/python3.13/site-packages/torch/nn/modules/module.py", line 1775, in _wrapped_call_impl
[rank57]:     return self._call_impl(*args, **kwargs)
[rank57]:            ~~~~~~~~~~~~~~~^^^^^^^^^^^^^^^^^
[rank57]:   File "/home/hice1/cman8/conda_env/chakra_fx/lib/python3.13/site-packages/torch/nn/modules/module.py", line 1786, in _call_impl
[rank57]:     return forward_call(*args, **kwargs)
[rank57]:   File "/home/hice1/cman8/conda_env/chakra_fx/lib/python3.13/site-packages/torchtitan/models/llama3/model/model.py", line 428, in forward
[rank57]:     h = layer(h, self.freqs_cis)
[rank57]:   File "/home/hice1/cman8/conda_env/chakra_fx/lib/python3.13/site-packages/torch/nn/modules/module.py", line 1775, in _wrapped_call_impl
[rank57]:     return self._call_impl(*args, **kwargs)
[rank57]:            ~~~~~~~~~~~~~~~^^^^^^^^^^^^^^^^^
[rank57]:   File "/home/hice1/cman8/conda_env/chakra_fx/lib/python3.13/site-packages/torch/nn/modules/module.py", line 1786, in _call_impl
[rank57]:     return forward_call(*args, **kwargs)
[rank57]:   File "/home/hice1/cman8/conda_env/chakra_fx/lib/python3.13/site-packages/torchtitan/models/llama3/model/model.py", line 300, in forward
[rank57]:     h = x + self.attention(self.attention_norm(x), freqs_cis)
[rank57]:             ~~~~~~~~~~~~~~^^^^^^^^^^^^^^^^^^^^^^^^^^^^^^^^^^^
[rank57]:   File "/home/hice1/cman8/conda_env/chakra_fx/lib/python3.13/site-packages/torch/nn/modules/module.py", line 1775, in _wrapped_call_impl
[rank57]:     return self._call_impl(*args, **kwargs)
[rank57]:            ~~~~~~~~~~~~~~~^^^^^^^^^^^^^^^^^
[rank57]:   File "/home/hice1/cman8/conda_env/chakra_fx/lib/python3.13/site-packages/torch/nn/modules/module.py", line 1786, in _call_impl
[rank57]:     return forward_call(*args, **kwargs)
[rank57]:   File "/home/hice1/cman8/conda_env/chakra_fx/lib/python3.13/site-packages/torchtitan/models/llama3/model/model.py", line 182, in forward
[rank57]:     xq, xk = apply_rotary_emb(xq, xk, freqs_cis=freqs_cis)
[rank57]:              ~~~~~~~~~~~~~~~~^^^^^^^^^^^^^^^^^^^^^^^^^^^^^
[rank57]:   File "/home/hice1/cman8/conda_env/chakra_fx/lib/python3.13/site-packages/torchtitan/models/llama3/model/model.py", line 93, in apply_rotary_emb
[rank57]:     xq_out = torch.view_as_real(xq_ * freqs_cis).flatten(3)
[rank57]:                                 ~~~~^~~~~~~~~~~
[rank57]: torch.OutOfMemoryError: CUDA out of memory. Tried to allocate 96.00 MiB. GPU 1 has a total capacity of 79.18 GiB of which 38.38 MiB is free. Including non-PyTorch memory, this process has 79.13 GiB memory in use. Of the allocated memory 77.78 GiB is allocated by PyTorch, and 3.24 MiB is reserved by PyTorch but unallocated. If reserved but unallocated memory is large try setting PYTORCH_CUDA_ALLOC_CONF=expandable_segments:True to avoid fragmentation.  See documentation for Memory Management  (https://pytorch.org/docs/stable/notes/cuda.html#environment-variables)
[rank31]: Traceback (most recent call last):
[rank31]:   File "/storage/ice1/5/1/cman8/shared/chakra_fx/profile_fxgraph.py", line 92, in <module>
[rank31]:     profiler.run_eager_fwbw_kineto_pass()
[rank31]:     ~~~~~~~~~~~~~~~~~~~~~~~~~~~~~~~~~~~^^
[rank31]:   File "/storage/ice1/5/1/cman8/shared/chakra_fx/src/chakra_fx/profilers/model_profiler.py", line 164, in run_eager_fwbw_kineto_pass
[rank31]:     output = self.model(self.sample_input)
[rank31]:   File "/home/hice1/cman8/conda_env/chakra_fx/lib/python3.13/site-packages/torch/nn/modules/module.py", line 1775, in _wrapped_call_impl
[rank31]:     return self._call_impl(*args, **kwargs)
[rank31]:            ~~~~~~~~~~~~~~~^^^^^^^^^^^^^^^^^
[rank31]:   File "/home/hice1/cman8/conda_env/chakra_fx/lib/python3.13/site-packages/torch/nn/modules/module.py", line 1786, in _call_impl
[rank31]:     return forward_call(*args, **kwargs)
[rank55]: Traceback (most recent call last):
[rank55]:   File "/storage/ice1/5/1/cman8/shared/chakra_fx/profile_fxgraph.py", line 92, in <module>
[rank55]:     profiler.run_eager_fwbw_kineto_pass()
[rank55]:     ~~~~~~~~~~~~~~~~~~~~~~~~~~~~~~~~~~~^^
[rank55]:   File "/storage/ice1/5/1/cman8/shared/chakra_fx/src/chakra_fx/profilers/model_profiler.py", line 164, in run_eager_fwbw_kineto_pass
[rank55]:     output = self.model(self.sample_input)
[rank55]:   File "/home/hice1/cman8/conda_env/chakra_fx/lib/python3.13/site-packages/torch/nn/modules/module.py", line 1775, in _wrapped_call_impl
[rank55]:     return self._call_impl(*args, **kwargs)
[rank55]:            ~~~~~~~~~~~~~~~^^^^^^^^^^^^^^^^^
[rank55]:   File "/home/hice1/cman8/conda_env/chakra_fx/lib/python3.13/site-packages/torch/nn/modules/module.py", line 1786, in _call_impl
[rank55]:     return forward_call(*args, **kwargs)
[rank55]:   File "/home/hice1/cman8/conda_env/chakra_fx/lib/python3.13/site-packages/torchtitan/models/llama3/model/model.py", line 428, in forward
[rank55]:     h = layer(h, self.freqs_cis)
[rank55]:   File "/home/hice1/cman8/conda_env/chakra_fx/lib/python3.13/site-packages/torch/nn/modules/module.py", line 1775, in _wrapped_call_impl
[rank55]:     return self._call_impl(*args, **kwargs)
[rank55]:            ~~~~~~~~~~~~~~~^^^^^^^^^^^^^^^^^
[rank55]:   File "/home/hice1/cman8/conda_env/chakra_fx/lib/python3.13/site-packages/torch/nn/modules/module.py", line 1786, in _call_impl
[rank55]:     return forward_call(*args, **kwargs)
[rank55]:   File "/home/hice1/cman8/conda_env/chakra_fx/lib/python3.13/site-packages/torchtitan/models/llama3/model/model.py", line 300, in forward
[rank55]:     h = x + self.attention(self.attention_norm(x), freqs_cis)
[rank55]:             ~~~~~~~~~~~~~~^^^^^^^^^^^^^^^^^^^^^^^^^^^^^^^^^^^
[rank31]:   File "/home/hice1/cman8/conda_env/chakra_fx/lib/python3.13/site-packages/torchtitan/models/llama3/model/model.py", line 428, in forward
[rank31]:     h = layer(h, self.freqs_cis)
[rank31]:   File "/home/hice1/cman8/conda_env/chakra_fx/lib/python3.13/site-packages/torch/nn/modules/module.py", line 1775, in _wrapped_call_impl
[rank31]:     return self._call_impl(*args, **kwargs)
[rank31]:            ~~~~~~~~~~~~~~~^^^^^^^^^^^^^^^^^
[rank31]:   File "/home/hice1/cman8/conda_env/chakra_fx/lib/python3.13/site-packages/torch/nn/modules/module.py", line 1786, in _call_impl
[rank31]:     return forward_call(*args, **kwargs)
[rank31]:   File "/home/hice1/cman8/conda_env/chakra_fx/lib/python3.13/site-packages/torchtitan/models/llama3/model/model.py", line 300, in forward
[rank31]:     h = x + self.attention(self.attention_norm(x), freqs_cis)
[rank31]:             ~~~~~~~~~~~~~~^^^^^^^^^^^^^^^^^^^^^^^^^^^^^^^^^^^
[rank31]:   File "/home/hice1/cman8/conda_env/chakra_fx/lib/python3.13/site-packages/torch/nn/modules/module.py", line 1775, in _wrapped_call_impl
[rank31]:     return self._call_impl(*args, **kwargs)
[rank31]:            ~~~~~~~~~~~~~~~^^^^^^^^^^^^^^^^^
[rank31]:   File "/home/hice1/cman8/conda_env/chakra_fx/lib/python3.13/site-packages/torch/nn/modules/module.py", line 1786, in _call_impl
[rank31]:     return forward_call(*args, **kwargs)
[rank31]:   File "/home/hice1/cman8/conda_env/chakra_fx/lib/python3.13/site-packages/torchtitan/models/llama3/model/model.py", line 182, in forward
[rank31]:     xq, xk = apply_rotary_emb(xq, xk, freqs_cis=freqs_cis)
[rank31]:              ~~~~~~~~~~~~~~~~^^^^^^^^^^^^^^^^^^^^^^^^^^^^^
[rank31]:   File "/home/hice1/cman8/conda_env/chakra_fx/lib/python3.13/site-packages/torchtitan/models/llama3/model/model.py", line 93, in apply_rotary_emb
[rank31]:     xq_out = torch.view_as_real(xq_ * freqs_cis).flatten(3)
[rank31]:                                 ~~~~^~~~~~~~~~~
[rank55]:   File "/home/hice1/cman8/conda_env/chakra_fx/lib/python3.13/site-packages/torch/nn/modules/module.py", line 1775, in _wrapped_call_impl
[rank55]:     return self._call_impl(*args, **kwargs)
[rank55]:            ~~~~~~~~~~~~~~~^^^^^^^^^^^^^^^^^
[rank55]:   File "/home/hice1/cman8/conda_env/chakra_fx/lib/python3.13/site-packages/torch/nn/modules/module.py", line 1786, in _call_impl
[rank55]:     return forward_call(*args, **kwargs)
[rank55]:   File "/home/hice1/cman8/conda_env/chakra_fx/lib/python3.13/site-packages/torchtitan/models/llama3/model/model.py", line 182, in forward
[rank55]:     xq, xk = apply_rotary_emb(xq, xk, freqs_cis=freqs_cis)
[rank55]:              ~~~~~~~~~~~~~~~~^^^^^^^^^^^^^^^^^^^^^^^^^^^^^
[rank55]:   File "/home/hice1/cman8/conda_env/chakra_fx/lib/python3.13/site-packages/torchtitan/models/llama3/model/model.py", line 93, in apply_rotary_emb
[rank55]:     xq_out = torch.view_as_real(xq_ * freqs_cis).flatten(3)
[rank55]:                                 ~~~~^~~~~~~~~~~
[rank31]: torch.OutOfMemoryError: CUDA out of memory. Tried to allocate 96.00 MiB. GPU 7 has a total capacity of 79.18 GiB of which 38.38 MiB is free. Including non-PyTorch memory, this process has 79.13 GiB memory in use. Of the allocated memory 77.78 GiB is allocated by PyTorch, and 3.24 MiB is reserved by PyTorch but unallocated. If reserved but unallocated memory is large try setting PYTORCH_CUDA_ALLOC_CONF=expandable_segments:True to avoid fragmentation.  See documentation for Memory Management  (https://pytorch.org/docs/stable/notes/cuda.html#environment-variables)
[rank55]: torch.OutOfMemoryError: CUDA out of memory. Tried to allocate 96.00 MiB. GPU 7 has a total capacity of 79.18 GiB of which 38.38 MiB is free. Including non-PyTorch memory, this process has 79.13 GiB memory in use. Of the allocated memory 77.78 GiB is allocated by PyTorch, and 3.24 MiB is reserved by PyTorch but unallocated. If reserved but unallocated memory is large try setting PYTORCH_CUDA_ALLOC_CONF=expandable_segments:True to avoid fragmentation.  See documentation for Memory Management  (https://pytorch.org/docs/stable/notes/cuda.html#environment-variables)
[rank38]: Traceback (most recent call last):
[rank38]:   File "/storage/ice1/5/1/cman8/shared/chakra_fx/profile_fxgraph.py", line 92, in <module>
[rank38]:     profiler.run_eager_fwbw_kineto_pass()
[rank38]:     ~~~~~~~~~~~~~~~~~~~~~~~~~~~~~~~~~~~^^
[rank38]:   File "/storage/ice1/5/1/cman8/shared/chakra_fx/src/chakra_fx/profilers/model_profiler.py", line 164, in run_eager_fwbw_kineto_pass
[rank38]:     output = self.model(self.sample_input)
[rank38]:   File "/home/hice1/cman8/conda_env/chakra_fx/lib/python3.13/site-packages/torch/nn/modules/module.py", line 1775, in _wrapped_call_impl
[rank38]:     return self._call_impl(*args, **kwargs)
[rank38]:            ~~~~~~~~~~~~~~~^^^^^^^^^^^^^^^^^
[rank38]:   File "/home/hice1/cman8/conda_env/chakra_fx/lib/python3.13/site-packages/torch/nn/modules/module.py", line 1786, in _call_impl
[rank38]:     return forward_call(*args, **kwargs)
[rank38]:   File "/home/hice1/cman8/conda_env/chakra_fx/lib/python3.13/site-packages/torchtitan/models/llama3/model/model.py", line 428, in forward
[rank38]:     h = layer(h, self.freqs_cis)
[rank38]:   File "/home/hice1/cman8/conda_env/chakra_fx/lib/python3.13/site-packages/torch/nn/modules/module.py", line 1775, in _wrapped_call_impl
[rank38]:     return self._call_impl(*args, **kwargs)
[rank38]:            ~~~~~~~~~~~~~~~^^^^^^^^^^^^^^^^^
[rank38]:   File "/home/hice1/cman8/conda_env/chakra_fx/lib/python3.13/site-packages/torch/nn/modules/module.py", line 1786, in _call_impl
[rank38]:     return forward_call(*args, **kwargs)
[rank38]:   File "/home/hice1/cman8/conda_env/chakra_fx/lib/python3.13/site-packages/torchtitan/models/llama3/model/model.py", line 300, in forward
[rank38]:     h = x + self.attention(self.attention_norm(x), freqs_cis)
[rank38]:             ~~~~~~~~~~~~~~^^^^^^^^^^^^^^^^^^^^^^^^^^^^^^^^^^^
[rank38]:   File "/home/hice1/cman8/conda_env/chakra_fx/lib/python3.13/site-packages/torch/nn/modules/module.py", line 1775, in _wrapped_call_impl
[rank38]:     return self._call_impl(*args, **kwargs)
[rank38]:            ~~~~~~~~~~~~~~~^^^^^^^^^^^^^^^^^
[rank38]:   File "/home/hice1/cman8/conda_env/chakra_fx/lib/python3.13/site-packages/torch/nn/modules/module.py", line 1786, in _call_impl
[rank38]:     return forward_call(*args, **kwargs)
[rank38]:   File "/home/hice1/cman8/conda_env/chakra_fx/lib/python3.13/site-packages/torchtitan/models/llama3/model/model.py", line 182, in forward
[rank38]:     xq, xk = apply_rotary_emb(xq, xk, freqs_cis=freqs_cis)
[rank38]:              ~~~~~~~~~~~~~~~~^^^^^^^^^^^^^^^^^^^^^^^^^^^^^
[rank38]:   File "/home/hice1/cman8/conda_env/chakra_fx/lib/python3.13/site-packages/torchtitan/models/llama3/model/model.py", line 93, in apply_rotary_emb
[rank38]:     xq_out = torch.view_as_real(xq_ * freqs_cis).flatten(3)
[rank38]:                                 ~~~~^~~~~~~~~~~
[rank38]: torch.OutOfMemoryError: CUDA out of memory. Tried to allocate 96.00 MiB. GPU 6 has a total capacity of 79.18 GiB of which 38.38 MiB is free. Including non-PyTorch memory, this process has 79.13 GiB memory in use. Of the allocated memory 77.78 GiB is allocated by PyTorch, and 3.24 MiB is reserved by PyTorch but unallocated. If reserved but unallocated memory is large try setting PYTORCH_CUDA_ALLOC_CONF=expandable_segments:True to avoid fragmentation.  See documentation for Memory Management  (https://pytorch.org/docs/stable/notes/cuda.html#environment-variables)
[rank49]: Traceback (most recent call last):
[rank49]:   File "/storage/ice1/5/1/cman8/shared/chakra_fx/profile_fxgraph.py", line 92, in <module>
[rank49]:     profiler.run_eager_fwbw_kineto_pass()
[rank49]:     ~~~~~~~~~~~~~~~~~~~~~~~~~~~~~~~~~~~^^
[rank49]:   File "/storage/ice1/5/1/cman8/shared/chakra_fx/src/chakra_fx/profilers/model_profiler.py", line 164, in run_eager_fwbw_kineto_pass
[rank49]:     output = self.model(self.sample_input)
[rank49]:   File "/home/hice1/cman8/conda_env/chakra_fx/lib/python3.13/site-packages/torch/nn/modules/module.py", line 1775, in _wrapped_call_impl
[rank49]:     return self._call_impl(*args, **kwargs)
[rank49]:            ~~~~~~~~~~~~~~~^^^^^^^^^^^^^^^^^
[rank49]:   File "/home/hice1/cman8/conda_env/chakra_fx/lib/python3.13/site-packages/torch/nn/modules/module.py", line 1786, in _call_impl
[rank49]:     return forward_call(*args, **kwargs)
[rank49]:   File "/home/hice1/cman8/conda_env/chakra_fx/lib/python3.13/site-packages/torchtitan/models/llama3/model/model.py", line 428, in forward
[rank49]:     h = layer(h, self.freqs_cis)
[rank49]:   File "/home/hice1/cman8/conda_env/chakra_fx/lib/python3.13/site-packages/torch/nn/modules/module.py", line 1775, in _wrapped_call_impl
[rank49]:     return self._call_impl(*args, **kwargs)
[rank49]:            ~~~~~~~~~~~~~~~^^^^^^^^^^^^^^^^^
[rank49]:   File "/home/hice1/cman8/conda_env/chakra_fx/lib/python3.13/site-packages/torch/nn/modules/module.py", line 1786, in _call_impl
[rank49]:     return forward_call(*args, **kwargs)
[rank49]:   File "/home/hice1/cman8/conda_env/chakra_fx/lib/python3.13/site-packages/torchtitan/models/llama3/model/model.py", line 300, in forward
[rank49]:     h = x + self.attention(self.attention_norm(x), freqs_cis)
[rank49]:             ~~~~~~~~~~~~~~^^^^^^^^^^^^^^^^^^^^^^^^^^^^^^^^^^^
[rank49]:   File "/home/hice1/cman8/conda_env/chakra_fx/lib/python3.13/site-packages/torch/nn/modules/module.py", line 1775, in _wrapped_call_impl
[rank49]:     return self._call_impl(*args, **kwargs)
[rank49]:            ~~~~~~~~~~~~~~~^^^^^^^^^^^^^^^^^
[rank49]:   File "/home/hice1/cman8/conda_env/chakra_fx/lib/python3.13/site-packages/torch/nn/modules/module.py", line 1786, in _call_impl
[rank49]:     return forward_call(*args, **kwargs)
[rank49]:   File "/home/hice1/cman8/conda_env/chakra_fx/lib/python3.13/site-packages/torchtitan/models/llama3/model/model.py", line 182, in forward
[rank49]:     xq, xk = apply_rotary_emb(xq, xk, freqs_cis=freqs_cis)
[rank49]:              ~~~~~~~~~~~~~~~~^^^^^^^^^^^^^^^^^^^^^^^^^^^^^
[rank49]:   File "/home/hice1/cman8/conda_env/chakra_fx/lib/python3.13/site-packages/torchtitan/models/llama3/model/model.py", line 93, in apply_rotary_emb
[rank49]:     xq_out = torch.view_as_real(xq_ * freqs_cis).flatten(3)
[rank49]:                                 ~~~~^~~~~~~~~~~
[rank49]: torch.OutOfMemoryError: CUDA out of memory. Tried to allocate 96.00 MiB. GPU 1 has a total capacity of 79.18 GiB of which 38.38 MiB is free. Including non-PyTorch memory, this process has 79.13 GiB memory in use. Of the allocated memory 77.78 GiB is allocated by PyTorch, and 3.24 MiB is reserved by PyTorch but unallocated. If reserved but unallocated memory is large try setting PYTORCH_CUDA_ALLOC_CONF=expandable_segments:True to avoid fragmentation.  See documentation for Memory Management  (https://pytorch.org/docs/stable/notes/cuda.html#environment-variables)
[rank25]: Traceback (most recent call last):
[rank25]:   File "/storage/ice1/5/1/cman8/shared/chakra_fx/profile_fxgraph.py", line 92, in <module>
[rank25]:     profiler.run_eager_fwbw_kineto_pass()
[rank25]:     ~~~~~~~~~~~~~~~~~~~~~~~~~~~~~~~~~~~^^
[rank25]:   File "/storage/ice1/5/1/cman8/shared/chakra_fx/src/chakra_fx/profilers/model_profiler.py", line 164, in run_eager_fwbw_kineto_pass
[rank25]:     output = self.model(self.sample_input)
[rank25]:   File "/home/hice1/cman8/conda_env/chakra_fx/lib/python3.13/site-packages/torch/nn/modules/module.py", line 1775, in _wrapped_call_impl
[rank25]:     return self._call_impl(*args, **kwargs)
[rank25]:            ~~~~~~~~~~~~~~~^^^^^^^^^^^^^^^^^
[rank25]:   File "/home/hice1/cman8/conda_env/chakra_fx/lib/python3.13/site-packages/torch/nn/modules/module.py", line 1786, in _call_impl
[rank25]:     return forward_call(*args, **kwargs)
[rank25]:   File "/home/hice1/cman8/conda_env/chakra_fx/lib/python3.13/site-packages/torchtitan/models/llama3/model/model.py", line 428, in forward
[rank25]:     h = layer(h, self.freqs_cis)
[rank25]:   File "/home/hice1/cman8/conda_env/chakra_fx/lib/python3.13/site-packages/torch/nn/modules/module.py", line 1775, in _wrapped_call_impl
[rank25]:     return self._call_impl(*args, **kwargs)
[rank25]:            ~~~~~~~~~~~~~~~^^^^^^^^^^^^^^^^^
[rank25]:   File "/home/hice1/cman8/conda_env/chakra_fx/lib/python3.13/site-packages/torch/nn/modules/module.py", line 1786, in _call_impl
[rank25]:     return forward_call(*args, **kwargs)
[rank25]:   File "/home/hice1/cman8/conda_env/chakra_fx/lib/python3.13/site-packages/torchtitan/models/llama3/model/model.py", line 300, in forward
[rank25]:     h = x + self.attention(self.attention_norm(x), freqs_cis)
[rank25]:             ~~~~~~~~~~~~~~^^^^^^^^^^^^^^^^^^^^^^^^^^^^^^^^^^^
[rank25]:   File "/home/hice1/cman8/conda_env/chakra_fx/lib/python3.13/site-packages/torch/nn/modules/module.py", line 1775, in _wrapped_call_impl
[rank25]:     return self._call_impl(*args, **kwargs)
[rank25]:            ~~~~~~~~~~~~~~~^^^^^^^^^^^^^^^^^
[rank25]:   File "/home/hice1/cman8/conda_env/chakra_fx/lib/python3.13/site-packages/torch/nn/modules/module.py", line 1786, in _call_impl
[rank25]:     return forward_call(*args, **kwargs)
[rank25]:   File "/home/hice1/cman8/conda_env/chakra_fx/lib/python3.13/site-packages/torchtitan/models/llama3/model/model.py", line 182, in forward
[rank25]:     xq, xk = apply_rotary_emb(xq, xk, freqs_cis=freqs_cis)
[rank25]:              ~~~~~~~~~~~~~~~~^^^^^^^^^^^^^^^^^^^^^^^^^^^^^
[rank25]:   File "/home/hice1/cman8/conda_env/chakra_fx/lib/python3.13/site-packages/torchtitan/models/llama3/model/model.py", line 93, in apply_rotary_emb
[rank25]:     xq_out = torch.view_as_real(xq_ * freqs_cis).flatten(3)
[rank25]:                                 ~~~~^~~~~~~~~~~
[rank25]: torch.OutOfMemoryError: CUDA out of memory. Tried to allocate 96.00 MiB. GPU 1 has a total capacity of 79.18 GiB of which 38.38 MiB is free. Including non-PyTorch memory, this process has 79.13 GiB memory in use. Of the allocated memory 77.78 GiB is allocated by PyTorch, and 3.24 MiB is reserved by PyTorch but unallocated. If reserved but unallocated memory is large try setting PYTORCH_CUDA_ALLOC_CONF=expandable_segments:True to avoid fragmentation.  See documentation for Memory Management  (https://pytorch.org/docs/stable/notes/cuda.html#environment-variables)
[rank39]: Traceback (most recent call last):
[rank39]:   File "/storage/ice1/5/1/cman8/shared/chakra_fx/profile_fxgraph.py", line 92, in <module>
[rank39]:     profiler.run_eager_fwbw_kineto_pass()
[rank39]:     ~~~~~~~~~~~~~~~~~~~~~~~~~~~~~~~~~~~^^
[rank39]:   File "/storage/ice1/5/1/cman8/shared/chakra_fx/src/chakra_fx/profilers/model_profiler.py", line 164, in run_eager_fwbw_kineto_pass
[rank39]:     output = self.model(self.sample_input)
[rank39]:   File "/home/hice1/cman8/conda_env/chakra_fx/lib/python3.13/site-packages/torch/nn/modules/module.py", line 1775, in _wrapped_call_impl
[rank39]:     return self._call_impl(*args, **kwargs)
[rank39]:            ~~~~~~~~~~~~~~~^^^^^^^^^^^^^^^^^
[rank39]:   File "/home/hice1/cman8/conda_env/chakra_fx/lib/python3.13/site-packages/torch/nn/modules/module.py", line 1786, in _call_impl
[rank39]:     return forward_call(*args, **kwargs)
[rank39]:   File "/home/hice1/cman8/conda_env/chakra_fx/lib/python3.13/site-packages/torchtitan/models/llama3/model/model.py", line 428, in forward
[rank39]:     h = layer(h, self.freqs_cis)
[rank39]:   File "/home/hice1/cman8/conda_env/chakra_fx/lib/python3.13/site-packages/torch/nn/modules/module.py", line 1775, in _wrapped_call_impl
[rank39]:     return self._call_impl(*args, **kwargs)
[rank39]:            ~~~~~~~~~~~~~~~^^^^^^^^^^^^^^^^^
[rank39]:   File "/home/hice1/cman8/conda_env/chakra_fx/lib/python3.13/site-packages/torch/nn/modules/module.py", line 1786, in _call_impl
[rank39]:     return forward_call(*args, **kwargs)
[rank39]:   File "/home/hice1/cman8/conda_env/chakra_fx/lib/python3.13/site-packages/torchtitan/models/llama3/model/model.py", line 300, in forward
[rank39]:     h = x + self.attention(self.attention_norm(x), freqs_cis)
[rank39]:             ~~~~~~~~~~~~~~^^^^^^^^^^^^^^^^^^^^^^^^^^^^^^^^^^^
[rank39]:   File "/home/hice1/cman8/conda_env/chakra_fx/lib/python3.13/site-packages/torch/nn/modules/module.py", line 1775, in _wrapped_call_impl
[rank39]:     return self._call_impl(*args, **kwargs)
[rank39]:            ~~~~~~~~~~~~~~~^^^^^^^^^^^^^^^^^
[rank39]:   File "/home/hice1/cman8/conda_env/chakra_fx/lib/python3.13/site-packages/torch/nn/modules/module.py", line 1786, in _call_impl
[rank39]:     return forward_call(*args, **kwargs)
[rank39]:   File "/home/hice1/cman8/conda_env/chakra_fx/lib/python3.13/site-packages/torchtitan/models/llama3/model/model.py", line 182, in forward
[rank39]:     xq, xk = apply_rotary_emb(xq, xk, freqs_cis=freqs_cis)
[rank39]:              ~~~~~~~~~~~~~~~~^^^^^^^^^^^^^^^^^^^^^^^^^^^^^
[rank39]:   File "/home/hice1/cman8/conda_env/chakra_fx/lib/python3.13/site-packages/torchtitan/models/llama3/model/model.py", line 93, in apply_rotary_emb
[rank39]:     xq_out = torch.view_as_real(xq_ * freqs_cis).flatten(3)
[rank39]:                                 ~~~~^~~~~~~~~~~
[rank39]: torch.OutOfMemoryError: CUDA out of memory. Tried to allocate 96.00 MiB. GPU 7 has a total capacity of 79.18 GiB of which 38.38 MiB is free. Including non-PyTorch memory, this process has 79.13 GiB memory in use. Of the allocated memory 77.78 GiB is allocated by PyTorch, and 3.24 MiB is reserved by PyTorch but unallocated. If reserved but unallocated memory is large try setting PYTORCH_CUDA_ALLOC_CONF=expandable_segments:True to avoid fragmentation.  See documentation for Memory Management  (https://pytorch.org/docs/stable/notes/cuda.html#environment-variables)
[rank29]: Traceback (most recent call last):
[rank29]:   File "/storage/ice1/5/1/cman8/shared/chakra_fx/profile_fxgraph.py", line 92, in <module>
[rank29]:     profiler.run_eager_fwbw_kineto_pass()
[rank29]:     ~~~~~~~~~~~~~~~~~~~~~~~~~~~~~~~~~~~^^
[rank29]:   File "/storage/ice1/5/1/cman8/shared/chakra_fx/src/chakra_fx/profilers/model_profiler.py", line 164, in run_eager_fwbw_kineto_pass
[rank29]:     output = self.model(self.sample_input)
[rank29]:   File "/home/hice1/cman8/conda_env/chakra_fx/lib/python3.13/site-packages/torch/nn/modules/module.py", line 1775, in _wrapped_call_impl
[rank29]:     return self._call_impl(*args, **kwargs)
[rank29]:            ~~~~~~~~~~~~~~~^^^^^^^^^^^^^^^^^
[rank29]:   File "/home/hice1/cman8/conda_env/chakra_fx/lib/python3.13/site-packages/torch/nn/modules/module.py", line 1786, in _call_impl
[rank29]:     return forward_call(*args, **kwargs)
[rank29]:   File "/home/hice1/cman8/conda_env/chakra_fx/lib/python3.13/site-packages/torchtitan/models/llama3/model/model.py", line 428, in forward
[rank29]:     h = layer(h, self.freqs_cis)
[rank29]:   File "/home/hice1/cman8/conda_env/chakra_fx/lib/python3.13/site-packages/torch/nn/modules/module.py", line 1775, in _wrapped_call_impl
[rank29]:     return self._call_impl(*args, **kwargs)
[rank29]:            ~~~~~~~~~~~~~~~^^^^^^^^^^^^^^^^^
[rank29]:   File "/home/hice1/cman8/conda_env/chakra_fx/lib/python3.13/site-packages/torch/nn/modules/module.py", line 1786, in _call_impl
[rank29]:     return forward_call(*args, **kwargs)
[rank29]:   File "/home/hice1/cman8/conda_env/chakra_fx/lib/python3.13/site-packages/torchtitan/models/llama3/model/model.py", line 300, in forward
[rank29]:     h = x + self.attention(self.attention_norm(x), freqs_cis)
[rank29]:             ~~~~~~~~~~~~~~^^^^^^^^^^^^^^^^^^^^^^^^^^^^^^^^^^^
[rank29]:   File "/home/hice1/cman8/conda_env/chakra_fx/lib/python3.13/site-packages/torch/nn/modules/module.py", line 1775, in _wrapped_call_impl
[rank29]:     return self._call_impl(*args, **kwargs)
[rank29]:            ~~~~~~~~~~~~~~~^^^^^^^^^^^^^^^^^
[rank29]:   File "/home/hice1/cman8/conda_env/chakra_fx/lib/python3.13/site-packages/torch/nn/modules/module.py", line 1786, in _call_impl
[rank29]:     return forward_call(*args, **kwargs)
[rank29]:   File "/home/hice1/cman8/conda_env/chakra_fx/lib/python3.13/site-packages/torchtitan/models/llama3/model/model.py", line 182, in forward
[rank29]:     xq, xk = apply_rotary_emb(xq, xk, freqs_cis=freqs_cis)
[rank29]:              ~~~~~~~~~~~~~~~~^^^^^^^^^^^^^^^^^^^^^^^^^^^^^
[rank29]:   File "/home/hice1/cman8/conda_env/chakra_fx/lib/python3.13/site-packages/torchtitan/models/llama3/model/model.py", line 93, in apply_rotary_emb
[rank29]:     xq_out = torch.view_as_real(xq_ * freqs_cis).flatten(3)
[rank29]:                                 ~~~~^~~~~~~~~~~
[rank29]: torch.OutOfMemoryError: CUDA out of memory. Tried to allocate 96.00 MiB. GPU 5 has a total capacity of 79.18 GiB of which 70.38 MiB is free. Including non-PyTorch memory, this process has 79.10 GiB memory in use. Of the allocated memory 77.78 GiB is allocated by PyTorch, and 3.24 MiB is reserved by PyTorch but unallocated. If reserved but unallocated memory is large try setting PYTORCH_CUDA_ALLOC_CONF=expandable_segments:True to avoid fragmentation.  See documentation for Memory Management  (https://pytorch.org/docs/stable/notes/cuda.html#environment-variables)
[rank33]: Traceback (most recent call last):
[rank33]:   File "/storage/ice1/5/1/cman8/shared/chakra_fx/profile_fxgraph.py", line 92, in <module>
[rank33]:     profiler.run_eager_fwbw_kineto_pass()
[rank33]:     ~~~~~~~~~~~~~~~~~~~~~~~~~~~~~~~~~~~^^
[rank33]:   File "/storage/ice1/5/1/cman8/shared/chakra_fx/src/chakra_fx/profilers/model_profiler.py", line 164, in run_eager_fwbw_kineto_pass
[rank33]:     output = self.model(self.sample_input)
[rank33]:   File "/home/hice1/cman8/conda_env/chakra_fx/lib/python3.13/site-packages/torch/nn/modules/module.py", line 1775, in _wrapped_call_impl
[rank33]:     return self._call_impl(*args, **kwargs)
[rank33]:            ~~~~~~~~~~~~~~~^^^^^^^^^^^^^^^^^
[rank33]:   File "/home/hice1/cman8/conda_env/chakra_fx/lib/python3.13/site-packages/torch/nn/modules/module.py", line 1786, in _call_impl
[rank33]:     return forward_call(*args, **kwargs)
[rank33]:   File "/home/hice1/cman8/conda_env/chakra_fx/lib/python3.13/site-packages/torchtitan/models/llama3/model/model.py", line 428, in forward
[rank33]:     h = layer(h, self.freqs_cis)
[rank33]:   File "/home/hice1/cman8/conda_env/chakra_fx/lib/python3.13/site-packages/torch/nn/modules/module.py", line 1775, in _wrapped_call_impl
[rank33]:     return self._call_impl(*args, **kwargs)
[rank33]:            ~~~~~~~~~~~~~~~^^^^^^^^^^^^^^^^^
[rank33]:   File "/home/hice1/cman8/conda_env/chakra_fx/lib/python3.13/site-packages/torch/nn/modules/module.py", line 1786, in _call_impl
[rank33]:     return forward_call(*args, **kwargs)
[rank33]:   File "/home/hice1/cman8/conda_env/chakra_fx/lib/python3.13/site-packages/torchtitan/models/llama3/model/model.py", line 300, in forward
[rank33]:     h = x + self.attention(self.attention_norm(x), freqs_cis)
[rank33]:             ~~~~~~~~~~~~~~^^^^^^^^^^^^^^^^^^^^^^^^^^^^^^^^^^^
[rank33]:   File "/home/hice1/cman8/conda_env/chakra_fx/lib/python3.13/site-packages/torch/nn/modules/module.py", line 1775, in _wrapped_call_impl
[rank33]:     return self._call_impl(*args, **kwargs)
[rank33]:            ~~~~~~~~~~~~~~~^^^^^^^^^^^^^^^^^
[rank33]:   File "/home/hice1/cman8/conda_env/chakra_fx/lib/python3.13/site-packages/torch/nn/modules/module.py", line 1786, in _call_impl
[rank33]:     return forward_call(*args, **kwargs)
[rank33]:   File "/home/hice1/cman8/conda_env/chakra_fx/lib/python3.13/site-packages/torchtitan/models/llama3/model/model.py", line 182, in forward
[rank33]:     xq, xk = apply_rotary_emb(xq, xk, freqs_cis=freqs_cis)
[rank33]:              ~~~~~~~~~~~~~~~~^^^^^^^^^^^^^^^^^^^^^^^^^^^^^
[rank33]:   File "/home/hice1/cman8/conda_env/chakra_fx/lib/python3.13/site-packages/torchtitan/models/llama3/model/model.py", line 93, in apply_rotary_emb
[rank33]:     xq_out = torch.view_as_real(xq_ * freqs_cis).flatten(3)
[rank33]:                                 ~~~~^~~~~~~~~~~
[rank33]: torch.OutOfMemoryError: CUDA out of memory. Tried to allocate 96.00 MiB. GPU 1 has a total capacity of 79.18 GiB of which 38.38 MiB is free. Including non-PyTorch memory, this process has 79.13 GiB memory in use. Of the allocated memory 77.78 GiB is allocated by PyTorch, and 3.24 MiB is reserved by PyTorch but unallocated. If reserved but unallocated memory is large try setting PYTORCH_CUDA_ALLOC_CONF=expandable_segments:True to avoid fragmentation.  See documentation for Memory Management  (https://pytorch.org/docs/stable/notes/cuda.html#environment-variables)
[rank59]: Traceback (most recent call last):
[rank59]:   File "/storage/ice1/5/1/cman8/shared/chakra_fx/profile_fxgraph.py", line 92, in <module>
[rank59]:     profiler.run_eager_fwbw_kineto_pass()
[rank59]:     ~~~~~~~~~~~~~~~~~~~~~~~~~~~~~~~~~~~^^
[rank59]:   File "/storage/ice1/5/1/cman8/shared/chakra_fx/src/chakra_fx/profilers/model_profiler.py", line 164, in run_eager_fwbw_kineto_pass
[rank59]:     output = self.model(self.sample_input)
[rank59]:   File "/home/hice1/cman8/conda_env/chakra_fx/lib/python3.13/site-packages/torch/nn/modules/module.py", line 1775, in _wrapped_call_impl
[rank59]:     return self._call_impl(*args, **kwargs)
[rank59]:            ~~~~~~~~~~~~~~~^^^^^^^^^^^^^^^^^
[rank59]:   File "/home/hice1/cman8/conda_env/chakra_fx/lib/python3.13/site-packages/torch/nn/modules/module.py", line 1786, in _call_impl
[rank59]:     return forward_call(*args, **kwargs)
[rank59]:   File "/home/hice1/cman8/conda_env/chakra_fx/lib/python3.13/site-packages/torchtitan/models/llama3/model/model.py", line 428, in forward
[rank59]:     h = layer(h, self.freqs_cis)
[rank59]:   File "/home/hice1/cman8/conda_env/chakra_fx/lib/python3.13/site-packages/torch/nn/modules/module.py", line 1775, in _wrapped_call_impl
[rank59]:     return self._call_impl(*args, **kwargs)
[rank59]:            ~~~~~~~~~~~~~~~^^^^^^^^^^^^^^^^^
[rank59]:   File "/home/hice1/cman8/conda_env/chakra_fx/lib/python3.13/site-packages/torch/nn/modules/module.py", line 1786, in _call_impl
[rank59]:     return forward_call(*args, **kwargs)
[rank59]:   File "/home/hice1/cman8/conda_env/chakra_fx/lib/python3.13/site-packages/torchtitan/models/llama3/model/model.py", line 300, in forward
[rank59]:     h = x + self.attention(self.attention_norm(x), freqs_cis)
[rank59]:             ~~~~~~~~~~~~~~^^^^^^^^^^^^^^^^^^^^^^^^^^^^^^^^^^^
[rank59]:   File "/home/hice1/cman8/conda_env/chakra_fx/lib/python3.13/site-packages/torch/nn/modules/module.py", line 1775, in _wrapped_call_impl
[rank59]:     return self._call_impl(*args, **kwargs)
[rank59]:            ~~~~~~~~~~~~~~~^^^^^^^^^^^^^^^^^
[rank59]:   File "/home/hice1/cman8/conda_env/chakra_fx/lib/python3.13/site-packages/torch/nn/modules/module.py", line 1786, in _call_impl
[rank59]:     return forward_call(*args, **kwargs)
[rank59]:   File "/home/hice1/cman8/conda_env/chakra_fx/lib/python3.13/site-packages/torchtitan/models/llama3/model/model.py", line 182, in forward
[rank59]:     xq, xk = apply_rotary_emb(xq, xk, freqs_cis=freqs_cis)
[rank59]:              ~~~~~~~~~~~~~~~~^^^^^^^^^^^^^^^^^^^^^^^^^^^^^
[rank59]:   File "/home/hice1/cman8/conda_env/chakra_fx/lib/python3.13/site-packages/torchtitan/models/llama3/model/model.py", line 93, in apply_rotary_emb
[rank59]:     xq_out = torch.view_as_real(xq_ * freqs_cis).flatten(3)
[rank59]:                                 ~~~~^~~~~~~~~~~
[rank37]: Traceback (most recent call last):
[rank37]:   File "/storage/ice1/5/1/cman8/shared/chakra_fx/profile_fxgraph.py", line 92, in <module>
[rank37]:     profiler.run_eager_fwbw_kineto_pass()
[rank37]:     ~~~~~~~~~~~~~~~~~~~~~~~~~~~~~~~~~~~^^
[rank37]:   File "/storage/ice1/5/1/cman8/shared/chakra_fx/src/chakra_fx/profilers/model_profiler.py", line 164, in run_eager_fwbw_kineto_pass
[rank37]:     output = self.model(self.sample_input)
[rank37]:   File "/home/hice1/cman8/conda_env/chakra_fx/lib/python3.13/site-packages/torch/nn/modules/module.py", line 1775, in _wrapped_call_impl
[rank37]:     return self._call_impl(*args, **kwargs)
[rank37]:            ~~~~~~~~~~~~~~~^^^^^^^^^^^^^^^^^
[rank37]:   File "/home/hice1/cman8/conda_env/chakra_fx/lib/python3.13/site-packages/torch/nn/modules/module.py", line 1786, in _call_impl
[rank37]:     return forward_call(*args, **kwargs)
[rank59]: torch.OutOfMemoryError: CUDA out of memory. Tried to allocate 96.00 MiB. GPU 3 has a total capacity of 79.18 GiB of which 38.38 MiB is free. Including non-PyTorch memory, this process has 79.13 GiB memory in use. Of the allocated memory 77.78 GiB is allocated by PyTorch, and 3.24 MiB is reserved by PyTorch but unallocated. If reserved but unallocated memory is large try setting PYTORCH_CUDA_ALLOC_CONF=expandable_segments:True to avoid fragmentation.  See documentation for Memory Management  (https://pytorch.org/docs/stable/notes/cuda.html#environment-variables)
[rank37]:   File "/home/hice1/cman8/conda_env/chakra_fx/lib/python3.13/site-packages/torchtitan/models/llama3/model/model.py", line 428, in forward
[rank37]:     h = layer(h, self.freqs_cis)
[rank37]:   File "/home/hice1/cman8/conda_env/chakra_fx/lib/python3.13/site-packages/torch/nn/modules/module.py", line 1775, in _wrapped_call_impl
[rank37]:     return self._call_impl(*args, **kwargs)
[rank37]:            ~~~~~~~~~~~~~~~^^^^^^^^^^^^^^^^^
[rank37]:   File "/home/hice1/cman8/conda_env/chakra_fx/lib/python3.13/site-packages/torch/nn/modules/module.py", line 1786, in _call_impl
[rank37]:     return forward_call(*args, **kwargs)
[rank37]:   File "/home/hice1/cman8/conda_env/chakra_fx/lib/python3.13/site-packages/torchtitan/models/llama3/model/model.py", line 300, in forward
[rank37]:     h = x + self.attention(self.attention_norm(x), freqs_cis)
[rank37]:             ~~~~~~~~~~~~~~^^^^^^^^^^^^^^^^^^^^^^^^^^^^^^^^^^^
[rank37]:   File "/home/hice1/cman8/conda_env/chakra_fx/lib/python3.13/site-packages/torch/nn/modules/module.py", line 1775, in _wrapped_call_impl
[rank37]:     return self._call_impl(*args, **kwargs)
[rank37]:            ~~~~~~~~~~~~~~~^^^^^^^^^^^^^^^^^
[rank37]:   File "/home/hice1/cman8/conda_env/chakra_fx/lib/python3.13/site-packages/torch/nn/modules/module.py", line 1786, in _call_impl
[rank37]:     return forward_call(*args, **kwargs)
[rank37]:   File "/home/hice1/cman8/conda_env/chakra_fx/lib/python3.13/site-packages/torchtitan/models/llama3/model/model.py", line 182, in forward
[rank37]:     xq, xk = apply_rotary_emb(xq, xk, freqs_cis=freqs_cis)
[rank37]:              ~~~~~~~~~~~~~~~~^^^^^^^^^^^^^^^^^^^^^^^^^^^^^
[rank37]:   File "/home/hice1/cman8/conda_env/chakra_fx/lib/python3.13/site-packages/torchtitan/models/llama3/model/model.py", line 93, in apply_rotary_emb
[rank37]:     xq_out = torch.view_as_real(xq_ * freqs_cis).flatten(3)
[rank37]:                                 ~~~~^~~~~~~~~~~
[rank45]: Traceback (most recent call last):
[rank45]:   File "/storage/ice1/5/1/cman8/shared/chakra_fx/profile_fxgraph.py", line 92, in <module>
[rank45]:     profiler.run_eager_fwbw_kineto_pass()
[rank45]:     ~~~~~~~~~~~~~~~~~~~~~~~~~~~~~~~~~~~^^
[rank45]:   File "/storage/ice1/5/1/cman8/shared/chakra_fx/src/chakra_fx/profilers/model_profiler.py", line 164, in run_eager_fwbw_kineto_pass
[rank45]:     output = self.model(self.sample_input)
[rank45]:   File "/home/hice1/cman8/conda_env/chakra_fx/lib/python3.13/site-packages/torch/nn/modules/module.py", line 1775, in _wrapped_call_impl
[rank45]:     return self._call_impl(*args, **kwargs)
[rank45]:            ~~~~~~~~~~~~~~~^^^^^^^^^^^^^^^^^
[rank45]:   File "/home/hice1/cman8/conda_env/chakra_fx/lib/python3.13/site-packages/torch/nn/modules/module.py", line 1786, in _call_impl
[rank45]:     return forward_call(*args, **kwargs)
[rank37]: torch.OutOfMemoryError: CUDA out of memory. Tried to allocate 96.00 MiB. GPU 5 has a total capacity of 79.18 GiB of which 70.38 MiB is free. Including non-PyTorch memory, this process has 79.10 GiB memory in use. Of the allocated memory 77.78 GiB is allocated by PyTorch, and 3.24 MiB is reserved by PyTorch but unallocated. If reserved but unallocated memory is large try setting PYTORCH_CUDA_ALLOC_CONF=expandable_segments:True to avoid fragmentation.  See documentation for Memory Management  (https://pytorch.org/docs/stable/notes/cuda.html#environment-variables)
[rank45]:   File "/home/hice1/cman8/conda_env/chakra_fx/lib/python3.13/site-packages/torchtitan/models/llama3/model/model.py", line 428, in forward
[rank45]:     h = layer(h, self.freqs_cis)
[rank45]:   File "/home/hice1/cman8/conda_env/chakra_fx/lib/python3.13/site-packages/torch/nn/modules/module.py", line 1775, in _wrapped_call_impl
[rank45]:     return self._call_impl(*args, **kwargs)
[rank45]:            ~~~~~~~~~~~~~~~^^^^^^^^^^^^^^^^^
[rank45]:   File "/home/hice1/cman8/conda_env/chakra_fx/lib/python3.13/site-packages/torch/nn/modules/module.py", line 1786, in _call_impl
[rank45]:     return forward_call(*args, **kwargs)
[rank45]:   File "/home/hice1/cman8/conda_env/chakra_fx/lib/python3.13/site-packages/torchtitan/models/llama3/model/model.py", line 300, in forward
[rank45]:     h = x + self.attention(self.attention_norm(x), freqs_cis)
[rank45]:             ~~~~~~~~~~~~~~^^^^^^^^^^^^^^^^^^^^^^^^^^^^^^^^^^^
[rank45]:   File "/home/hice1/cman8/conda_env/chakra_fx/lib/python3.13/site-packages/torch/nn/modules/module.py", line 1775, in _wrapped_call_impl
[rank45]:     return self._call_impl(*args, **kwargs)
[rank45]:            ~~~~~~~~~~~~~~~^^^^^^^^^^^^^^^^^
[rank45]:   File "/home/hice1/cman8/conda_env/chakra_fx/lib/python3.13/site-packages/torch/nn/modules/module.py", line 1786, in _call_impl
[rank45]:     return forward_call(*args, **kwargs)
[rank45]:   File "/home/hice1/cman8/conda_env/chakra_fx/lib/python3.13/site-packages/torchtitan/models/llama3/model/model.py", line 182, in forward
[rank45]:     xq, xk = apply_rotary_emb(xq, xk, freqs_cis=freqs_cis)
[rank45]:              ~~~~~~~~~~~~~~~~^^^^^^^^^^^^^^^^^^^^^^^^^^^^^
[rank45]:   File "/home/hice1/cman8/conda_env/chakra_fx/lib/python3.13/site-packages/torchtitan/models/llama3/model/model.py", line 93, in apply_rotary_emb
[rank45]:     xq_out = torch.view_as_real(xq_ * freqs_cis).flatten(3)
[rank45]:                                 ~~~~^~~~~~~~~~~
[rank45]: torch.OutOfMemoryError: CUDA out of memory. Tried to allocate 96.00 MiB. GPU 5 has a total capacity of 79.18 GiB of which 50.38 MiB is free. Including non-PyTorch memory, this process has 79.12 GiB memory in use. Of the allocated memory 77.78 GiB is allocated by PyTorch, and 3.24 MiB is reserved by PyTorch but unallocated. If reserved but unallocated memory is large try setting PYTORCH_CUDA_ALLOC_CONF=expandable_segments:True to avoid fragmentation.  See documentation for Memory Management  (https://pytorch.org/docs/stable/notes/cuda.html#environment-variables)
[rank30]: Traceback (most recent call last):
[rank30]:   File "/storage/ice1/5/1/cman8/shared/chakra_fx/profile_fxgraph.py", line 92, in <module>
[rank30]:     profiler.run_eager_fwbw_kineto_pass()
[rank30]:     ~~~~~~~~~~~~~~~~~~~~~~~~~~~~~~~~~~~^^
[rank30]:   File "/storage/ice1/5/1/cman8/shared/chakra_fx/src/chakra_fx/profilers/model_profiler.py", line 164, in run_eager_fwbw_kineto_pass
[rank30]:     output = self.model(self.sample_input)
[rank30]:   File "/home/hice1/cman8/conda_env/chakra_fx/lib/python3.13/site-packages/torch/nn/modules/module.py", line 1775, in _wrapped_call_impl
[rank30]:     return self._call_impl(*args, **kwargs)
[rank30]:            ~~~~~~~~~~~~~~~^^^^^^^^^^^^^^^^^
[rank30]:   File "/home/hice1/cman8/conda_env/chakra_fx/lib/python3.13/site-packages/torch/nn/modules/module.py", line 1786, in _call_impl
[rank30]:     return forward_call(*args, **kwargs)
[rank30]:   File "/home/hice1/cman8/conda_env/chakra_fx/lib/python3.13/site-packages/torchtitan/models/llama3/model/model.py", line 428, in forward
[rank30]:     h = layer(h, self.freqs_cis)
[rank30]:   File "/home/hice1/cman8/conda_env/chakra_fx/lib/python3.13/site-packages/torch/nn/modules/module.py", line 1775, in _wrapped_call_impl
[rank30]:     return self._call_impl(*args, **kwargs)
[rank30]:            ~~~~~~~~~~~~~~~^^^^^^^^^^^^^^^^^
[rank30]:   File "/home/hice1/cman8/conda_env/chakra_fx/lib/python3.13/site-packages/torch/nn/modules/module.py", line 1786, in _call_impl
[rank30]:     return forward_call(*args, **kwargs)
[rank30]:   File "/home/hice1/cman8/conda_env/chakra_fx/lib/python3.13/site-packages/torchtitan/models/llama3/model/model.py", line 300, in forward
[rank30]:     h = x + self.attention(self.attention_norm(x), freqs_cis)
[rank30]:             ~~~~~~~~~~~~~~^^^^^^^^^^^^^^^^^^^^^^^^^^^^^^^^^^^
[rank30]:   File "/home/hice1/cman8/conda_env/chakra_fx/lib/python3.13/site-packages/torch/nn/modules/module.py", line 1775, in _wrapped_call_impl
[rank30]:     return self._call_impl(*args, **kwargs)
[rank30]:            ~~~~~~~~~~~~~~~^^^^^^^^^^^^^^^^^
[rank30]:   File "/home/hice1/cman8/conda_env/chakra_fx/lib/python3.13/site-packages/torch/nn/modules/module.py", line 1786, in _call_impl
[rank30]:     return forward_call(*args, **kwargs)
[rank30]:   File "/home/hice1/cman8/conda_env/chakra_fx/lib/python3.13/site-packages/torchtitan/models/llama3/model/model.py", line 182, in forward
[rank30]:     xq, xk = apply_rotary_emb(xq, xk, freqs_cis=freqs_cis)
[rank30]:              ~~~~~~~~~~~~~~~~^^^^^^^^^^^^^^^^^^^^^^^^^^^^^
[rank30]:   File "/home/hice1/cman8/conda_env/chakra_fx/lib/python3.13/site-packages/torchtitan/models/llama3/model/model.py", line 93, in apply_rotary_emb
[rank30]:     xq_out = torch.view_as_real(xq_ * freqs_cis).flatten(3)
[rank30]:                                 ~~~~^~~~~~~~~~~
[rank30]: torch.OutOfMemoryError: CUDA out of memory. Tried to allocate 96.00 MiB. GPU 6 has a total capacity of 79.18 GiB of which 38.38 MiB is free. Including non-PyTorch memory, this process has 79.13 GiB memory in use. Of the allocated memory 77.78 GiB is allocated by PyTorch, and 3.24 MiB is reserved by PyTorch but unallocated. If reserved but unallocated memory is large try setting PYTORCH_CUDA_ALLOC_CONF=expandable_segments:True to avoid fragmentation.  See documentation for Memory Management  (https://pytorch.org/docs/stable/notes/cuda.html#environment-variables)
[rank26]: Traceback (most recent call last):
[rank26]:   File "/storage/ice1/5/1/cman8/shared/chakra_fx/profile_fxgraph.py", line 92, in <module>
[rank26]:     profiler.run_eager_fwbw_kineto_pass()
[rank26]:     ~~~~~~~~~~~~~~~~~~~~~~~~~~~~~~~~~~~^^
[rank26]:   File "/storage/ice1/5/1/cman8/shared/chakra_fx/src/chakra_fx/profilers/model_profiler.py", line 164, in run_eager_fwbw_kineto_pass
[rank26]:     output = self.model(self.sample_input)
[rank26]:   File "/home/hice1/cman8/conda_env/chakra_fx/lib/python3.13/site-packages/torch/nn/modules/module.py", line 1775, in _wrapped_call_impl
[rank26]:     return self._call_impl(*args, **kwargs)
[rank26]:            ~~~~~~~~~~~~~~~^^^^^^^^^^^^^^^^^
[rank26]:   File "/home/hice1/cman8/conda_env/chakra_fx/lib/python3.13/site-packages/torch/nn/modules/module.py", line 1786, in _call_impl
[rank26]:     return forward_call(*args, **kwargs)
[rank26]:   File "/home/hice1/cman8/conda_env/chakra_fx/lib/python3.13/site-packages/torchtitan/models/llama3/model/model.py", line 428, in forward
[rank26]:     h = layer(h, self.freqs_cis)
[rank26]:   File "/home/hice1/cman8/conda_env/chakra_fx/lib/python3.13/site-packages/torch/nn/modules/module.py", line 1775, in _wrapped_call_impl
[rank26]:     return self._call_impl(*args, **kwargs)
[rank26]:            ~~~~~~~~~~~~~~~^^^^^^^^^^^^^^^^^
[rank26]:   File "/home/hice1/cman8/conda_env/chakra_fx/lib/python3.13/site-packages/torch/nn/modules/module.py", line 1786, in _call_impl
[rank26]:     return forward_call(*args, **kwargs)
[rank26]:   File "/home/hice1/cman8/conda_env/chakra_fx/lib/python3.13/site-packages/torchtitan/models/llama3/model/model.py", line 300, in forward
[rank26]:     h = x + self.attention(self.attention_norm(x), freqs_cis)
[rank26]:             ~~~~~~~~~~~~~~^^^^^^^^^^^^^^^^^^^^^^^^^^^^^^^^^^^
[rank26]:   File "/home/hice1/cman8/conda_env/chakra_fx/lib/python3.13/site-packages/torch/nn/modules/module.py", line 1775, in _wrapped_call_impl
[rank26]:     return self._call_impl(*args, **kwargs)
[rank26]:            ~~~~~~~~~~~~~~~^^^^^^^^^^^^^^^^^
[rank26]:   File "/home/hice1/cman8/conda_env/chakra_fx/lib/python3.13/site-packages/torch/nn/modules/module.py", line 1786, in _call_impl
[rank26]:     return forward_call(*args, **kwargs)
[rank26]:   File "/home/hice1/cman8/conda_env/chakra_fx/lib/python3.13/site-packages/torchtitan/models/llama3/model/model.py", line 182, in forward
[rank26]:     xq, xk = apply_rotary_emb(xq, xk, freqs_cis=freqs_cis)
[rank26]:              ~~~~~~~~~~~~~~~~^^^^^^^^^^^^^^^^^^^^^^^^^^^^^
[rank26]:   File "/home/hice1/cman8/conda_env/chakra_fx/lib/python3.13/site-packages/torchtitan/models/llama3/model/model.py", line 93, in apply_rotary_emb
[rank26]:     xq_out = torch.view_as_real(xq_ * freqs_cis).flatten(3)
[rank26]:                                 ~~~~^~~~~~~~~~~
[rank26]: torch.OutOfMemoryError: CUDA out of memory. Tried to allocate 96.00 MiB. GPU 2 has a total capacity of 79.18 GiB of which 38.38 MiB is free. Including non-PyTorch memory, this process has 79.13 GiB memory in use. Of the allocated memory 77.78 GiB is allocated by PyTorch, and 3.24 MiB is reserved by PyTorch but unallocated. If reserved but unallocated memory is large try setting PYTORCH_CUDA_ALLOC_CONF=expandable_segments:True to avoid fragmentation.  See documentation for Memory Management  (https://pytorch.org/docs/stable/notes/cuda.html#environment-variables)
[rank62]: Traceback (most recent call last):
[rank62]:   File "/storage/ice1/5/1/cman8/shared/chakra_fx/profile_fxgraph.py", line 92, in <module>
[rank62]:     profiler.run_eager_fwbw_kineto_pass()
[rank62]:     ~~~~~~~~~~~~~~~~~~~~~~~~~~~~~~~~~~~^^
[rank62]:   File "/storage/ice1/5/1/cman8/shared/chakra_fx/src/chakra_fx/profilers/model_profiler.py", line 164, in run_eager_fwbw_kineto_pass
[rank62]:     output = self.model(self.sample_input)
[rank62]:   File "/home/hice1/cman8/conda_env/chakra_fx/lib/python3.13/site-packages/torch/nn/modules/module.py", line 1775, in _wrapped_call_impl
[rank62]:     return self._call_impl(*args, **kwargs)
[rank62]:            ~~~~~~~~~~~~~~~^^^^^^^^^^^^^^^^^
[rank62]:   File "/home/hice1/cman8/conda_env/chakra_fx/lib/python3.13/site-packages/torch/nn/modules/module.py", line 1786, in _call_impl
[rank62]:     return forward_call(*args, **kwargs)
[rank62]:   File "/home/hice1/cman8/conda_env/chakra_fx/lib/python3.13/site-packages/torchtitan/models/llama3/model/model.py", line 428, in forward
[rank62]:     h = layer(h, self.freqs_cis)
[rank62]:   File "/home/hice1/cman8/conda_env/chakra_fx/lib/python3.13/site-packages/torch/nn/modules/module.py", line 1775, in _wrapped_call_impl
[rank62]:     return self._call_impl(*args, **kwargs)
[rank62]:            ~~~~~~~~~~~~~~~^^^^^^^^^^^^^^^^^
[rank62]:   File "/home/hice1/cman8/conda_env/chakra_fx/lib/python3.13/site-packages/torch/nn/modules/module.py", line 1786, in _call_impl
[rank62]:     return forward_call(*args, **kwargs)
[rank62]:   File "/home/hice1/cman8/conda_env/chakra_fx/lib/python3.13/site-packages/torchtitan/models/llama3/model/model.py", line 300, in forward
[rank62]:     h = x + self.attention(self.attention_norm(x), freqs_cis)
[rank62]:             ~~~~~~~~~~~~~~^^^^^^^^^^^^^^^^^^^^^^^^^^^^^^^^^^^
[rank62]:   File "/home/hice1/cman8/conda_env/chakra_fx/lib/python3.13/site-packages/torch/nn/modules/module.py", line 1775, in _wrapped_call_impl
[rank62]:     return self._call_impl(*args, **kwargs)
[rank62]:            ~~~~~~~~~~~~~~~^^^^^^^^^^^^^^^^^
[rank62]:   File "/home/hice1/cman8/conda_env/chakra_fx/lib/python3.13/site-packages/torch/nn/modules/module.py", line 1786, in _call_impl
[rank62]:     return forward_call(*args, **kwargs)
[rank62]:   File "/home/hice1/cman8/conda_env/chakra_fx/lib/python3.13/site-packages/torchtitan/models/llama3/model/model.py", line 182, in forward
[rank62]:     xq, xk = apply_rotary_emb(xq, xk, freqs_cis=freqs_cis)
[rank62]:              ~~~~~~~~~~~~~~~~^^^^^^^^^^^^^^^^^^^^^^^^^^^^^
[rank62]:   File "/home/hice1/cman8/conda_env/chakra_fx/lib/python3.13/site-packages/torchtitan/models/llama3/model/model.py", line 93, in apply_rotary_emb
[rank62]:     xq_out = torch.view_as_real(xq_ * freqs_cis).flatten(3)
[rank62]:                                 ~~~~^~~~~~~~~~~
[rank62]: torch.OutOfMemoryError: CUDA out of memory. Tried to allocate 96.00 MiB. GPU 6 has a total capacity of 79.18 GiB of which 38.38 MiB is free. Including non-PyTorch memory, this process has 79.13 GiB memory in use. Of the allocated memory 77.78 GiB is allocated by PyTorch, and 3.24 MiB is reserved by PyTorch but unallocated. If reserved but unallocated memory is large try setting PYTORCH_CUDA_ALLOC_CONF=expandable_segments:True to avoid fragmentation.  See documentation for Memory Management  (https://pytorch.org/docs/stable/notes/cuda.html#environment-variables)
[rank35]: Traceback (most recent call last):
[rank35]:   File "/storage/ice1/5/1/cman8/shared/chakra_fx/profile_fxgraph.py", line 92, in <module>
[rank35]:     profiler.run_eager_fwbw_kineto_pass()
[rank35]:     ~~~~~~~~~~~~~~~~~~~~~~~~~~~~~~~~~~~^^
[rank35]:   File "/storage/ice1/5/1/cman8/shared/chakra_fx/src/chakra_fx/profilers/model_profiler.py", line 164, in run_eager_fwbw_kineto_pass
[rank35]:     output = self.model(self.sample_input)
[rank35]:   File "/home/hice1/cman8/conda_env/chakra_fx/lib/python3.13/site-packages/torch/nn/modules/module.py", line 1775, in _wrapped_call_impl
[rank35]:     return self._call_impl(*args, **kwargs)
[rank35]:            ~~~~~~~~~~~~~~~^^^^^^^^^^^^^^^^^
[rank35]:   File "/home/hice1/cman8/conda_env/chakra_fx/lib/python3.13/site-packages/torch/nn/modules/module.py", line 1786, in _call_impl
[rank35]:     return forward_call(*args, **kwargs)
[rank35]:   File "/home/hice1/cman8/conda_env/chakra_fx/lib/python3.13/site-packages/torchtitan/models/llama3/model/model.py", line 428, in forward
[rank35]:     h = layer(h, self.freqs_cis)
[rank35]:   File "/home/hice1/cman8/conda_env/chakra_fx/lib/python3.13/site-packages/torch/nn/modules/module.py", line 1775, in _wrapped_call_impl
[rank35]:     return self._call_impl(*args, **kwargs)
[rank35]:            ~~~~~~~~~~~~~~~^^^^^^^^^^^^^^^^^
[rank35]:   File "/home/hice1/cman8/conda_env/chakra_fx/lib/python3.13/site-packages/torch/nn/modules/module.py", line 1786, in _call_impl
[rank35]:     return forward_call(*args, **kwargs)
[rank35]:   File "/home/hice1/cman8/conda_env/chakra_fx/lib/python3.13/site-packages/torchtitan/models/llama3/model/model.py", line 300, in forward
[rank35]:     h = x + self.attention(self.attention_norm(x), freqs_cis)
[rank35]:             ~~~~~~~~~~~~~~^^^^^^^^^^^^^^^^^^^^^^^^^^^^^^^^^^^
[rank35]:   File "/home/hice1/cman8/conda_env/chakra_fx/lib/python3.13/site-packages/torch/nn/modules/module.py", line 1775, in _wrapped_call_impl
[rank35]:     return self._call_impl(*args, **kwargs)
[rank35]:            ~~~~~~~~~~~~~~~^^^^^^^^^^^^^^^^^
[rank35]:   File "/home/hice1/cman8/conda_env/chakra_fx/lib/python3.13/site-packages/torch/nn/modules/module.py", line 1786, in _call_impl
[rank35]:     return forward_call(*args, **kwargs)
[rank35]:   File "/home/hice1/cman8/conda_env/chakra_fx/lib/python3.13/site-packages/torchtitan/models/llama3/model/model.py", line 182, in forward
[rank35]:     xq, xk = apply_rotary_emb(xq, xk, freqs_cis=freqs_cis)
[rank35]:              ~~~~~~~~~~~~~~~~^^^^^^^^^^^^^^^^^^^^^^^^^^^^^
[rank35]:   File "/home/hice1/cman8/conda_env/chakra_fx/lib/python3.13/site-packages/torchtitan/models/llama3/model/model.py", line 93, in apply_rotary_emb
[rank35]:     xq_out = torch.view_as_real(xq_ * freqs_cis).flatten(3)
[rank35]:                                 ~~~~^~~~~~~~~~~
[rank35]: torch.OutOfMemoryError: CUDA out of memory. Tried to allocate 96.00 MiB. GPU 3 has a total capacity of 79.18 GiB of which 38.38 MiB is free. Including non-PyTorch memory, this process has 79.13 GiB memory in use. Of the allocated memory 77.78 GiB is allocated by PyTorch, and 3.24 MiB is reserved by PyTorch but unallocated. If reserved but unallocated memory is large try setting PYTORCH_CUDA_ALLOC_CONF=expandable_segments:True to avoid fragmentation.  See documentation for Memory Management  (https://pytorch.org/docs/stable/notes/cuda.html#environment-variables)
[rank34]: Traceback (most recent call last):
[rank34]:   File "/storage/ice1/5/1/cman8/shared/chakra_fx/profile_fxgraph.py", line 92, in <module>
[rank34]:     profiler.run_eager_fwbw_kineto_pass()
[rank34]:     ~~~~~~~~~~~~~~~~~~~~~~~~~~~~~~~~~~~^^
[rank34]:   File "/storage/ice1/5/1/cman8/shared/chakra_fx/src/chakra_fx/profilers/model_profiler.py", line 164, in run_eager_fwbw_kineto_pass
[rank34]:     output = self.model(self.sample_input)
[rank34]:   File "/home/hice1/cman8/conda_env/chakra_fx/lib/python3.13/site-packages/torch/nn/modules/module.py", line 1775, in _wrapped_call_impl
[rank34]:     return self._call_impl(*args, **kwargs)
[rank34]:            ~~~~~~~~~~~~~~~^^^^^^^^^^^^^^^^^
[rank34]:   File "/home/hice1/cman8/conda_env/chakra_fx/lib/python3.13/site-packages/torch/nn/modules/module.py", line 1786, in _call_impl
[rank34]:     return forward_call(*args, **kwargs)
[rank34]:   File "/home/hice1/cman8/conda_env/chakra_fx/lib/python3.13/site-packages/torchtitan/models/llama3/model/model.py", line 428, in forward
[rank34]:     h = layer(h, self.freqs_cis)
[rank34]:   File "/home/hice1/cman8/conda_env/chakra_fx/lib/python3.13/site-packages/torch/nn/modules/module.py", line 1775, in _wrapped_call_impl
[rank34]:     return self._call_impl(*args, **kwargs)
[rank34]:            ~~~~~~~~~~~~~~~^^^^^^^^^^^^^^^^^
[rank34]:   File "/home/hice1/cman8/conda_env/chakra_fx/lib/python3.13/site-packages/torch/nn/modules/module.py", line 1786, in _call_impl
[rank34]:     return forward_call(*args, **kwargs)
[rank34]:   File "/home/hice1/cman8/conda_env/chakra_fx/lib/python3.13/site-packages/torchtitan/models/llama3/model/model.py", line 300, in forward
[rank34]:     h = x + self.attention(self.attention_norm(x), freqs_cis)
[rank34]:             ~~~~~~~~~~~~~~^^^^^^^^^^^^^^^^^^^^^^^^^^^^^^^^^^^
[rank34]:   File "/home/hice1/cman8/conda_env/chakra_fx/lib/python3.13/site-packages/torch/nn/modules/module.py", line 1775, in _wrapped_call_impl
[rank34]:     return self._call_impl(*args, **kwargs)
[rank34]:            ~~~~~~~~~~~~~~~^^^^^^^^^^^^^^^^^
[rank34]:   File "/home/hice1/cman8/conda_env/chakra_fx/lib/python3.13/site-packages/torch/nn/modules/module.py", line 1786, in _call_impl
[rank34]:     return forward_call(*args, **kwargs)
[rank34]:   File "/home/hice1/cman8/conda_env/chakra_fx/lib/python3.13/site-packages/torchtitan/models/llama3/model/model.py", line 182, in forward
[rank34]:     xq, xk = apply_rotary_emb(xq, xk, freqs_cis=freqs_cis)
[rank34]:              ~~~~~~~~~~~~~~~~^^^^^^^^^^^^^^^^^^^^^^^^^^^^^
[rank34]:   File "/home/hice1/cman8/conda_env/chakra_fx/lib/python3.13/site-packages/torchtitan/models/llama3/model/model.py", line 93, in apply_rotary_emb
[rank34]:     xq_out = torch.view_as_real(xq_ * freqs_cis).flatten(3)
[rank34]:                                 ~~~~^~~~~~~~~~~
[rank34]: torch.OutOfMemoryError: CUDA out of memory. Tried to allocate 96.00 MiB. GPU 2 has a total capacity of 79.18 GiB of which 38.38 MiB is free. Including non-PyTorch memory, this process has 79.13 GiB memory in use. Of the allocated memory 77.78 GiB is allocated by PyTorch, and 3.24 MiB is reserved by PyTorch but unallocated. If reserved but unallocated memory is large try setting PYTORCH_CUDA_ALLOC_CONF=expandable_segments:True to avoid fragmentation.  See documentation for Memory Management  (https://pytorch.org/docs/stable/notes/cuda.html#environment-variables)
[rank42]: Traceback (most recent call last):
[rank42]:   File "/storage/ice1/5/1/cman8/shared/chakra_fx/profile_fxgraph.py", line 92, in <module>
[rank42]:     profiler.run_eager_fwbw_kineto_pass()
[rank42]:     ~~~~~~~~~~~~~~~~~~~~~~~~~~~~~~~~~~~^^
[rank42]:   File "/storage/ice1/5/1/cman8/shared/chakra_fx/src/chakra_fx/profilers/model_profiler.py", line 164, in run_eager_fwbw_kineto_pass
[rank42]:     output = self.model(self.sample_input)
[rank42]:   File "/home/hice1/cman8/conda_env/chakra_fx/lib/python3.13/site-packages/torch/nn/modules/module.py", line 1775, in _wrapped_call_impl
[rank42]:     return self._call_impl(*args, **kwargs)
[rank42]:            ~~~~~~~~~~~~~~~^^^^^^^^^^^^^^^^^
[rank42]:   File "/home/hice1/cman8/conda_env/chakra_fx/lib/python3.13/site-packages/torch/nn/modules/module.py", line 1786, in _call_impl
[rank42]:     return forward_call(*args, **kwargs)
[rank42]:   File "/home/hice1/cman8/conda_env/chakra_fx/lib/python3.13/site-packages/torchtitan/models/llama3/model/model.py", line 428, in forward
[rank42]:     h = layer(h, self.freqs_cis)
[rank42]:   File "/home/hice1/cman8/conda_env/chakra_fx/lib/python3.13/site-packages/torch/nn/modules/module.py", line 1775, in _wrapped_call_impl
[rank42]:     return self._call_impl(*args, **kwargs)
[rank42]:            ~~~~~~~~~~~~~~~^^^^^^^^^^^^^^^^^
[rank42]:   File "/home/hice1/cman8/conda_env/chakra_fx/lib/python3.13/site-packages/torch/nn/modules/module.py", line 1786, in _call_impl
[rank42]:     return forward_call(*args, **kwargs)
[rank42]:   File "/home/hice1/cman8/conda_env/chakra_fx/lib/python3.13/site-packages/torchtitan/models/llama3/model/model.py", line 300, in forward
[rank42]:     h = x + self.attention(self.attention_norm(x), freqs_cis)
[rank42]:             ~~~~~~~~~~~~~~^^^^^^^^^^^^^^^^^^^^^^^^^^^^^^^^^^^
[rank42]:   File "/home/hice1/cman8/conda_env/chakra_fx/lib/python3.13/site-packages/torch/nn/modules/module.py", line 1775, in _wrapped_call_impl
[rank42]:     return self._call_impl(*args, **kwargs)
[rank42]:            ~~~~~~~~~~~~~~~^^^^^^^^^^^^^^^^^
[rank42]:   File "/home/hice1/cman8/conda_env/chakra_fx/lib/python3.13/site-packages/torch/nn/modules/module.py", line 1786, in _call_impl
[rank42]:     return forward_call(*args, **kwargs)
[rank42]:   File "/home/hice1/cman8/conda_env/chakra_fx/lib/python3.13/site-packages/torchtitan/models/llama3/model/model.py", line 182, in forward
[rank42]:     xq, xk = apply_rotary_emb(xq, xk, freqs_cis=freqs_cis)
[rank42]:              ~~~~~~~~~~~~~~~~^^^^^^^^^^^^^^^^^^^^^^^^^^^^^
[rank42]:   File "/home/hice1/cman8/conda_env/chakra_fx/lib/python3.13/site-packages/torchtitan/models/llama3/model/model.py", line 93, in apply_rotary_emb
[rank42]:     xq_out = torch.view_as_real(xq_ * freqs_cis).flatten(3)
[rank42]:                                 ~~~~^~~~~~~~~~~
[rank42]: torch.OutOfMemoryError: CUDA out of memory. Tried to allocate 96.00 MiB. GPU 2 has a total capacity of 79.18 GiB of which 50.38 MiB is free. Including non-PyTorch memory, this process has 79.12 GiB memory in use. Of the allocated memory 77.78 GiB is allocated by PyTorch, and 3.24 MiB is reserved by PyTorch but unallocated. If reserved but unallocated memory is large try setting PYTORCH_CUDA_ALLOC_CONF=expandable_segments:True to avoid fragmentation.  See documentation for Memory Management  (https://pytorch.org/docs/stable/notes/cuda.html#environment-variables)
[rank41]: Traceback (most recent call last):
[rank41]:   File "/storage/ice1/5/1/cman8/shared/chakra_fx/profile_fxgraph.py", line 92, in <module>
[rank41]:     profiler.run_eager_fwbw_kineto_pass()
[rank41]:     ~~~~~~~~~~~~~~~~~~~~~~~~~~~~~~~~~~~^^
[rank41]:   File "/storage/ice1/5/1/cman8/shared/chakra_fx/src/chakra_fx/profilers/model_profiler.py", line 164, in run_eager_fwbw_kineto_pass
[rank41]:     output = self.model(self.sample_input)
[rank41]:   File "/home/hice1/cman8/conda_env/chakra_fx/lib/python3.13/site-packages/torch/nn/modules/module.py", line 1775, in _wrapped_call_impl
[rank41]:     return self._call_impl(*args, **kwargs)
[rank41]:            ~~~~~~~~~~~~~~~^^^^^^^^^^^^^^^^^
[rank41]:   File "/home/hice1/cman8/conda_env/chakra_fx/lib/python3.13/site-packages/torch/nn/modules/module.py", line 1786, in _call_impl
[rank41]:     return forward_call(*args, **kwargs)
[rank41]:   File "/home/hice1/cman8/conda_env/chakra_fx/lib/python3.13/site-packages/torchtitan/models/llama3/model/model.py", line 428, in forward
[rank41]:     h = layer(h, self.freqs_cis)
[rank41]:   File "/home/hice1/cman8/conda_env/chakra_fx/lib/python3.13/site-packages/torch/nn/modules/module.py", line 1775, in _wrapped_call_impl
[rank41]:     return self._call_impl(*args, **kwargs)
[rank41]:            ~~~~~~~~~~~~~~~^^^^^^^^^^^^^^^^^
[rank41]:   File "/home/hice1/cman8/conda_env/chakra_fx/lib/python3.13/site-packages/torch/nn/modules/module.py", line 1786, in _call_impl
[rank41]:     return forward_call(*args, **kwargs)
[rank41]:   File "/home/hice1/cman8/conda_env/chakra_fx/lib/python3.13/site-packages/torchtitan/models/llama3/model/model.py", line 300, in forward
[rank41]:     h = x + self.attention(self.attention_norm(x), freqs_cis)
[rank41]:             ~~~~~~~~~~~~~~^^^^^^^^^^^^^^^^^^^^^^^^^^^^^^^^^^^
[rank41]:   File "/home/hice1/cman8/conda_env/chakra_fx/lib/python3.13/site-packages/torch/nn/modules/module.py", line 1775, in _wrapped_call_impl
[rank41]:     return self._call_impl(*args, **kwargs)
[rank41]:            ~~~~~~~~~~~~~~~^^^^^^^^^^^^^^^^^
[rank41]:   File "/home/hice1/cman8/conda_env/chakra_fx/lib/python3.13/site-packages/torch/nn/modules/module.py", line 1786, in _call_impl
[rank41]:     return forward_call(*args, **kwargs)
[rank41]:   File "/home/hice1/cman8/conda_env/chakra_fx/lib/python3.13/site-packages/torchtitan/models/llama3/model/model.py", line 182, in forward
[rank41]:     xq, xk = apply_rotary_emb(xq, xk, freqs_cis=freqs_cis)
[rank41]:              ~~~~~~~~~~~~~~~~^^^^^^^^^^^^^^^^^^^^^^^^^^^^^
[rank41]:   File "/home/hice1/cman8/conda_env/chakra_fx/lib/python3.13/site-packages/torchtitan/models/llama3/model/model.py", line 93, in apply_rotary_emb
[rank41]:     xq_out = torch.view_as_real(xq_ * freqs_cis).flatten(3)
[rank41]:                                 ~~~~^~~~~~~~~~~
[rank41]: torch.OutOfMemoryError: CUDA out of memory. Tried to allocate 96.00 MiB. GPU 1 has a total capacity of 79.18 GiB of which 50.38 MiB is free. Including non-PyTorch memory, this process has 79.12 GiB memory in use. Of the allocated memory 77.78 GiB is allocated by PyTorch, and 3.24 MiB is reserved by PyTorch but unallocated. If reserved but unallocated memory is large try setting PYTORCH_CUDA_ALLOC_CONF=expandable_segments:True to avoid fragmentation.  See documentation for Memory Management  (https://pytorch.org/docs/stable/notes/cuda.html#environment-variables)
[rank43]: Traceback (most recent call last):
[rank43]:   File "/storage/ice1/5/1/cman8/shared/chakra_fx/profile_fxgraph.py", line 92, in <module>
[rank43]:     profiler.run_eager_fwbw_kineto_pass()
[rank43]:     ~~~~~~~~~~~~~~~~~~~~~~~~~~~~~~~~~~~^^
[rank43]:   File "/storage/ice1/5/1/cman8/shared/chakra_fx/src/chakra_fx/profilers/model_profiler.py", line 164, in run_eager_fwbw_kineto_pass
[rank43]:     output = self.model(self.sample_input)
[rank43]:   File "/home/hice1/cman8/conda_env/chakra_fx/lib/python3.13/site-packages/torch/nn/modules/module.py", line 1775, in _wrapped_call_impl
[rank43]:     return self._call_impl(*args, **kwargs)
[rank43]:            ~~~~~~~~~~~~~~~^^^^^^^^^^^^^^^^^
[rank43]:   File "/home/hice1/cman8/conda_env/chakra_fx/lib/python3.13/site-packages/torch/nn/modules/module.py", line 1786, in _call_impl
[rank43]:     return forward_call(*args, **kwargs)
[rank43]:   File "/home/hice1/cman8/conda_env/chakra_fx/lib/python3.13/site-packages/torchtitan/models/llama3/model/model.py", line 428, in forward
[rank43]:     h = layer(h, self.freqs_cis)
[rank43]:   File "/home/hice1/cman8/conda_env/chakra_fx/lib/python3.13/site-packages/torch/nn/modules/module.py", line 1775, in _wrapped_call_impl
[rank43]:     return self._call_impl(*args, **kwargs)
[rank43]:            ~~~~~~~~~~~~~~~^^^^^^^^^^^^^^^^^
[rank43]:   File "/home/hice1/cman8/conda_env/chakra_fx/lib/python3.13/site-packages/torch/nn/modules/module.py", line 1786, in _call_impl
[rank43]:     return forward_call(*args, **kwargs)
[rank43]:   File "/home/hice1/cman8/conda_env/chakra_fx/lib/python3.13/site-packages/torchtitan/models/llama3/model/model.py", line 300, in forward
[rank43]:     h = x + self.attention(self.attention_norm(x), freqs_cis)
[rank43]:             ~~~~~~~~~~~~~~^^^^^^^^^^^^^^^^^^^^^^^^^^^^^^^^^^^
[rank43]:   File "/home/hice1/cman8/conda_env/chakra_fx/lib/python3.13/site-packages/torch/nn/modules/module.py", line 1775, in _wrapped_call_impl
[rank43]:     return self._call_impl(*args, **kwargs)
[rank43]:            ~~~~~~~~~~~~~~~^^^^^^^^^^^^^^^^^
[rank43]:   File "/home/hice1/cman8/conda_env/chakra_fx/lib/python3.13/site-packages/torch/nn/modules/module.py", line 1786, in _call_impl
[rank43]:     return forward_call(*args, **kwargs)
[rank43]:   File "/home/hice1/cman8/conda_env/chakra_fx/lib/python3.13/site-packages/torchtitan/models/llama3/model/model.py", line 182, in forward
[rank43]:     xq, xk = apply_rotary_emb(xq, xk, freqs_cis=freqs_cis)
[rank43]:              ~~~~~~~~~~~~~~~~^^^^^^^^^^^^^^^^^^^^^^^^^^^^^
[rank43]:   File "/home/hice1/cman8/conda_env/chakra_fx/lib/python3.13/site-packages/torchtitan/models/llama3/model/model.py", line 93, in apply_rotary_emb
[rank43]:     xq_out = torch.view_as_real(xq_ * freqs_cis).flatten(3)
[rank43]:                                 ~~~~^~~~~~~~~~~
[rank43]: torch.OutOfMemoryError: CUDA out of memory. Tried to allocate 96.00 MiB. GPU 3 has a total capacity of 79.18 GiB of which 50.38 MiB is free. Including non-PyTorch memory, this process has 79.12 GiB memory in use. Of the allocated memory 77.78 GiB is allocated by PyTorch, and 3.24 MiB is reserved by PyTorch but unallocated. If reserved but unallocated memory is large try setting PYTORCH_CUDA_ALLOC_CONF=expandable_segments:True to avoid fragmentation.  See documentation for Memory Management  (https://pytorch.org/docs/stable/notes/cuda.html#environment-variables)
[rank28]: Traceback (most recent call last):
[rank28]:   File "/storage/ice1/5/1/cman8/shared/chakra_fx/profile_fxgraph.py", line 92, in <module>
[rank28]:     profiler.run_eager_fwbw_kineto_pass()
[rank28]:     ~~~~~~~~~~~~~~~~~~~~~~~~~~~~~~~~~~~^^
[rank28]:   File "/storage/ice1/5/1/cman8/shared/chakra_fx/src/chakra_fx/profilers/model_profiler.py", line 164, in run_eager_fwbw_kineto_pass
[rank28]:     output = self.model(self.sample_input)
[rank28]:   File "/home/hice1/cman8/conda_env/chakra_fx/lib/python3.13/site-packages/torch/nn/modules/module.py", line 1775, in _wrapped_call_impl
[rank28]:     return self._call_impl(*args, **kwargs)
[rank28]:            ~~~~~~~~~~~~~~~^^^^^^^^^^^^^^^^^
[rank28]:   File "/home/hice1/cman8/conda_env/chakra_fx/lib/python3.13/site-packages/torch/nn/modules/module.py", line 1786, in _call_impl
[rank28]:     return forward_call(*args, **kwargs)
[rank28]:   File "/home/hice1/cman8/conda_env/chakra_fx/lib/python3.13/site-packages/torchtitan/models/llama3/model/model.py", line 428, in forward
[rank28]:     h = layer(h, self.freqs_cis)
[rank28]:   File "/home/hice1/cman8/conda_env/chakra_fx/lib/python3.13/site-packages/torch/nn/modules/module.py", line 1775, in _wrapped_call_impl
[rank28]:     return self._call_impl(*args, **kwargs)
[rank28]:            ~~~~~~~~~~~~~~~^^^^^^^^^^^^^^^^^
[rank28]:   File "/home/hice1/cman8/conda_env/chakra_fx/lib/python3.13/site-packages/torch/nn/modules/module.py", line 1786, in _call_impl
[rank28]:     return forward_call(*args, **kwargs)
[rank28]:   File "/home/hice1/cman8/conda_env/chakra_fx/lib/python3.13/site-packages/torchtitan/models/llama3/model/model.py", line 300, in forward
[rank28]:     h = x + self.attention(self.attention_norm(x), freqs_cis)
[rank28]:             ~~~~~~~~~~~~~~^^^^^^^^^^^^^^^^^^^^^^^^^^^^^^^^^^^
[rank28]:   File "/home/hice1/cman8/conda_env/chakra_fx/lib/python3.13/site-packages/torch/nn/modules/module.py", line 1775, in _wrapped_call_impl
[rank28]:     return self._call_impl(*args, **kwargs)
[rank28]:            ~~~~~~~~~~~~~~~^^^^^^^^^^^^^^^^^
[rank28]:   File "/home/hice1/cman8/conda_env/chakra_fx/lib/python3.13/site-packages/torch/nn/modules/module.py", line 1786, in _call_impl
[rank28]:     return forward_call(*args, **kwargs)
[rank28]:   File "/home/hice1/cman8/conda_env/chakra_fx/lib/python3.13/site-packages/torchtitan/models/llama3/model/model.py", line 192, in forward
[rank28]:     output = self.sdpa(xq, xk, xv)
[rank28]:   File "/home/hice1/cman8/conda_env/chakra_fx/lib/python3.13/site-packages/torch/nn/modules/module.py", line 1775, in _wrapped_call_impl
[rank28]:     return self._call_impl(*args, **kwargs)
[rank28]:            ~~~~~~~~~~~~~~~^^^^^^^^^^^^^^^^^
[rank28]:   File "/home/hice1/cman8/conda_env/chakra_fx/lib/python3.13/site-packages/torch/nn/modules/module.py", line 1786, in _call_impl
[rank28]:     return forward_call(*args, **kwargs)
[rank28]:   File "/home/hice1/cman8/conda_env/chakra_fx/lib/python3.13/site-packages/torchtitan/models/attention.py", line 218, in forward
[rank28]:     return F.scaled_dot_product_attention(q, k, v, is_causal=True, scale=scale)
[rank28]:            ~~~~~~~~~~~~~~~~~~~~~~~~~~~~~~^^^^^^^^^^^^^^^^^^^^^^^^^^^^^^^^^^^^^^
[rank28]: torch.OutOfMemoryError: CUDA out of memory. Tried to allocate 96.00 MiB. GPU 4 has a total capacity of 79.18 GiB of which 70.38 MiB is free. Including non-PyTorch memory, this process has 79.10 GiB memory in use. Of the allocated memory 77.91 GiB is allocated by PyTorch, and 3.24 MiB is reserved by PyTorch but unallocated. If reserved but unallocated memory is large try setting PYTORCH_CUDA_ALLOC_CONF=expandable_segments:True to avoid fragmentation.  See documentation for Memory Management  (https://pytorch.org/docs/stable/notes/cuda.html#environment-variables)
[rank44]: Traceback (most recent call last):
[rank44]:   File "/storage/ice1/5/1/cman8/shared/chakra_fx/profile_fxgraph.py", line 92, in <module>
[rank44]:     profiler.run_eager_fwbw_kineto_pass()
[rank44]:     ~~~~~~~~~~~~~~~~~~~~~~~~~~~~~~~~~~~^^
[rank44]:   File "/storage/ice1/5/1/cman8/shared/chakra_fx/src/chakra_fx/profilers/model_profiler.py", line 164, in run_eager_fwbw_kineto_pass
[rank44]:     output = self.model(self.sample_input)
[rank44]:   File "/home/hice1/cman8/conda_env/chakra_fx/lib/python3.13/site-packages/torch/nn/modules/module.py", line 1775, in _wrapped_call_impl
[rank44]:     return self._call_impl(*args, **kwargs)
[rank44]:            ~~~~~~~~~~~~~~~^^^^^^^^^^^^^^^^^
[rank44]:   File "/home/hice1/cman8/conda_env/chakra_fx/lib/python3.13/site-packages/torch/nn/modules/module.py", line 1786, in _call_impl
[rank44]:     return forward_call(*args, **kwargs)
[rank44]:   File "/home/hice1/cman8/conda_env/chakra_fx/lib/python3.13/site-packages/torchtitan/models/llama3/model/model.py", line 428, in forward
[rank44]:     h = layer(h, self.freqs_cis)
[rank44]:   File "/home/hice1/cman8/conda_env/chakra_fx/lib/python3.13/site-packages/torch/nn/modules/module.py", line 1775, in _wrapped_call_impl
[rank44]:     return self._call_impl(*args, **kwargs)
[rank44]:            ~~~~~~~~~~~~~~~^^^^^^^^^^^^^^^^^
[rank44]:   File "/home/hice1/cman8/conda_env/chakra_fx/lib/python3.13/site-packages/torch/nn/modules/module.py", line 1786, in _call_impl
[rank44]:     return forward_call(*args, **kwargs)
[rank44]:   File "/home/hice1/cman8/conda_env/chakra_fx/lib/python3.13/site-packages/torchtitan/models/llama3/model/model.py", line 300, in forward
[rank44]:     h = x + self.attention(self.attention_norm(x), freqs_cis)
[rank44]:             ~~~~~~~~~~~~~~^^^^^^^^^^^^^^^^^^^^^^^^^^^^^^^^^^^
[rank44]:   File "/home/hice1/cman8/conda_env/chakra_fx/lib/python3.13/site-packages/torch/nn/modules/module.py", line 1775, in _wrapped_call_impl
[rank44]:     return self._call_impl(*args, **kwargs)
[rank44]:            ~~~~~~~~~~~~~~~^^^^^^^^^^^^^^^^^
[rank44]:   File "/home/hice1/cman8/conda_env/chakra_fx/lib/python3.13/site-packages/torch/nn/modules/module.py", line 1786, in _call_impl
[rank44]:     return forward_call(*args, **kwargs)
[rank44]:   File "/home/hice1/cman8/conda_env/chakra_fx/lib/python3.13/site-packages/torchtitan/models/llama3/model/model.py", line 182, in forward
[rank44]:     xq, xk = apply_rotary_emb(xq, xk, freqs_cis=freqs_cis)
[rank44]:              ~~~~~~~~~~~~~~~~^^^^^^^^^^^^^^^^^^^^^^^^^^^^^
[rank44]:   File "/home/hice1/cman8/conda_env/chakra_fx/lib/python3.13/site-packages/torchtitan/models/llama3/model/model.py", line 93, in apply_rotary_emb
[rank44]:     xq_out = torch.view_as_real(xq_ * freqs_cis).flatten(3)
[rank44]:                                 ~~~~^~~~~~~~~~~
[rank44]: torch.OutOfMemoryError: CUDA out of memory. Tried to allocate 96.00 MiB. GPU 4 has a total capacity of 79.18 GiB of which 50.38 MiB is free. Including non-PyTorch memory, this process has 79.12 GiB memory in use. Of the allocated memory 77.78 GiB is allocated by PyTorch, and 3.24 MiB is reserved by PyTorch but unallocated. If reserved but unallocated memory is large try setting PYTORCH_CUDA_ALLOC_CONF=expandable_segments:True to avoid fragmentation.  See documentation for Memory Management  (https://pytorch.org/docs/stable/notes/cuda.html#environment-variables)
[rank36]: Traceback (most recent call last):
[rank36]:   File "/storage/ice1/5/1/cman8/shared/chakra_fx/profile_fxgraph.py", line 92, in <module>
[rank36]:     profiler.run_eager_fwbw_kineto_pass()
[rank36]:     ~~~~~~~~~~~~~~~~~~~~~~~~~~~~~~~~~~~^^
[rank36]:   File "/storage/ice1/5/1/cman8/shared/chakra_fx/src/chakra_fx/profilers/model_profiler.py", line 164, in run_eager_fwbw_kineto_pass
[rank36]:     output = self.model(self.sample_input)
[rank36]:   File "/home/hice1/cman8/conda_env/chakra_fx/lib/python3.13/site-packages/torch/nn/modules/module.py", line 1775, in _wrapped_call_impl
[rank36]:     return self._call_impl(*args, **kwargs)
[rank36]:            ~~~~~~~~~~~~~~~^^^^^^^^^^^^^^^^^
[rank36]:   File "/home/hice1/cman8/conda_env/chakra_fx/lib/python3.13/site-packages/torch/nn/modules/module.py", line 1786, in _call_impl
[rank36]:     return forward_call(*args, **kwargs)
[rank36]:   File "/home/hice1/cman8/conda_env/chakra_fx/lib/python3.13/site-packages/torchtitan/models/llama3/model/model.py", line 428, in forward
[rank36]:     h = layer(h, self.freqs_cis)
[rank36]:   File "/home/hice1/cman8/conda_env/chakra_fx/lib/python3.13/site-packages/torch/nn/modules/module.py", line 1775, in _wrapped_call_impl
[rank36]:     return self._call_impl(*args, **kwargs)
[rank36]:            ~~~~~~~~~~~~~~~^^^^^^^^^^^^^^^^^
[rank36]:   File "/home/hice1/cman8/conda_env/chakra_fx/lib/python3.13/site-packages/torch/nn/modules/module.py", line 1786, in _call_impl
[rank36]:     return forward_call(*args, **kwargs)
[rank36]:   File "/home/hice1/cman8/conda_env/chakra_fx/lib/python3.13/site-packages/torchtitan/models/llama3/model/model.py", line 300, in forward
[rank36]:     h = x + self.attention(self.attention_norm(x), freqs_cis)
[rank36]:             ~~~~~~~~~~~~~~^^^^^^^^^^^^^^^^^^^^^^^^^^^^^^^^^^^
[rank36]:   File "/home/hice1/cman8/conda_env/chakra_fx/lib/python3.13/site-packages/torch/nn/modules/module.py", line 1775, in _wrapped_call_impl
[rank36]:     return self._call_impl(*args, **kwargs)
[rank36]:            ~~~~~~~~~~~~~~~^^^^^^^^^^^^^^^^^
[rank36]:   File "/home/hice1/cman8/conda_env/chakra_fx/lib/python3.13/site-packages/torch/nn/modules/module.py", line 1786, in _call_impl
[rank36]:     return forward_call(*args, **kwargs)
[rank36]:   File "/home/hice1/cman8/conda_env/chakra_fx/lib/python3.13/site-packages/torchtitan/models/llama3/model/model.py", line 192, in forward
[rank36]:     output = self.sdpa(xq, xk, xv)
[rank36]:   File "/home/hice1/cman8/conda_env/chakra_fx/lib/python3.13/site-packages/torch/nn/modules/module.py", line 1775, in _wrapped_call_impl
[rank36]:     return self._call_impl(*args, **kwargs)
[rank36]:            ~~~~~~~~~~~~~~~^^^^^^^^^^^^^^^^^
[rank36]:   File "/home/hice1/cman8/conda_env/chakra_fx/lib/python3.13/site-packages/torch/nn/modules/module.py", line 1786, in _call_impl
[rank36]:     return forward_call(*args, **kwargs)
[rank36]:   File "/home/hice1/cman8/conda_env/chakra_fx/lib/python3.13/site-packages/torchtitan/models/attention.py", line 218, in forward
[rank36]:     return F.scaled_dot_product_attention(q, k, v, is_causal=True, scale=scale)
[rank36]:            ~~~~~~~~~~~~~~~~~~~~~~~~~~~~~~^^^^^^^^^^^^^^^^^^^^^^^^^^^^^^^^^^^^^^
[rank36]: torch.OutOfMemoryError: CUDA out of memory. Tried to allocate 96.00 MiB. GPU 4 has a total capacity of 79.18 GiB of which 70.38 MiB is free. Including non-PyTorch memory, this process has 79.10 GiB memory in use. Of the allocated memory 77.91 GiB is allocated by PyTorch, and 3.24 MiB is reserved by PyTorch but unallocated. If reserved but unallocated memory is large try setting PYTORCH_CUDA_ALLOC_CONF=expandable_segments:True to avoid fragmentation.  See documentation for Memory Management  (https://pytorch.org/docs/stable/notes/cuda.html#environment-variables)
[rank52]: Traceback (most recent call last):
[rank52]:   File "/storage/ice1/5/1/cman8/shared/chakra_fx/profile_fxgraph.py", line 92, in <module>
[rank52]:     profiler.run_eager_fwbw_kineto_pass()
[rank52]:     ~~~~~~~~~~~~~~~~~~~~~~~~~~~~~~~~~~~^^
[rank52]:   File "/storage/ice1/5/1/cman8/shared/chakra_fx/src/chakra_fx/profilers/model_profiler.py", line 164, in run_eager_fwbw_kineto_pass
[rank52]:     output = self.model(self.sample_input)
[rank52]:   File "/home/hice1/cman8/conda_env/chakra_fx/lib/python3.13/site-packages/torch/nn/modules/module.py", line 1775, in _wrapped_call_impl
[rank52]:     return self._call_impl(*args, **kwargs)
[rank52]:            ~~~~~~~~~~~~~~~^^^^^^^^^^^^^^^^^
[rank52]:   File "/home/hice1/cman8/conda_env/chakra_fx/lib/python3.13/site-packages/torch/nn/modules/module.py", line 1786, in _call_impl
[rank52]:     return forward_call(*args, **kwargs)
[rank52]:   File "/home/hice1/cman8/conda_env/chakra_fx/lib/python3.13/site-packages/torchtitan/models/llama3/model/model.py", line 428, in forward
[rank52]:     h = layer(h, self.freqs_cis)
[rank52]:   File "/home/hice1/cman8/conda_env/chakra_fx/lib/python3.13/site-packages/torch/nn/modules/module.py", line 1775, in _wrapped_call_impl
[rank52]:     return self._call_impl(*args, **kwargs)
[rank52]:            ~~~~~~~~~~~~~~~^^^^^^^^^^^^^^^^^
[rank52]:   File "/home/hice1/cman8/conda_env/chakra_fx/lib/python3.13/site-packages/torch/nn/modules/module.py", line 1786, in _call_impl
[rank52]:     return forward_call(*args, **kwargs)
[rank52]:   File "/home/hice1/cman8/conda_env/chakra_fx/lib/python3.13/site-packages/torchtitan/models/llama3/model/model.py", line 300, in forward
[rank52]:     h = x + self.attention(self.attention_norm(x), freqs_cis)
[rank52]:             ~~~~~~~~~~~~~~^^^^^^^^^^^^^^^^^^^^^^^^^^^^^^^^^^^
[rank52]:   File "/home/hice1/cman8/conda_env/chakra_fx/lib/python3.13/site-packages/torch/nn/modules/module.py", line 1775, in _wrapped_call_impl
[rank52]:     return self._call_impl(*args, **kwargs)
[rank52]:            ~~~~~~~~~~~~~~~^^^^^^^^^^^^^^^^^
[rank52]:   File "/home/hice1/cman8/conda_env/chakra_fx/lib/python3.13/site-packages/torch/nn/modules/module.py", line 1786, in _call_impl
[rank52]:     return forward_call(*args, **kwargs)
[rank52]:   File "/home/hice1/cman8/conda_env/chakra_fx/lib/python3.13/site-packages/torchtitan/models/llama3/model/model.py", line 192, in forward
[rank52]:     output = self.sdpa(xq, xk, xv)
[rank52]:   File "/home/hice1/cman8/conda_env/chakra_fx/lib/python3.13/site-packages/torch/nn/modules/module.py", line 1775, in _wrapped_call_impl
[rank52]:     return self._call_impl(*args, **kwargs)
[rank52]:            ~~~~~~~~~~~~~~~^^^^^^^^^^^^^^^^^
[rank52]:   File "/home/hice1/cman8/conda_env/chakra_fx/lib/python3.13/site-packages/torch/nn/modules/module.py", line 1786, in _call_impl
[rank52]:     return forward_call(*args, **kwargs)
[rank52]:   File "/home/hice1/cman8/conda_env/chakra_fx/lib/python3.13/site-packages/torchtitan/models/attention.py", line 218, in forward
[rank52]:     return F.scaled_dot_product_attention(q, k, v, is_causal=True, scale=scale)
[rank52]:            ~~~~~~~~~~~~~~~~~~~~~~~~~~~~~~^^^^^^^^^^^^^^^^^^^^^^^^^^^^^^^^^^^^^^
[rank52]: torch.OutOfMemoryError: CUDA out of memory. Tried to allocate 96.00 MiB. GPU 4 has a total capacity of 79.18 GiB of which 70.38 MiB is free. Including non-PyTorch memory, this process has 79.10 GiB memory in use. Of the allocated memory 77.91 GiB is allocated by PyTorch, and 3.24 MiB is reserved by PyTorch but unallocated. If reserved but unallocated memory is large try setting PYTORCH_CUDA_ALLOC_CONF=expandable_segments:True to avoid fragmentation.  See documentation for Memory Management  (https://pytorch.org/docs/stable/notes/cuda.html#environment-variables)
[rank6]: Traceback (most recent call last):
[rank6]:   File "/storage/ice1/5/1/cman8/shared/chakra_fx/profile_fxgraph.py", line 92, in <module>
[rank6]:     profiler.run_eager_fwbw_kineto_pass()
[rank6]:     ~~~~~~~~~~~~~~~~~~~~~~~~~~~~~~~~~~~^^
[rank6]:   File "/storage/ice1/5/1/cman8/shared/chakra_fx/src/chakra_fx/profilers/model_profiler.py", line 164, in run_eager_fwbw_kineto_pass
[rank6]:     output = self.model(self.sample_input)
[rank6]:   File "/home/hice1/cman8/conda_env/chakra_fx/lib/python3.13/site-packages/torch/nn/modules/module.py", line 1775, in _wrapped_call_impl
[rank6]:     return self._call_impl(*args, **kwargs)
[rank6]:            ~~~~~~~~~~~~~~~^^^^^^^^^^^^^^^^^
[rank6]:   File "/home/hice1/cman8/conda_env/chakra_fx/lib/python3.13/site-packages/torch/nn/modules/module.py", line 1786, in _call_impl
[rank6]:     return forward_call(*args, **kwargs)
[rank6]:   File "/home/hice1/cman8/conda_env/chakra_fx/lib/python3.13/site-packages/torchtitan/models/llama3/model/model.py", line 428, in forward
[rank6]:     h = layer(h, self.freqs_cis)
[rank6]:   File "/home/hice1/cman8/conda_env/chakra_fx/lib/python3.13/site-packages/torch/nn/modules/module.py", line 1775, in _wrapped_call_impl
[rank6]:     return self._call_impl(*args, **kwargs)
[rank6]:            ~~~~~~~~~~~~~~~^^^^^^^^^^^^^^^^^
[rank6]:   File "/home/hice1/cman8/conda_env/chakra_fx/lib/python3.13/site-packages/torch/nn/modules/module.py", line 1786, in _call_impl
[rank6]:     return forward_call(*args, **kwargs)
[rank6]:   File "/home/hice1/cman8/conda_env/chakra_fx/lib/python3.13/site-packages/torchtitan/models/llama3/model/model.py", line 300, in forward
[rank6]:     h = x + self.attention(self.attention_norm(x), freqs_cis)
[rank6]:             ~~~~~~~~~~~~~~^^^^^^^^^^^^^^^^^^^^^^^^^^^^^^^^^^^
[rank6]:   File "/home/hice1/cman8/conda_env/chakra_fx/lib/python3.13/site-packages/torch/nn/modules/module.py", line 1775, in _wrapped_call_impl
[rank6]:     return self._call_impl(*args, **kwargs)
[rank6]:            ~~~~~~~~~~~~~~~^^^^^^^^^^^^^^^^^
[rank6]:   File "/home/hice1/cman8/conda_env/chakra_fx/lib/python3.13/site-packages/torch/nn/modules/module.py", line 1786, in _call_impl
[rank6]:     return forward_call(*args, **kwargs)
[rank6]:   File "/home/hice1/cman8/conda_env/chakra_fx/lib/python3.13/site-packages/torchtitan/models/llama3/model/model.py", line 182, in forward
[rank6]:     xq, xk = apply_rotary_emb(xq, xk, freqs_cis=freqs_cis)
[rank6]:              ~~~~~~~~~~~~~~~~^^^^^^^^^^^^^^^^^^^^^^^^^^^^^
[rank6]:   File "/home/hice1/cman8/conda_env/chakra_fx/lib/python3.13/site-packages/torchtitan/models/llama3/model/model.py", line 93, in apply_rotary_emb
[rank6]:     xq_out = torch.view_as_real(xq_ * freqs_cis).flatten(3)
[rank6]:                                 ~~~~^~~~~~~~~~~
[rank6]: torch.OutOfMemoryError: CUDA out of memory. Tried to allocate 96.00 MiB. GPU 6 has a total capacity of 79.18 GiB of which 38.38 MiB is free. Including non-PyTorch memory, this process has 79.13 GiB memory in use. Of the allocated memory 77.78 GiB is allocated by PyTorch, and 3.24 MiB is reserved by PyTorch but unallocated. If reserved but unallocated memory is large try setting PYTORCH_CUDA_ALLOC_CONF=expandable_segments:True to avoid fragmentation.  See documentation for Memory Management  (https://pytorch.org/docs/stable/notes/cuda.html#environment-variables)
[rank2]: Traceback (most recent call last):
[rank2]:   File "/storage/ice1/5/1/cman8/shared/chakra_fx/profile_fxgraph.py", line 92, in <module>
[rank2]:     profiler.run_eager_fwbw_kineto_pass()
[rank2]:     ~~~~~~~~~~~~~~~~~~~~~~~~~~~~~~~~~~~^^
[rank2]:   File "/storage/ice1/5/1/cman8/shared/chakra_fx/src/chakra_fx/profilers/model_profiler.py", line 164, in run_eager_fwbw_kineto_pass
[rank2]:     output = self.model(self.sample_input)
[rank2]:   File "/home/hice1/cman8/conda_env/chakra_fx/lib/python3.13/site-packages/torch/nn/modules/module.py", line 1775, in _wrapped_call_impl
[rank2]:     return self._call_impl(*args, **kwargs)
[rank2]:            ~~~~~~~~~~~~~~~^^^^^^^^^^^^^^^^^
[rank2]:   File "/home/hice1/cman8/conda_env/chakra_fx/lib/python3.13/site-packages/torch/nn/modules/module.py", line 1786, in _call_impl
[rank2]:     return forward_call(*args, **kwargs)
[rank2]:   File "/home/hice1/cman8/conda_env/chakra_fx/lib/python3.13/site-packages/torchtitan/models/llama3/model/model.py", line 428, in forward
[rank2]:     h = layer(h, self.freqs_cis)
[rank2]:   File "/home/hice1/cman8/conda_env/chakra_fx/lib/python3.13/site-packages/torch/nn/modules/module.py", line 1775, in _wrapped_call_impl
[rank2]:     return self._call_impl(*args, **kwargs)
[rank2]:            ~~~~~~~~~~~~~~~^^^^^^^^^^^^^^^^^
[rank2]:   File "/home/hice1/cman8/conda_env/chakra_fx/lib/python3.13/site-packages/torch/nn/modules/module.py", line 1786, in _call_impl
[rank2]:     return forward_call(*args, **kwargs)
[rank2]:   File "/home/hice1/cman8/conda_env/chakra_fx/lib/python3.13/site-packages/torchtitan/models/llama3/model/model.py", line 300, in forward
[rank2]:     h = x + self.attention(self.attention_norm(x), freqs_cis)
[rank2]:             ~~~~~~~~~~~~~~^^^^^^^^^^^^^^^^^^^^^^^^^^^^^^^^^^^
[rank2]:   File "/home/hice1/cman8/conda_env/chakra_fx/lib/python3.13/site-packages/torch/nn/modules/module.py", line 1775, in _wrapped_call_impl
[rank2]:     return self._call_impl(*args, **kwargs)
[rank2]:            ~~~~~~~~~~~~~~~^^^^^^^^^^^^^^^^^
[rank2]:   File "/home/hice1/cman8/conda_env/chakra_fx/lib/python3.13/site-packages/torch/nn/modules/module.py", line 1786, in _call_impl
[rank2]:     return forward_call(*args, **kwargs)
[rank2]:   File "/home/hice1/cman8/conda_env/chakra_fx/lib/python3.13/site-packages/torchtitan/models/llama3/model/model.py", line 182, in forward
[rank2]:     xq, xk = apply_rotary_emb(xq, xk, freqs_cis=freqs_cis)
[rank2]:              ~~~~~~~~~~~~~~~~^^^^^^^^^^^^^^^^^^^^^^^^^^^^^
[rank2]:   File "/home/hice1/cman8/conda_env/chakra_fx/lib/python3.13/site-packages/torchtitan/models/llama3/model/model.py", line 93, in apply_rotary_emb
[rank2]:     xq_out = torch.view_as_real(xq_ * freqs_cis).flatten(3)
[rank2]:                                 ~~~~^~~~~~~~~~~
[rank2]: torch.OutOfMemoryError: CUDA out of memory. Tried to allocate 96.00 MiB. GPU 2 has a total capacity of 79.18 GiB of which 38.38 MiB is free. Including non-PyTorch memory, this process has 79.13 GiB memory in use. Of the allocated memory 77.78 GiB is allocated by PyTorch, and 3.24 MiB is reserved by PyTorch but unallocated. If reserved but unallocated memory is large try setting PYTORCH_CUDA_ALLOC_CONF=expandable_segments:True to avoid fragmentation.  See documentation for Memory Management  (https://pytorch.org/docs/stable/notes/cuda.html#environment-variables)
[rank16]:[W820 00:45:25.108805261 ProcessGroupNCCL.cpp:1519] Warning: WARNING: destroy_process_group() was not called before program exit, which can leak resources. For more info, please see https://pytorch.org/docs/stable/distributed.html#shutdown (function operator())
[rank4]: Traceback (most recent call last):
[rank4]:   File "/storage/ice1/5/1/cman8/shared/chakra_fx/profile_fxgraph.py", line 92, in <module>
[rank4]:     profiler.run_eager_fwbw_kineto_pass()
[rank4]:     ~~~~~~~~~~~~~~~~~~~~~~~~~~~~~~~~~~~^^
[rank4]:   File "/storage/ice1/5/1/cman8/shared/chakra_fx/src/chakra_fx/profilers/model_profiler.py", line 164, in run_eager_fwbw_kineto_pass
[rank4]:     output = self.model(self.sample_input)
[rank4]:   File "/home/hice1/cman8/conda_env/chakra_fx/lib/python3.13/site-packages/torch/nn/modules/module.py", line 1775, in _wrapped_call_impl
[rank4]:     return self._call_impl(*args, **kwargs)
[rank4]:            ~~~~~~~~~~~~~~~^^^^^^^^^^^^^^^^^
[rank4]:   File "/home/hice1/cman8/conda_env/chakra_fx/lib/python3.13/site-packages/torch/nn/modules/module.py", line 1786, in _call_impl
[rank4]:     return forward_call(*args, **kwargs)
[rank4]:   File "/home/hice1/cman8/conda_env/chakra_fx/lib/python3.13/site-packages/torchtitan/models/llama3/model/model.py", line 428, in forward
[rank4]:     h = layer(h, self.freqs_cis)
[rank4]:   File "/home/hice1/cman8/conda_env/chakra_fx/lib/python3.13/site-packages/torch/nn/modules/module.py", line 1775, in _wrapped_call_impl
[rank4]:     return self._call_impl(*args, **kwargs)
[rank4]:            ~~~~~~~~~~~~~~~^^^^^^^^^^^^^^^^^
[rank4]:   File "/home/hice1/cman8/conda_env/chakra_fx/lib/python3.13/site-packages/torch/nn/modules/module.py", line 1786, in _call_impl
[rank4]:     return forward_call(*args, **kwargs)
[rank4]:   File "/home/hice1/cman8/conda_env/chakra_fx/lib/python3.13/site-packages/torchtitan/models/llama3/model/model.py", line 300, in forward
[rank4]:     h = x + self.attention(self.attention_norm(x), freqs_cis)
[rank4]:             ~~~~~~~~~~~~~~^^^^^^^^^^^^^^^^^^^^^^^^^^^^^^^^^^^
[rank4]:   File "/home/hice1/cman8/conda_env/chakra_fx/lib/python3.13/site-packages/torch/nn/modules/module.py", line 1775, in _wrapped_call_impl
[rank4]:     return self._call_impl(*args, **kwargs)
[rank4]:            ~~~~~~~~~~~~~~~^^^^^^^^^^^^^^^^^
[rank4]:   File "/home/hice1/cman8/conda_env/chakra_fx/lib/python3.13/site-packages/torch/nn/modules/module.py", line 1786, in _call_impl
[rank4]:     return forward_call(*args, **kwargs)
[rank4]:   File "/home/hice1/cman8/conda_env/chakra_fx/lib/python3.13/site-packages/torchtitan/models/llama3/model/model.py", line 192, in forward
[rank4]:     output = self.sdpa(xq, xk, xv)
[rank4]:   File "/home/hice1/cman8/conda_env/chakra_fx/lib/python3.13/site-packages/torch/nn/modules/module.py", line 1775, in _wrapped_call_impl
[rank4]:     return self._call_impl(*args, **kwargs)
[rank4]:            ~~~~~~~~~~~~~~~^^^^^^^^^^^^^^^^^
[rank4]:   File "/home/hice1/cman8/conda_env/chakra_fx/lib/python3.13/site-packages/torch/nn/modules/module.py", line 1786, in _call_impl
[rank4]:     return forward_call(*args, **kwargs)
[rank4]:   File "/home/hice1/cman8/conda_env/chakra_fx/lib/python3.13/site-packages/torchtitan/models/attention.py", line 218, in forward
[rank4]:     return F.scaled_dot_product_attention(q, k, v, is_causal=True, scale=scale)
[rank4]:            ~~~~~~~~~~~~~~~~~~~~~~~~~~~~~~^^^^^^^^^^^^^^^^^^^^^^^^^^^^^^^^^^^^^^
[rank4]: torch.OutOfMemoryError: CUDA out of memory. Tried to allocate 96.00 MiB. GPU 4 has a total capacity of 79.18 GiB of which 70.38 MiB is free. Including non-PyTorch memory, this process has 79.10 GiB memory in use. Of the allocated memory 77.91 GiB is allocated by PyTorch, and 3.24 MiB is reserved by PyTorch but unallocated. If reserved but unallocated memory is large try setting PYTORCH_CUDA_ALLOC_CONF=expandable_segments:True to avoid fragmentation.  See documentation for Memory Management  (https://pytorch.org/docs/stable/notes/cuda.html#environment-variables)
[rank7]: Traceback (most recent call last):
[rank7]:   File "/storage/ice1/5/1/cman8/shared/chakra_fx/profile_fxgraph.py", line 92, in <module>
[rank7]:     profiler.run_eager_fwbw_kineto_pass()
[rank7]:     ~~~~~~~~~~~~~~~~~~~~~~~~~~~~~~~~~~~^^
[rank7]:   File "/storage/ice1/5/1/cman8/shared/chakra_fx/src/chakra_fx/profilers/model_profiler.py", line 164, in run_eager_fwbw_kineto_pass
[rank7]:     output = self.model(self.sample_input)
[rank7]:   File "/home/hice1/cman8/conda_env/chakra_fx/lib/python3.13/site-packages/torch/nn/modules/module.py", line 1775, in _wrapped_call_impl
[rank7]:     return self._call_impl(*args, **kwargs)
[rank7]:            ~~~~~~~~~~~~~~~^^^^^^^^^^^^^^^^^
[rank7]:   File "/home/hice1/cman8/conda_env/chakra_fx/lib/python3.13/site-packages/torch/nn/modules/module.py", line 1786, in _call_impl
[rank7]:     return forward_call(*args, **kwargs)
[rank7]:   File "/home/hice1/cman8/conda_env/chakra_fx/lib/python3.13/site-packages/torchtitan/models/llama3/model/model.py", line 428, in forward
[rank7]:     h = layer(h, self.freqs_cis)
[rank7]:   File "/home/hice1/cman8/conda_env/chakra_fx/lib/python3.13/site-packages/torch/nn/modules/module.py", line 1775, in _wrapped_call_impl
[rank7]:     return self._call_impl(*args, **kwargs)
[rank7]:            ~~~~~~~~~~~~~~~^^^^^^^^^^^^^^^^^
[rank7]:   File "/home/hice1/cman8/conda_env/chakra_fx/lib/python3.13/site-packages/torch/nn/modules/module.py", line 1786, in _call_impl
[rank7]:     return forward_call(*args, **kwargs)
[rank7]:   File "/home/hice1/cman8/conda_env/chakra_fx/lib/python3.13/site-packages/torchtitan/models/llama3/model/model.py", line 300, in forward
[rank7]:     h = x + self.attention(self.attention_norm(x), freqs_cis)
[rank7]:             ~~~~~~~~~~~~~~^^^^^^^^^^^^^^^^^^^^^^^^^^^^^^^^^^^
[rank7]:   File "/home/hice1/cman8/conda_env/chakra_fx/lib/python3.13/site-packages/torch/nn/modules/module.py", line 1775, in _wrapped_call_impl
[rank7]:     return self._call_impl(*args, **kwargs)
[rank7]:            ~~~~~~~~~~~~~~~^^^^^^^^^^^^^^^^^
[rank7]:   File "/home/hice1/cman8/conda_env/chakra_fx/lib/python3.13/site-packages/torch/nn/modules/module.py", line 1786, in _call_impl
[rank7]:     return forward_call(*args, **kwargs)
[rank7]:   File "/home/hice1/cman8/conda_env/chakra_fx/lib/python3.13/site-packages/torchtitan/models/llama3/model/model.py", line 182, in forward
[rank7]:     xq, xk = apply_rotary_emb(xq, xk, freqs_cis=freqs_cis)
[rank7]:              ~~~~~~~~~~~~~~~~^^^^^^^^^^^^^^^^^^^^^^^^^^^^^
[rank7]:   File "/home/hice1/cman8/conda_env/chakra_fx/lib/python3.13/site-packages/torchtitan/models/llama3/model/model.py", line 93, in apply_rotary_emb
[rank7]:     xq_out = torch.view_as_real(xq_ * freqs_cis).flatten(3)
[rank7]:                                 ~~~~^~~~~~~~~~~
[rank7]: torch.OutOfMemoryError: CUDA out of memory. Tried to allocate 96.00 MiB. GPU 7 has a total capacity of 79.18 GiB of which 38.38 MiB is free. Including non-PyTorch memory, this process has 79.13 GiB memory in use. Of the allocated memory 77.78 GiB is allocated by PyTorch, and 3.24 MiB is reserved by PyTorch but unallocated. If reserved but unallocated memory is large try setting PYTORCH_CUDA_ALLOC_CONF=expandable_segments:True to avoid fragmentation.  See documentation for Memory Management  (https://pytorch.org/docs/stable/notes/cuda.html#environment-variables)
[rank3]: Traceback (most recent call last):
[rank3]:   File "/storage/ice1/5/1/cman8/shared/chakra_fx/profile_fxgraph.py", line 92, in <module>
[rank3]:     profiler.run_eager_fwbw_kineto_pass()
[rank3]:     ~~~~~~~~~~~~~~~~~~~~~~~~~~~~~~~~~~~^^
[rank3]:   File "/storage/ice1/5/1/cman8/shared/chakra_fx/src/chakra_fx/profilers/model_profiler.py", line 164, in run_eager_fwbw_kineto_pass
[rank3]:     output = self.model(self.sample_input)
[rank3]:   File "/home/hice1/cman8/conda_env/chakra_fx/lib/python3.13/site-packages/torch/nn/modules/module.py", line 1775, in _wrapped_call_impl
[rank3]:     return self._call_impl(*args, **kwargs)
[rank3]:            ~~~~~~~~~~~~~~~^^^^^^^^^^^^^^^^^
[rank3]:   File "/home/hice1/cman8/conda_env/chakra_fx/lib/python3.13/site-packages/torch/nn/modules/module.py", line 1786, in _call_impl
[rank3]:     return forward_call(*args, **kwargs)
[rank3]:   File "/home/hice1/cman8/conda_env/chakra_fx/lib/python3.13/site-packages/torchtitan/models/llama3/model/model.py", line 428, in forward
[rank3]:     h = layer(h, self.freqs_cis)
[rank3]:   File "/home/hice1/cman8/conda_env/chakra_fx/lib/python3.13/site-packages/torch/nn/modules/module.py", line 1775, in _wrapped_call_impl
[rank3]:     return self._call_impl(*args, **kwargs)
[rank3]:            ~~~~~~~~~~~~~~~^^^^^^^^^^^^^^^^^
[rank3]:   File "/home/hice1/cman8/conda_env/chakra_fx/lib/python3.13/site-packages/torch/nn/modules/module.py", line 1786, in _call_impl
[rank3]:     return forward_call(*args, **kwargs)
[rank3]:   File "/home/hice1/cman8/conda_env/chakra_fx/lib/python3.13/site-packages/torchtitan/models/llama3/model/model.py", line 300, in forward
[rank3]:     h = x + self.attention(self.attention_norm(x), freqs_cis)
[rank3]:             ~~~~~~~~~~~~~~^^^^^^^^^^^^^^^^^^^^^^^^^^^^^^^^^^^
[rank3]:   File "/home/hice1/cman8/conda_env/chakra_fx/lib/python3.13/site-packages/torch/nn/modules/module.py", line 1775, in _wrapped_call_impl
[rank3]:     return self._call_impl(*args, **kwargs)
[rank3]:            ~~~~~~~~~~~~~~~^^^^^^^^^^^^^^^^^
[rank3]:   File "/home/hice1/cman8/conda_env/chakra_fx/lib/python3.13/site-packages/torch/nn/modules/module.py", line 1786, in _call_impl
[rank3]:     return forward_call(*args, **kwargs)
[rank3]:   File "/home/hice1/cman8/conda_env/chakra_fx/lib/python3.13/site-packages/torchtitan/models/llama3/model/model.py", line 182, in forward
[rank3]:     xq, xk = apply_rotary_emb(xq, xk, freqs_cis=freqs_cis)
[rank3]:              ~~~~~~~~~~~~~~~~^^^^^^^^^^^^^^^^^^^^^^^^^^^^^
[rank3]:   File "/home/hice1/cman8/conda_env/chakra_fx/lib/python3.13/site-packages/torchtitan/models/llama3/model/model.py", line 93, in apply_rotary_emb
[rank3]:     xq_out = torch.view_as_real(xq_ * freqs_cis).flatten(3)
[rank3]:                                 ~~~~^~~~~~~~~~~
[rank3]: torch.OutOfMemoryError: CUDA out of memory. Tried to allocate 96.00 MiB. GPU 3 has a total capacity of 79.18 GiB of which 38.38 MiB is free. Including non-PyTorch memory, this process has 79.13 GiB memory in use. Of the allocated memory 77.78 GiB is allocated by PyTorch, and 3.24 MiB is reserved by PyTorch but unallocated. If reserved but unallocated memory is large try setting PYTORCH_CUDA_ALLOC_CONF=expandable_segments:True to avoid fragmentation.  See documentation for Memory Management  (https://pytorch.org/docs/stable/notes/cuda.html#environment-variables)
[rank24]:[W820 00:45:25.553618244 ProcessGroupNCCL.cpp:1519] Warning: WARNING: destroy_process_group() was not called before program exit, which can leak resources. For more info, please see https://pytorch.org/docs/stable/distributed.html#shutdown (function operator())
[rank40]:[W820 00:45:25.138956153 ProcessGroupNCCL.cpp:1519] Warning: WARNING: destroy_process_group() was not called before program exit, which can leak resources. For more info, please see https://pytorch.org/docs/stable/distributed.html#shutdown (function operator())
[rank56]:[W820 00:45:25.209882463 ProcessGroupNCCL.cpp:1519] Warning: WARNING: destroy_process_group() was not called before program exit, which can leak resources. For more info, please see https://pytorch.org/docs/stable/distributed.html#shutdown (function operator())
[rank48]:[W820 00:45:25.749628822 ProcessGroupNCCL.cpp:1519] Warning: WARNING: destroy_process_group() was not called before program exit, which can leak resources. For more info, please see https://pytorch.org/docs/stable/distributed.html#shutdown (function operator())
W0820 00:45:25.311000 1572277 /storage/ice1/5/1/cman8/conda_env/chakra_fx/lib/python3.13/site-packages/torch/distributed/elastic/multiprocessing/api.py:908] Sending process 1572355 closing signal SIGTERM
W0820 00:45:25.312000 1572277 /storage/ice1/5/1/cman8/conda_env/chakra_fx/lib/python3.13/site-packages/torch/distributed/elastic/multiprocessing/api.py:908] Sending process 1572357 closing signal SIGTERM
W0820 00:45:25.312000 1572277 /storage/ice1/5/1/cman8/conda_env/chakra_fx/lib/python3.13/site-packages/torch/distributed/elastic/multiprocessing/api.py:908] Sending process 1572358 closing signal SIGTERM
W0820 00:45:25.313000 1572277 /storage/ice1/5/1/cman8/conda_env/chakra_fx/lib/python3.13/site-packages/torch/distributed/elastic/multiprocessing/api.py:908] Sending process 1572359 closing signal SIGTERM
W0820 00:45:25.313000 1572277 /storage/ice1/5/1/cman8/conda_env/chakra_fx/lib/python3.13/site-packages/torch/distributed/elastic/multiprocessing/api.py:908] Sending process 1572360 closing signal SIGTERM
W0820 00:45:25.313000 1572277 /storage/ice1/5/1/cman8/conda_env/chakra_fx/lib/python3.13/site-packages/torch/distributed/elastic/multiprocessing/api.py:908] Sending process 1572361 closing signal SIGTERM
W0820 00:45:25.314000 1572277 /storage/ice1/5/1/cman8/conda_env/chakra_fx/lib/python3.13/site-packages/torch/distributed/elastic/multiprocessing/api.py:908] Sending process 1572362 closing signal SIGTERM
[rank32]:[W820 00:45:25.885615485 ProcessGroupNCCL.cpp:1519] Warning: WARNING: destroy_process_group() was not called before program exit, which can leak resources. For more info, please see https://pytorch.org/docs/stable/distributed.html#shutdown (function operator())
W0820 00:45:26.014000 1785896 /storage/ice1/5/1/cman8/conda_env/chakra_fx/lib/python3.13/site-packages/torch/distributed/elastic/multiprocessing/api.py:908] Sending process 1785974 closing signal SIGTERM
W0820 00:45:26.014000 1785896 /storage/ice1/5/1/cman8/conda_env/chakra_fx/lib/python3.13/site-packages/torch/distributed/elastic/multiprocessing/api.py:908] Sending process 1785975 closing signal SIGTERM
W0820 00:45:26.015000 1785896 /storage/ice1/5/1/cman8/conda_env/chakra_fx/lib/python3.13/site-packages/torch/distributed/elastic/multiprocessing/api.py:908] Sending process 1785976 closing signal SIGTERM
W0820 00:45:26.015000 1785896 /storage/ice1/5/1/cman8/conda_env/chakra_fx/lib/python3.13/site-packages/torch/distributed/elastic/multiprocessing/api.py:908] Sending process 1785977 closing signal SIGTERM
W0820 00:45:26.016000 1785896 /storage/ice1/5/1/cman8/conda_env/chakra_fx/lib/python3.13/site-packages/torch/distributed/elastic/multiprocessing/api.py:908] Sending process 1785978 closing signal SIGTERM
W0820 00:45:26.016000 1785896 /storage/ice1/5/1/cman8/conda_env/chakra_fx/lib/python3.13/site-packages/torch/distributed/elastic/multiprocessing/api.py:908] Sending process 1785979 closing signal SIGTERM
W0820 00:45:26.016000 1785896 /storage/ice1/5/1/cman8/conda_env/chakra_fx/lib/python3.13/site-packages/torch/distributed/elastic/multiprocessing/api.py:908] Sending process 1785980 closing signal SIGTERM
W0820 00:45:26.115000 772353 /storage/ice1/5/1/cman8/conda_env/chakra_fx/lib/python3.13/site-packages/torch/distributed/elastic/multiprocessing/api.py:908] Sending process 772424 closing signal SIGTERM
W0820 00:45:26.116000 772353 /storage/ice1/5/1/cman8/conda_env/chakra_fx/lib/python3.13/site-packages/torch/distributed/elastic/multiprocessing/api.py:908] Sending process 772425 closing signal SIGTERM
W0820 00:45:26.116000 772353 /storage/ice1/5/1/cman8/conda_env/chakra_fx/lib/python3.13/site-packages/torch/distributed/elastic/multiprocessing/api.py:908] Sending process 772426 closing signal SIGTERM
W0820 00:45:26.116000 2831196 /storage/ice1/5/1/cman8/conda_env/chakra_fx/lib/python3.13/site-packages/torch/distributed/elastic/multiprocessing/api.py:908] Sending process 2831262 closing signal SIGTERM
W0820 00:45:26.117000 772353 /storage/ice1/5/1/cman8/conda_env/chakra_fx/lib/python3.13/site-packages/torch/distributed/elastic/multiprocessing/api.py:908] Sending process 772427 closing signal SIGTERM
W0820 00:45:26.117000 2831196 /storage/ice1/5/1/cman8/conda_env/chakra_fx/lib/python3.13/site-packages/torch/distributed/elastic/multiprocessing/api.py:908] Sending process 2831263 closing signal SIGTERM
W0820 00:45:26.117000 772353 /storage/ice1/5/1/cman8/conda_env/chakra_fx/lib/python3.13/site-packages/torch/distributed/elastic/multiprocessing/api.py:908] Sending process 772428 closing signal SIGTERM
W0820 00:45:26.117000 2831196 /storage/ice1/5/1/cman8/conda_env/chakra_fx/lib/python3.13/site-packages/torch/distributed/elastic/multiprocessing/api.py:908] Sending process 2831264 closing signal SIGTERM
W0820 00:45:26.117000 772353 /storage/ice1/5/1/cman8/conda_env/chakra_fx/lib/python3.13/site-packages/torch/distributed/elastic/multiprocessing/api.py:908] Sending process 772429 closing signal SIGTERM
W0820 00:45:26.117000 2831196 /storage/ice1/5/1/cman8/conda_env/chakra_fx/lib/python3.13/site-packages/torch/distributed/elastic/multiprocessing/api.py:908] Sending process 2831265 closing signal SIGTERM
W0820 00:45:26.118000 772353 /storage/ice1/5/1/cman8/conda_env/chakra_fx/lib/python3.13/site-packages/torch/distributed/elastic/multiprocessing/api.py:908] Sending process 772430 closing signal SIGTERM
W0820 00:45:26.118000 2831196 /storage/ice1/5/1/cman8/conda_env/chakra_fx/lib/python3.13/site-packages/torch/distributed/elastic/multiprocessing/api.py:908] Sending process 2831266 closing signal SIGTERM
W0820 00:45:26.118000 2831196 /storage/ice1/5/1/cman8/conda_env/chakra_fx/lib/python3.13/site-packages/torch/distributed/elastic/multiprocessing/api.py:908] Sending process 2831267 closing signal SIGTERM
W0820 00:45:26.119000 2831196 /storage/ice1/5/1/cman8/conda_env/chakra_fx/lib/python3.13/site-packages/torch/distributed/elastic/multiprocessing/api.py:908] Sending process 2831268 closing signal SIGTERM
W0820 00:45:26.216000 1429735 /storage/ice1/5/1/cman8/conda_env/chakra_fx/lib/python3.13/site-packages/torch/distributed/elastic/multiprocessing/api.py:908] Sending process 1429800 closing signal SIGTERM
W0820 00:45:26.217000 1429735 /storage/ice1/5/1/cman8/conda_env/chakra_fx/lib/python3.13/site-packages/torch/distributed/elastic/multiprocessing/api.py:908] Sending process 1429801 closing signal SIGTERM
W0820 00:45:26.217000 1429735 /storage/ice1/5/1/cman8/conda_env/chakra_fx/lib/python3.13/site-packages/torch/distributed/elastic/multiprocessing/api.py:908] Sending process 1429802 closing signal SIGTERM
W0820 00:45:26.216000 1038311 /storage/ice1/5/1/cman8/conda_env/chakra_fx/lib/python3.13/site-packages/torch/distributed/elastic/multiprocessing/api.py:908] Sending process 1038387 closing signal SIGTERM
W0820 00:45:26.217000 1429735 /storage/ice1/5/1/cman8/conda_env/chakra_fx/lib/python3.13/site-packages/torch/distributed/elastic/multiprocessing/api.py:908] Sending process 1429803 closing signal SIGTERM
W0820 00:45:26.217000 1038311 /storage/ice1/5/1/cman8/conda_env/chakra_fx/lib/python3.13/site-packages/torch/distributed/elastic/multiprocessing/api.py:908] Sending process 1038388 closing signal SIGTERM
W0820 00:45:26.218000 1429735 /storage/ice1/5/1/cman8/conda_env/chakra_fx/lib/python3.13/site-packages/torch/distributed/elastic/multiprocessing/api.py:908] Sending process 1429804 closing signal SIGTERM
W0820 00:45:26.217000 1038311 /storage/ice1/5/1/cman8/conda_env/chakra_fx/lib/python3.13/site-packages/torch/distributed/elastic/multiprocessing/api.py:908] Sending process 1038389 closing signal SIGTERM
W0820 00:45:26.218000 1429735 /storage/ice1/5/1/cman8/conda_env/chakra_fx/lib/python3.13/site-packages/torch/distributed/elastic/multiprocessing/api.py:908] Sending process 1429805 closing signal SIGTERM
W0820 00:45:26.218000 1038311 /storage/ice1/5/1/cman8/conda_env/chakra_fx/lib/python3.13/site-packages/torch/distributed/elastic/multiprocessing/api.py:908] Sending process 1038390 closing signal SIGTERM
W0820 00:45:26.218000 1429735 /storage/ice1/5/1/cman8/conda_env/chakra_fx/lib/python3.13/site-packages/torch/distributed/elastic/multiprocessing/api.py:908] Sending process 1429806 closing signal SIGTERM
W0820 00:45:26.218000 1038311 /storage/ice1/5/1/cman8/conda_env/chakra_fx/lib/python3.13/site-packages/torch/distributed/elastic/multiprocessing/api.py:908] Sending process 1038391 closing signal SIGTERM
W0820 00:45:26.219000 1038311 /storage/ice1/5/1/cman8/conda_env/chakra_fx/lib/python3.13/site-packages/torch/distributed/elastic/multiprocessing/api.py:908] Sending process 1038392 closing signal SIGTERM
W0820 00:45:26.219000 1038311 /storage/ice1/5/1/cman8/conda_env/chakra_fx/lib/python3.13/site-packages/torch/distributed/elastic/multiprocessing/api.py:908] Sending process 1038393 closing signal SIGTERM
W0820 00:45:26.224000 1406971 /storage/ice1/5/1/cman8/conda_env/chakra_fx/lib/python3.13/site-packages/torch/distributed/elastic/multiprocessing/api.py:908] Sending process 1407038 closing signal SIGTERM
W0820 00:45:26.225000 1406971 /storage/ice1/5/1/cman8/conda_env/chakra_fx/lib/python3.13/site-packages/torch/distributed/elastic/multiprocessing/api.py:908] Sending process 1407039 closing signal SIGTERM
W0820 00:45:26.225000 1406971 /storage/ice1/5/1/cman8/conda_env/chakra_fx/lib/python3.13/site-packages/torch/distributed/elastic/multiprocessing/api.py:908] Sending process 1407040 closing signal SIGTERM
W0820 00:45:26.226000 1406971 /storage/ice1/5/1/cman8/conda_env/chakra_fx/lib/python3.13/site-packages/torch/distributed/elastic/multiprocessing/api.py:908] Sending process 1407041 closing signal SIGTERM
W0820 00:45:26.226000 1406971 /storage/ice1/5/1/cman8/conda_env/chakra_fx/lib/python3.13/site-packages/torch/distributed/elastic/multiprocessing/api.py:908] Sending process 1407042 closing signal SIGTERM
W0820 00:45:26.226000 1406971 /storage/ice1/5/1/cman8/conda_env/chakra_fx/lib/python3.13/site-packages/torch/distributed/elastic/multiprocessing/api.py:908] Sending process 1407043 closing signal SIGTERM
W0820 00:45:26.227000 1406971 /storage/ice1/5/1/cman8/conda_env/chakra_fx/lib/python3.13/site-packages/torch/distributed/elastic/multiprocessing/api.py:908] Sending process 1407044 closing signal SIGTERM
W0820 00:45:26.615000 1409602 /storage/ice1/5/1/cman8/conda_env/chakra_fx/lib/python3.13/site-packages/torch/distributed/elastic/multiprocessing/api.py:908] Sending process 1409668 closing signal SIGTERM
W0820 00:45:26.616000 1409602 /storage/ice1/5/1/cman8/conda_env/chakra_fx/lib/python3.13/site-packages/torch/distributed/elastic/multiprocessing/api.py:908] Sending process 1409669 closing signal SIGTERM
W0820 00:45:26.617000 1409602 /storage/ice1/5/1/cman8/conda_env/chakra_fx/lib/python3.13/site-packages/torch/distributed/elastic/multiprocessing/api.py:908] Sending process 1409670 closing signal SIGTERM
W0820 00:45:26.617000 1409602 /storage/ice1/5/1/cman8/conda_env/chakra_fx/lib/python3.13/site-packages/torch/distributed/elastic/multiprocessing/api.py:908] Sending process 1409671 closing signal SIGTERM
W0820 00:45:26.617000 1409602 /storage/ice1/5/1/cman8/conda_env/chakra_fx/lib/python3.13/site-packages/torch/distributed/elastic/multiprocessing/api.py:908] Sending process 1409672 closing signal SIGTERM
W0820 00:45:26.618000 1409602 /storage/ice1/5/1/cman8/conda_env/chakra_fx/lib/python3.13/site-packages/torch/distributed/elastic/multiprocessing/api.py:908] Sending process 1409673 closing signal SIGTERM
W0820 00:45:26.618000 1409602 /storage/ice1/5/1/cman8/conda_env/chakra_fx/lib/python3.13/site-packages/torch/distributed/elastic/multiprocessing/api.py:908] Sending process 1409675 closing signal SIGTERM
E0820 00:45:27.334000 1572277 /storage/ice1/5/1/cman8/conda_env/chakra_fx/lib/python3.13/site-packages/torch/distributed/elastic/multiprocessing/api.py:882] failed (exitcode: 1) local_rank: 1 (pid: 1572356) of binary: /home/hice1/cman8/conda_env/chakra_fx/bin/python
Traceback (most recent call last):
  File "/home/hice1/cman8/conda_env/chakra_fx/bin/torchrun", line 8, in <module>
    sys.exit(main())
             ~~~~^^
  File "/home/hice1/cman8/conda_env/chakra_fx/lib/python3.13/site-packages/torch/distributed/elastic/multiprocessing/errors/__init__.py", line 357, in wrapper
    return f(*args, **kwargs)
  File "/home/hice1/cman8/conda_env/chakra_fx/lib/python3.13/site-packages/torch/distributed/run.py", line 936, in main
    run(args)
    ~~~^^^^^^
  File "/home/hice1/cman8/conda_env/chakra_fx/lib/python3.13/site-packages/torch/distributed/run.py", line 927, in run
    elastic_launch(
    ~~~~~~~~~~~~~~~
        config=config,
        ~~~~~~~~~~~~~~
        entrypoint=cmd,
        ~~~~~~~~~~~~~~~
    )(*cmd_args)
    ~^^^^^^^^^^^
  File "/home/hice1/cman8/conda_env/chakra_fx/lib/python3.13/site-packages/torch/distributed/launcher/api.py", line 159, in __call__
    return launch_agent(self._config, self._entrypoint, list(args))
  File "/home/hice1/cman8/conda_env/chakra_fx/lib/python3.13/site-packages/torch/distributed/launcher/api.py", line 296, in launch_agent
    raise ChildFailedError(
    ...<2 lines>...
    )
torch.distributed.elastic.multiprocessing.errors.ChildFailedError: 
============================================================
profile_fxgraph.py FAILED
------------------------------------------------------------
Failures:
  <NO_OTHER_FAILURES>
------------------------------------------------------------
Root Cause (first observed failure):
[0]:
  time      : 2025-08-20_00:45:25
  host      : atl1-1-03-010-20-0.pace.gatech.edu
  rank      : 1 (local_rank: 1)
  exitcode  : 1 (pid: 1572356)
  error_file: <N/A>
  traceback : To enable traceback see: https://pytorch.org/docs/stable/elastic/errors.html
============================================================
srun: error: atl1-1-03-010-20-0: task 0: Exited with exit code 1
E0820 00:45:27.948000 2831196 /storage/ice1/5/1/cman8/conda_env/chakra_fx/lib/python3.13/site-packages/torch/distributed/elastic/multiprocessing/api.py:882] failed (exitcode: 1) local_rank: 0 (pid: 2831261) of binary: /home/hice1/cman8/conda_env/chakra_fx/bin/python
[W820 00:45:27.979334288 TCPStore.cpp:138] [c10d] recvValueWithTimeout failed on SocketImpl(fd=72, addr=[atl1-1-03-011-8-0.pace.gatech.edu]:59272, remote=[atl1-1-03-010-20-0.pace.gatech.edu]:27351): Failed to recv, got 0 bytes. Connection was likely closed. Did the remote server shutdown or crash?
Exception raised from recvBytes at /pytorch/torch/csrc/distributed/c10d/Utils.hpp:682 (most recent call first):
frame #0: c10::Error::Error(c10::SourceLocation, std::__cxx11::basic_string<char, std::char_traits<char>, std::allocator<char> >) + 0x80 (0x1554cd9a6c30 in /home/hice1/cman8/conda_env/chakra_fx/lib/python3.13/site-packages/torch/lib/libc10.so)
frame #1: <unknown function> + 0x5fe9451 (0x15552adc8451 in /home/hice1/cman8/conda_env/chakra_fx/lib/python3.13/site-packages/torch/lib/libtorch_cpu.so)
frame #2: <unknown function> + 0x5feaaad (0x15552adc9aad in /home/hice1/cman8/conda_env/chakra_fx/lib/python3.13/site-packages/torch/lib/libtorch_cpu.so)
frame #3: <unknown function> + 0x5feb169 (0x15552adca169 in /home/hice1/cman8/conda_env/chakra_fx/lib/python3.13/site-packages/torch/lib/libtorch_cpu.so)
frame #4: c10d::TCPStore::doWait(c10::ArrayRef<std::__cxx11::basic_string<char, std::char_traits<char>, std::allocator<char> > >, std::chrono::duration<long, std::ratio<1l, 1000l> >) + 0x1c6 (0x15552adc5416 in /home/hice1/cman8/conda_env/chakra_fx/lib/python3.13/site-packages/torch/lib/libtorch_cpu.so)
frame #5: c10d::TCPStore::doGet(std::__cxx11::basic_string<char, std::char_traits<char>, std::allocator<char> > const&) + 0x33 (0x15552adc6f63 in /home/hice1/cman8/conda_env/chakra_fx/lib/python3.13/site-packages/torch/lib/libtorch_cpu.so)
frame #6: c10d::TCPStore::get(std::__cxx11::basic_string<char, std::char_traits<char>, std::allocator<char> > const&) + 0x114 (0x15552adc8074 in /home/hice1/cman8/conda_env/chakra_fx/lib/python3.13/site-packages/torch/lib/libtorch_cpu.so)
frame #7: <unknown function> + 0xc70ce5 (0x15553a3c3ce5 in /home/hice1/cman8/conda_env/chakra_fx/lib/python3.13/site-packages/torch/lib/libtorch_python.so)
frame #8: <unknown function> + 0x384772 (0x155539ad7772 in /home/hice1/cman8/conda_env/chakra_fx/lib/python3.13/site-packages/torch/lib/libtorch_python.so)
frame #9: /home/hice1/cman8/conda_env/chakra_fx/bin/python() [0x59736d]
frame #10: _PyObject_MakeTpCall + 0x2c4 (0x55ada4 in /home/hice1/cman8/conda_env/chakra_fx/bin/python)
frame #11: /home/hice1/cman8/conda_env/chakra_fx/bin/python() [0x5eb968]
frame #12: _PyEval_EvalFrameDefault + 0x4e79 (0x5767c9 in /home/hice1/cman8/conda_env/chakra_fx/bin/python)
frame #13: /home/hice1/cman8/conda_env/chakra_fx/bin/python() [0x55d862]
frame #14: /home/hice1/cman8/conda_env/chakra_fx/bin/python() [0x6d5a0b]
frame #15: /home/hice1/cman8/conda_env/chakra_fx/bin/python() [0x694655]
frame #16: _PyEval_EvalFrameDefault + 0x4e79 (0x5767c9 in /home/hice1/cman8/conda_env/chakra_fx/bin/python)
frame #17: PyEval_EvalCode + 0x3b8 (0x68bcb8 in /home/hice1/cman8/conda_env/chakra_fx/bin/python)
frame #18: /home/hice1/cman8/conda_env/chakra_fx/bin/python() [0x62640e]
frame #19: /home/hice1/cman8/conda_env/chakra_fx/bin/python() [0x6c1e40]
frame #20: /home/hice1/cman8/conda_env/chakra_fx/bin/python() [0x6c1adb]
frame #21: /home/hice1/cman8/conda_env/chakra_fx/bin/python() [0x6c190b]
frame #22: Py_RunMain + 0x377 (0x6bff47 in /home/hice1/cman8/conda_env/chakra_fx/bin/python)
frame #23: Py_BytesMain + 0x39 (0x67fa99 in /home/hice1/cman8/conda_env/chakra_fx/bin/python)
frame #24: <unknown function> + 0x295d0 (0x1555552295d0 in /lib64/libc.so.6)
frame #25: __libc_start_main + 0x80 (0x155555229680 in /lib64/libc.so.6)
frame #26: /home/hice1/cman8/conda_env/chakra_fx/bin/python() [0x67ecd2]

W0820 00:45:27.960000 2831196 /storage/ice1/5/1/cman8/conda_env/chakra_fx/lib/python3.13/site-packages/torch/distributed/elastic/rendezvous/dynamic_rendezvous.py:1292] The node 'atl1-1-03-011-8-0.pace.gatech.edu_2831196_0' has failed to shutdown the rendezvous '2755351' due to an error of type RendezvousConnectionError.
Traceback (most recent call last):
  File "/home/hice1/cman8/conda_env/chakra_fx/bin/torchrun", line 8, in <module>
    sys.exit(main())
             ~~~~^^
  File "/home/hice1/cman8/conda_env/chakra_fx/lib/python3.13/site-packages/torch/distributed/elastic/multiprocessing/errors/__init__.py", line 357, in wrapper
    return f(*args, **kwargs)
  File "/home/hice1/cman8/conda_env/chakra_fx/lib/python3.13/site-packages/torch/distributed/run.py", line 936, in main
    run(args)
    ~~~^^^^^^
  File "/home/hice1/cman8/conda_env/chakra_fx/lib/python3.13/site-packages/torch/distributed/run.py", line 927, in run
    elastic_launch(
    ~~~~~~~~~~~~~~~
        config=config,
        ~~~~~~~~~~~~~~
        entrypoint=cmd,
        ~~~~~~~~~~~~~~~
    )(*cmd_args)
    ~^^^^^^^^^^^
  File "/home/hice1/cman8/conda_env/chakra_fx/lib/python3.13/site-packages/torch/distributed/launcher/api.py", line 159, in __call__
    return launch_agent(self._config, self._entrypoint, list(args))
  File "/home/hice1/cman8/conda_env/chakra_fx/lib/python3.13/site-packages/torch/distributed/launcher/api.py", line 296, in launch_agent
    raise ChildFailedError(
    ...<2 lines>...
    )
torch.distributed.elastic.multiprocessing.errors.ChildFailedError: 
============================================================
profile_fxgraph.py FAILED
------------------------------------------------------------
Failures:
  <NO_OTHER_FAILURES>
------------------------------------------------------------
Root Cause (first observed failure):
[0]:
  time      : 2025-08-20_00:45:26
  host      : atl1-1-03-011-8-0.pace.gatech.edu
  rank      : 40 (local_rank: 0)
  exitcode  : 1 (pid: 2831261)
  error_file: <N/A>
  traceback : To enable traceback see: https://pytorch.org/docs/stable/elastic/errors.html
============================================================
E0820 00:45:28.046000 1785896 /storage/ice1/5/1/cman8/conda_env/chakra_fx/lib/python3.13/site-packages/torch/distributed/elastic/multiprocessing/api.py:882] failed (exitcode: 1) local_rank: 0 (pid: 1785973) of binary: /home/hice1/cman8/conda_env/chakra_fx/bin/python
[W820 00:45:28.572493619 TCPStore.cpp:138] [c10d] recvValueWithTimeout failed on SocketImpl(fd=72, addr=[atl1-1-03-010-25-0.pace.gatech.edu]:52502, remote=[atl1-1-03-010-20-0.pace.gatech.edu]:27351): Failed to recv, got 0 bytes. Connection was likely closed. Did the remote server shutdown or crash?
Exception raised from recvBytes at /pytorch/torch/csrc/distributed/c10d/Utils.hpp:682 (most recent call first):
frame #0: c10::Error::Error(c10::SourceLocation, std::__cxx11::basic_string<char, std::char_traits<char>, std::allocator<char> >) + 0x80 (0x1554cd9a6c30 in /home/hice1/cman8/conda_env/chakra_fx/lib/python3.13/site-packages/torch/lib/libc10.so)
frame #1: <unknown function> + 0x5fe9451 (0x15552adc8451 in /home/hice1/cman8/conda_env/chakra_fx/lib/python3.13/site-packages/torch/lib/libtorch_cpu.so)
frame #2: <unknown function> + 0x5feaaad (0x15552adc9aad in /home/hice1/cman8/conda_env/chakra_fx/lib/python3.13/site-packages/torch/lib/libtorch_cpu.so)
frame #3: <unknown function> + 0x5feb169 (0x15552adca169 in /home/hice1/cman8/conda_env/chakra_fx/lib/python3.13/site-packages/torch/lib/libtorch_cpu.so)
frame #4: c10d::TCPStore::doWait(c10::ArrayRef<std::__cxx11::basic_string<char, std::char_traits<char>, std::allocator<char> > >, std::chrono::duration<long, std::ratio<1l, 1000l> >) + 0x1c6 (0x15552adc5416 in /home/hice1/cman8/conda_env/chakra_fx/lib/python3.13/site-packages/torch/lib/libtorch_cpu.so)
frame #5: c10d::TCPStore::doGet(std::__cxx11::basic_string<char, std::char_traits<char>, std::allocator<char> > const&) + 0x33 (0x15552adc6f63 in /home/hice1/cman8/conda_env/chakra_fx/lib/python3.13/site-packages/torch/lib/libtorch_cpu.so)
frame #6: c10d::TCPStore::get(std::__cxx11::basic_string<char, std::char_traits<char>, std::allocator<char> > const&) + 0x114 (0x15552adc8074 in /home/hice1/cman8/conda_env/chakra_fx/lib/python3.13/site-packages/torch/lib/libtorch_cpu.so)
frame #7: <unknown function> + 0xc70ce5 (0x15553a3c3ce5 in /home/hice1/cman8/conda_env/chakra_fx/lib/python3.13/site-packages/torch/lib/libtorch_python.so)
frame #8: <unknown function> + 0x384772 (0x155539ad7772 in /home/hice1/cman8/conda_env/chakra_fx/lib/python3.13/site-packages/torch/lib/libtorch_python.so)
frame #9: /home/hice1/cman8/conda_env/chakra_fx/bin/python() [0x59736d]
frame #10: _PyObject_MakeTpCall + 0x2c4 (0x55ada4 in /home/hice1/cman8/conda_env/chakra_fx/bin/python)
frame #11: /home/hice1/cman8/conda_env/chakra_fx/bin/python() [0x5eb968]
frame #12: _PyEval_EvalFrameDefault + 0x4e79 (0x5767c9 in /home/hice1/cman8/conda_env/chakra_fx/bin/python)
frame #13: /home/hice1/cman8/conda_env/chakra_fx/bin/python() [0x55d862]
frame #14: /home/hice1/cman8/conda_env/chakra_fx/bin/python() [0x6d5a0b]
frame #15: /home/hice1/cman8/conda_env/chakra_fx/bin/python() [0x694655]
frame #16: _PyEval_EvalFrameDefault + 0x4e79 (0x5767c9 in /home/hice1/cman8/conda_env/chakra_fx/bin/python)
frame #17: PyEval_EvalCode + 0x3b8 (0x68bcb8 in /home/hice1/cman8/conda_env/chakra_fx/bin/python)
frame #18: /home/hice1/cman8/conda_env/chakra_fx/bin/python() [0x62640e]
frame #19: /home/hice1/cman8/conda_env/chakra_fx/bin/python() [0x6c1e40]
frame #20: /home/hice1/cman8/conda_env/chakra_fx/bin/python() [0x6c1adb]
frame #21: /home/hice1/cman8/conda_env/chakra_fx/bin/python() [0x6c190b]
frame #22: Py_RunMain + 0x377 (0x6bff47 in /home/hice1/cman8/conda_env/chakra_fx/bin/python)
frame #23: Py_BytesMain + 0x39 (0x67fa99 in /home/hice1/cman8/conda_env/chakra_fx/bin/python)
frame #24: <unknown function> + 0x295d0 (0x1555552295d0 in /lib64/libc.so.6)
frame #25: __libc_start_main + 0x80 (0x155555229680 in /lib64/libc.so.6)
frame #26: /home/hice1/cman8/conda_env/chakra_fx/bin/python() [0x67ecd2]

W0820 00:45:28.056000 1785896 /storage/ice1/5/1/cman8/conda_env/chakra_fx/lib/python3.13/site-packages/torch/distributed/elastic/rendezvous/dynamic_rendezvous.py:1292] The node 'atl1-1-03-010-25-0.pace.gatech.edu_1785896_0' has failed to shutdown the rendezvous '2755351' due to an error of type RendezvousConnectionError.
Traceback (most recent call last):
  File "/home/hice1/cman8/conda_env/chakra_fx/bin/torchrun", line 8, in <module>
    sys.exit(main())
             ~~~~^^
  File "/home/hice1/cman8/conda_env/chakra_fx/lib/python3.13/site-packages/torch/distributed/elastic/multiprocessing/errors/__init__.py", line 357, in wrapper
    return f(*args, **kwargs)
  File "/home/hice1/cman8/conda_env/chakra_fx/lib/python3.13/site-packages/torch/distributed/run.py", line 936, in main
    run(args)
    ~~~^^^^^^
  File "/home/hice1/cman8/conda_env/chakra_fx/lib/python3.13/site-packages/torch/distributed/run.py", line 927, in run
    elastic_launch(
    ~~~~~~~~~~~~~~~
        config=config,
        ~~~~~~~~~~~~~~
        entrypoint=cmd,
        ~~~~~~~~~~~~~~~
    )(*cmd_args)
    ~^^^^^^^^^^^
  File "/home/hice1/cman8/conda_env/chakra_fx/lib/python3.13/site-packages/torch/distributed/launcher/api.py", line 159, in __call__
    return launch_agent(self._config, self._entrypoint, list(args))
  File "/home/hice1/cman8/conda_env/chakra_fx/lib/python3.13/site-packages/torch/distributed/launcher/api.py", line 296, in launch_agent
    raise ChildFailedError(
    ...<2 lines>...
    )
torch.distributed.elastic.multiprocessing.errors.ChildFailedError: 
============================================================
profile_fxgraph.py FAILED
------------------------------------------------------------
Failures:
  <NO_OTHER_FAILURES>
------------------------------------------------------------
Root Cause (first observed failure):
[0]:
  time      : 2025-08-20_00:45:26
  host      : atl1-1-03-010-25-0.pace.gatech.edu
  rank      : 8 (local_rank: 0)
  exitcode  : 1 (pid: 1785973)
  error_file: <N/A>
  traceback : To enable traceback see: https://pytorch.org/docs/stable/elastic/errors.html
============================================================
[W820 00:45:28.232409241 TCPStore.cpp:138] [c10d] recvValueWithTimeout failed on SocketImpl(fd=72, addr=[atl1-1-03-011-3-0.pace.gatech.edu]:51392, remote=[atl1-1-03-010-20-0.pace.gatech.edu]:27351): Failed to recv, got 0 bytes. Connection was likely closed. Did the remote server shutdown or crash?
Exception raised from recvBytes at /pytorch/torch/csrc/distributed/c10d/Utils.hpp:682 (most recent call first):
frame #0: c10::Error::Error(c10::SourceLocation, std::__cxx11::basic_string<char, std::char_traits<char>, std::allocator<char> >) + 0x80 (0x1554cd9a6c30 in /home/hice1/cman8/conda_env/chakra_fx/lib/python3.13/site-packages/torch/lib/libc10.so)
frame #1: <unknown function> + 0x5fe9451 (0x15552adc8451 in /home/hice1/cman8/conda_env/chakra_fx/lib/python3.13/site-packages/torch/lib/libtorch_cpu.so)
frame #2: <unknown function> + 0x5feaaad (0x15552adc9aad in /home/hice1/cman8/conda_env/chakra_fx/lib/python3.13/site-packages/torch/lib/libtorch_cpu.so)
frame #3: <unknown function> + 0x5feb169 (0x15552adca169 in /home/hice1/cman8/conda_env/chakra_fx/lib/python3.13/site-packages/torch/lib/libtorch_cpu.so)
frame #4: c10d::TCPStore::doWait(c10::ArrayRef<std::__cxx11::basic_string<char, std::char_traits<char>, std::allocator<char> > >, std::chrono::duration<long, std::ratio<1l, 1000l> >) + 0x1c6 (0x15552adc5416 in /home/hice1/cman8/conda_env/chakra_fx/lib/python3.13/site-packages/torch/lib/libtorch_cpu.so)
frame #5: c10d::TCPStore::doGet(std::__cxx11::basic_string<char, std::char_traits<char>, std::allocator<char> > const&) + 0x33 (0x15552adc6f63 in /home/hice1/cman8/conda_env/chakra_fx/lib/python3.13/site-packages/torch/lib/libtorch_cpu.so)
frame #6: c10d::TCPStore::get(std::__cxx11::basic_string<char, std::char_traits<char>, std::allocator<char> > const&) + 0x114 (0x15552adc8074 in /home/hice1/cman8/conda_env/chakra_fx/lib/python3.13/site-packages/torch/lib/libtorch_cpu.so)
frame #7: <unknown function> + 0xc70ce5 (0x15553a3c3ce5 in /home/hice1/cman8/conda_env/chakra_fx/lib/python3.13/site-packages/torch/lib/libtorch_python.so)
frame #8: <unknown function> + 0x384772 (0x155539ad7772 in /home/hice1/cman8/conda_env/chakra_fx/lib/python3.13/site-packages/torch/lib/libtorch_python.so)
frame #9: /home/hice1/cman8/conda_env/chakra_fx/bin/python() [0x59736d]
frame #10: _PyObject_MakeTpCall + 0x2c4 (0x55ada4 in /home/hice1/cman8/conda_env/chakra_fx/bin/python)
frame #11: /home/hice1/cman8/conda_env/chakra_fx/bin/python() [0x5eb968]
frame #12: _PyEval_EvalFrameDefault + 0x4e79 (0x5767c9 in /home/hice1/cman8/conda_env/chakra_fx/bin/python)
frame #13: /home/hice1/cman8/conda_env/chakra_fx/bin/python() [0x5eb84c]
frame #14: /home/hice1/cman8/conda_env/chakra_fx/bin/python() [0x70c9ab]
frame #15: /home/hice1/cman8/conda_env/chakra_fx/bin/python() [0x70c944]
frame #16: <unknown function> + 0x897fa (0x1555552897fa in /lib64/libc.so.6)
frame #17: <unknown function> + 0x10e820 (0x15555530e820 in /lib64/libc.so.6)

W0820 00:45:28.084000 1409602 /storage/ice1/5/1/cman8/conda_env/chakra_fx/lib/python3.13/site-packages/torch/distributed/elastic/rendezvous/dynamic_rendezvous.py:1341] The node 'atl1-1-03-011-3-0.pace.gatech.edu_1409602_0' has failed to send a keep-alive heartbeat to the rendezvous '2755351' due to an error of type RendezvousConnectionError.
E0820 00:45:28.085000 1429735 /storage/ice1/5/1/cman8/conda_env/chakra_fx/lib/python3.13/site-packages/torch/distributed/elastic/multiprocessing/api.py:882] failed (exitcode: 1) local_rank: 0 (pid: 1429799) of binary: /home/hice1/cman8/conda_env/chakra_fx/bin/python
[W820 00:45:28.127973334 TCPStore.cpp:138] [c10d] recvValueWithTimeout failed on SocketImpl(fd=72, addr=[atl1-1-03-010-30-0.pace.gatech.edu]:33518, remote=[atl1-1-03-010-20-0.pace.gatech.edu]:27351): Failed to recv, got 0 bytes. Connection was likely closed. Did the remote server shutdown or crash?
Exception raised from recvBytes at /pytorch/torch/csrc/distributed/c10d/Utils.hpp:682 (most recent call first):
frame #0: c10::Error::Error(c10::SourceLocation, std::__cxx11::basic_string<char, std::char_traits<char>, std::allocator<char> >) + 0x80 (0x1554cd9a6c30 in /home/hice1/cman8/conda_env/chakra_fx/lib/python3.13/site-packages/torch/lib/libc10.so)
frame #1: <unknown function> + 0x5fe9451 (0x15552adc8451 in /home/hice1/cman8/conda_env/chakra_fx/lib/python3.13/site-packages/torch/lib/libtorch_cpu.so)
frame #2: <unknown function> + 0x5feaaad (0x15552adc9aad in /home/hice1/cman8/conda_env/chakra_fx/lib/python3.13/site-packages/torch/lib/libtorch_cpu.so)
frame #3: <unknown function> + 0x5feb169 (0x15552adca169 in /home/hice1/cman8/conda_env/chakra_fx/lib/python3.13/site-packages/torch/lib/libtorch_cpu.so)
frame #4: c10d::TCPStore::doWait(c10::ArrayRef<std::__cxx11::basic_string<char, std::char_traits<char>, std::allocator<char> > >, std::chrono::duration<long, std::ratio<1l, 1000l> >) + 0x1c6 (0x15552adc5416 in /home/hice1/cman8/conda_env/chakra_fx/lib/python3.13/site-packages/torch/lib/libtorch_cpu.so)
frame #5: c10d::TCPStore::doGet(std::__cxx11::basic_string<char, std::char_traits<char>, std::allocator<char> > const&) + 0x33 (0x15552adc6f63 in /home/hice1/cman8/conda_env/chakra_fx/lib/python3.13/site-packages/torch/lib/libtorch_cpu.so)
frame #6: c10d::TCPStore::get(std::__cxx11::basic_string<char, std::char_traits<char>, std::allocator<char> > const&) + 0x114 (0x15552adc8074 in /home/hice1/cman8/conda_env/chakra_fx/lib/python3.13/site-packages/torch/lib/libtorch_cpu.so)
frame #7: <unknown function> + 0xc70ce5 (0x15553a3c3ce5 in /home/hice1/cman8/conda_env/chakra_fx/lib/python3.13/site-packages/torch/lib/libtorch_python.so)
frame #8: <unknown function> + 0x384772 (0x155539ad7772 in /home/hice1/cman8/conda_env/chakra_fx/lib/python3.13/site-packages/torch/lib/libtorch_python.so)
frame #9: /home/hice1/cman8/conda_env/chakra_fx/bin/python() [0x59736d]
frame #10: _PyObject_MakeTpCall + 0x2c4 (0x55ada4 in /home/hice1/cman8/conda_env/chakra_fx/bin/python)
frame #11: /home/hice1/cman8/conda_env/chakra_fx/bin/python() [0x5eb968]
frame #12: _PyEval_EvalFrameDefault + 0x4e79 (0x5767c9 in /home/hice1/cman8/conda_env/chakra_fx/bin/python)
frame #13: /home/hice1/cman8/conda_env/chakra_fx/bin/python() [0x55d862]
frame #14: /home/hice1/cman8/conda_env/chakra_fx/bin/python() [0x6d5a0b]
frame #15: /home/hice1/cman8/conda_env/chakra_fx/bin/python() [0x694655]
frame #16: _PyEval_EvalFrameDefault + 0x4e79 (0x5767c9 in /home/hice1/cman8/conda_env/chakra_fx/bin/python)
frame #17: PyEval_EvalCode + 0x3b8 (0x68bcb8 in /home/hice1/cman8/conda_env/chakra_fx/bin/python)
frame #18: /home/hice1/cman8/conda_env/chakra_fx/bin/python() [0x62640e]
frame #19: /home/hice1/cman8/conda_env/chakra_fx/bin/python() [0x6c1e40]
frame #20: /home/hice1/cman8/conda_env/chakra_fx/bin/python() [0x6c1adb]
frame #21: /home/hice1/cman8/conda_env/chakra_fx/bin/python() [0x6c190b]
frame #22: Py_RunMain + 0x377 (0x6bff47 in /home/hice1/cman8/conda_env/chakra_fx/bin/python)
frame #23: Py_BytesMain + 0x39 (0x67fa99 in /home/hice1/cman8/conda_env/chakra_fx/bin/python)
frame #24: <unknown function> + 0x295d0 (0x1555552295d0 in /lib64/libc.so.6)
frame #25: __libc_start_main + 0x80 (0x155555229680 in /lib64/libc.so.6)
frame #26: /home/hice1/cman8/conda_env/chakra_fx/bin/python() [0x67ecd2]

W0820 00:45:28.096000 1429735 /storage/ice1/5/1/cman8/conda_env/chakra_fx/lib/python3.13/site-packages/torch/distributed/elastic/rendezvous/dynamic_rendezvous.py:1292] The node 'atl1-1-03-010-30-0.pace.gatech.edu_1429735_0' has failed to shutdown the rendezvous '2755351' due to an error of type RendezvousConnectionError.
Traceback (most recent call last):
  File "/home/hice1/cman8/conda_env/chakra_fx/bin/torchrun", line 8, in <module>
    sys.exit(main())
             ~~~~^^
  File "/home/hice1/cman8/conda_env/chakra_fx/lib/python3.13/site-packages/torch/distributed/elastic/multiprocessing/errors/__init__.py", line 357, in wrapper
    return f(*args, **kwargs)
  File "/home/hice1/cman8/conda_env/chakra_fx/lib/python3.13/site-packages/torch/distributed/run.py", line 936, in main
    run(args)
    ~~~^^^^^^
  File "/home/hice1/cman8/conda_env/chakra_fx/lib/python3.13/site-packages/torch/distributed/run.py", line 927, in run
    elastic_launch(
    ~~~~~~~~~~~~~~~
        config=config,
        ~~~~~~~~~~~~~~
        entrypoint=cmd,
        ~~~~~~~~~~~~~~~
    )(*cmd_args)
    ~^^^^^^^^^^^
  File "/home/hice1/cman8/conda_env/chakra_fx/lib/python3.13/site-packages/torch/distributed/launcher/api.py", line 159, in __call__
    return launch_agent(self._config, self._entrypoint, list(args))
  File "/home/hice1/cman8/conda_env/chakra_fx/lib/python3.13/site-packages/torch/distributed/launcher/api.py", line 296, in launch_agent
    raise ChildFailedError(
    ...<2 lines>...
    )
torch.distributed.elastic.multiprocessing.errors.ChildFailedError: 
============================================================
profile_fxgraph.py FAILED
------------------------------------------------------------
Failures:
  <NO_OTHER_FAILURES>
------------------------------------------------------------
Root Cause (first observed failure):
[0]:
  time      : 2025-08-20_00:45:26
  host      : atl1-1-03-010-30-0.pace.gatech.edu
  rank      : 16 (local_rank: 0)
  exitcode  : 1 (pid: 1429799)
  error_file: <N/A>
  traceback : To enable traceback see: https://pytorch.org/docs/stable/elastic/errors.html
============================================================
E0820 00:45:28.111000 772353 /storage/ice1/5/1/cman8/conda_env/chakra_fx/lib/python3.13/site-packages/torch/distributed/elastic/multiprocessing/api.py:882] failed (exitcode: 1) local_rank: 0 (pid: 772423) of binary: /home/hice1/cman8/conda_env/chakra_fx/bin/python
[W820 00:45:28.589057480 TCPStore.cpp:138] [c10d] recvValueWithTimeout failed on SocketImpl(fd=72, addr=[atl1-1-03-012-13-0.pace.gatech.edu]:56184, remote=[atl1-1-03-010-20-0.pace.gatech.edu]:27351): Failed to recv, got 0 bytes. Connection was likely closed. Did the remote server shutdown or crash?
Exception raised from recvBytes at /pytorch/torch/csrc/distributed/c10d/Utils.hpp:682 (most recent call first):
frame #0: c10::Error::Error(c10::SourceLocation, std::__cxx11::basic_string<char, std::char_traits<char>, std::allocator<char> >) + 0x80 (0x1554cd9a6c30 in /home/hice1/cman8/conda_env/chakra_fx/lib/python3.13/site-packages/torch/lib/libc10.so)
frame #1: <unknown function> + 0x5fe9451 (0x15552adc8451 in /home/hice1/cman8/conda_env/chakra_fx/lib/python3.13/site-packages/torch/lib/libtorch_cpu.so)
frame #2: <unknown function> + 0x5feaaad (0x15552adc9aad in /home/hice1/cman8/conda_env/chakra_fx/lib/python3.13/site-packages/torch/lib/libtorch_cpu.so)
frame #3: <unknown function> + 0x5feb169 (0x15552adca169 in /home/hice1/cman8/conda_env/chakra_fx/lib/python3.13/site-packages/torch/lib/libtorch_cpu.so)
frame #4: c10d::TCPStore::doWait(c10::ArrayRef<std::__cxx11::basic_string<char, std::char_traits<char>, std::allocator<char> > >, std::chrono::duration<long, std::ratio<1l, 1000l> >) + 0x1c6 (0x15552adc5416 in /home/hice1/cman8/conda_env/chakra_fx/lib/python3.13/site-packages/torch/lib/libtorch_cpu.so)
frame #5: c10d::TCPStore::doGet(std::__cxx11::basic_string<char, std::char_traits<char>, std::allocator<char> > const&) + 0x33 (0x15552adc6f63 in /home/hice1/cman8/conda_env/chakra_fx/lib/python3.13/site-packages/torch/lib/libtorch_cpu.so)
frame #6: c10d::TCPStore::get(std::__cxx11::basic_string<char, std::char_traits<char>, std::allocator<char> > const&) + 0x114 (0x15552adc8074 in /home/hice1/cman8/conda_env/chakra_fx/lib/python3.13/site-packages/torch/lib/libtorch_cpu.so)
frame #7: <unknown function> + 0xc70ce5 (0x15553a3c3ce5 in /home/hice1/cman8/conda_env/chakra_fx/lib/python3.13/site-packages/torch/lib/libtorch_python.so)
frame #8: <unknown function> + 0x384772 (0x155539ad7772 in /home/hice1/cman8/conda_env/chakra_fx/lib/python3.13/site-packages/torch/lib/libtorch_python.so)
frame #9: /home/hice1/cman8/conda_env/chakra_fx/bin/python() [0x59736d]
frame #10: _PyObject_MakeTpCall + 0x2c4 (0x55ada4 in /home/hice1/cman8/conda_env/chakra_fx/bin/python)
frame #11: /home/hice1/cman8/conda_env/chakra_fx/bin/python() [0x5eb968]
frame #12: _PyEval_EvalFrameDefault + 0x4e79 (0x5767c9 in /home/hice1/cman8/conda_env/chakra_fx/bin/python)
frame #13: /home/hice1/cman8/conda_env/chakra_fx/bin/python() [0x55d862]
frame #14: /home/hice1/cman8/conda_env/chakra_fx/bin/python() [0x6d5a0b]
frame #15: /home/hice1/cman8/conda_env/chakra_fx/bin/python() [0x694655]
frame #16: _PyEval_EvalFrameDefault + 0x4e79 (0x5767c9 in /home/hice1/cman8/conda_env/chakra_fx/bin/python)
frame #17: PyEval_EvalCode + 0x3b8 (0x68bcb8 in /home/hice1/cman8/conda_env/chakra_fx/bin/python)
frame #18: /home/hice1/cman8/conda_env/chakra_fx/bin/python() [0x62640e]
frame #19: /home/hice1/cman8/conda_env/chakra_fx/bin/python() [0x6c1e40]
frame #20: /home/hice1/cman8/conda_env/chakra_fx/bin/python() [0x6c1adb]
frame #21: /home/hice1/cman8/conda_env/chakra_fx/bin/python() [0x6c190b]
frame #22: Py_RunMain + 0x377 (0x6bff47 in /home/hice1/cman8/conda_env/chakra_fx/bin/python)
frame #23: Py_BytesMain + 0x39 (0x67fa99 in /home/hice1/cman8/conda_env/chakra_fx/bin/python)
frame #24: <unknown function> + 0x295d0 (0x1555552295d0 in /lib64/libc.so.6)
frame #25: __libc_start_main + 0x80 (0x155555229680 in /lib64/libc.so.6)
frame #26: /home/hice1/cman8/conda_env/chakra_fx/bin/python() [0x67ecd2]

W0820 00:45:28.121000 772353 /storage/ice1/5/1/cman8/conda_env/chakra_fx/lib/python3.13/site-packages/torch/distributed/elastic/rendezvous/dynamic_rendezvous.py:1292] The node 'atl1-1-03-012-13-0.pace.gatech.edu_772353_0' has failed to shutdown the rendezvous '2755351' due to an error of type RendezvousConnectionError.
Traceback (most recent call last):
  File "/home/hice1/cman8/conda_env/chakra_fx/bin/torchrun", line 8, in <module>
    sys.exit(main())
             ~~~~^^
  File "/home/hice1/cman8/conda_env/chakra_fx/lib/python3.13/site-packages/torch/distributed/elastic/multiprocessing/errors/__init__.py", line 357, in wrapper
    return f(*args, **kwargs)
  File "/home/hice1/cman8/conda_env/chakra_fx/lib/python3.13/site-packages/torch/distributed/run.py", line 936, in main
    run(args)
    ~~~^^^^^^
  File "/home/hice1/cman8/conda_env/chakra_fx/lib/python3.13/site-packages/torch/distributed/run.py", line 927, in run
    elastic_launch(
    ~~~~~~~~~~~~~~~
        config=config,
        ~~~~~~~~~~~~~~
        entrypoint=cmd,
        ~~~~~~~~~~~~~~~
    )(*cmd_args)
    ~^^^^^^^^^^^
  File "/home/hice1/cman8/conda_env/chakra_fx/lib/python3.13/site-packages/torch/distributed/launcher/api.py", line 159, in __call__
    return launch_agent(self._config, self._entrypoint, list(args))
  File "/home/hice1/cman8/conda_env/chakra_fx/lib/python3.13/site-packages/torch/distributed/launcher/api.py", line 296, in launch_agent
    raise ChildFailedError(
    ...<2 lines>...
    )
torch.distributed.elastic.multiprocessing.errors.ChildFailedError: 
============================================================
profile_fxgraph.py FAILED
------------------------------------------------------------
Failures:
  <NO_OTHER_FAILURES>
------------------------------------------------------------
Root Cause (first observed failure):
[0]:
  time      : 2025-08-20_00:45:26
  host      : atl1-1-03-012-13-0.pace.gatech.edu
  rank      : 48 (local_rank: 0)
  exitcode  : 1 (pid: 772423)
  error_file: <N/A>
  traceback : To enable traceback see: https://pytorch.org/docs/stable/elastic/errors.html
============================================================
E0820 00:45:28.170000 1406971 /storage/ice1/5/1/cman8/conda_env/chakra_fx/lib/python3.13/site-packages/torch/distributed/elastic/multiprocessing/api.py:882] failed (exitcode: 1) local_rank: 0 (pid: 1407037) of binary: /home/hice1/cman8/conda_env/chakra_fx/bin/python
[W820 00:45:28.192562365 TCPStore.cpp:138] [c10d] recvValueWithTimeout failed on SocketImpl(fd=72, addr=[atl1-1-03-012-18-0.pace.gatech.edu]:42266, remote=[atl1-1-03-010-20-0.pace.gatech.edu]:27351): Failed to recv, got 0 bytes. Connection was likely closed. Did the remote server shutdown or crash?
Exception raised from recvBytes at /pytorch/torch/csrc/distributed/c10d/Utils.hpp:682 (most recent call first):
frame #0: c10::Error::Error(c10::SourceLocation, std::__cxx11::basic_string<char, std::char_traits<char>, std::allocator<char> >) + 0x80 (0x1554cd9a6c30 in /home/hice1/cman8/conda_env/chakra_fx/lib/python3.13/site-packages/torch/lib/libc10.so)
frame #1: <unknown function> + 0x5fe9451 (0x15552adc8451 in /home/hice1/cman8/conda_env/chakra_fx/lib/python3.13/site-packages/torch/lib/libtorch_cpu.so)
frame #2: <unknown function> + 0x5feaaad (0x15552adc9aad in /home/hice1/cman8/conda_env/chakra_fx/lib/python3.13/site-packages/torch/lib/libtorch_cpu.so)
frame #3: <unknown function> + 0x5feb169 (0x15552adca169 in /home/hice1/cman8/conda_env/chakra_fx/lib/python3.13/site-packages/torch/lib/libtorch_cpu.so)
frame #4: c10d::TCPStore::doWait(c10::ArrayRef<std::__cxx11::basic_string<char, std::char_traits<char>, std::allocator<char> > >, std::chrono::duration<long, std::ratio<1l, 1000l> >) + 0x1c6 (0x15552adc5416 in /home/hice1/cman8/conda_env/chakra_fx/lib/python3.13/site-packages/torch/lib/libtorch_cpu.so)
frame #5: c10d::TCPStore::doGet(std::__cxx11::basic_string<char, std::char_traits<char>, std::allocator<char> > const&) + 0x33 (0x15552adc6f63 in /home/hice1/cman8/conda_env/chakra_fx/lib/python3.13/site-packages/torch/lib/libtorch_cpu.so)
frame #6: c10d::TCPStore::get(std::__cxx11::basic_string<char, std::char_traits<char>, std::allocator<char> > const&) + 0x114 (0x15552adc8074 in /home/hice1/cman8/conda_env/chakra_fx/lib/python3.13/site-packages/torch/lib/libtorch_cpu.so)
frame #7: <unknown function> + 0xc70ce5 (0x15553a3c3ce5 in /home/hice1/cman8/conda_env/chakra_fx/lib/python3.13/site-packages/torch/lib/libtorch_python.so)
frame #8: <unknown function> + 0x384772 (0x155539ad7772 in /home/hice1/cman8/conda_env/chakra_fx/lib/python3.13/site-packages/torch/lib/libtorch_python.so)
frame #9: /home/hice1/cman8/conda_env/chakra_fx/bin/python() [0x59736d]
frame #10: _PyObject_MakeTpCall + 0x2c4 (0x55ada4 in /home/hice1/cman8/conda_env/chakra_fx/bin/python)
frame #11: /home/hice1/cman8/conda_env/chakra_fx/bin/python() [0x5eb968]
frame #12: _PyEval_EvalFrameDefault + 0x4e79 (0x5767c9 in /home/hice1/cman8/conda_env/chakra_fx/bin/python)
frame #13: /home/hice1/cman8/conda_env/chakra_fx/bin/python() [0x55d862]
frame #14: /home/hice1/cman8/conda_env/chakra_fx/bin/python() [0x6d5a0b]
frame #15: /home/hice1/cman8/conda_env/chakra_fx/bin/python() [0x694655]
frame #16: _PyEval_EvalFrameDefault + 0x4e79 (0x5767c9 in /home/hice1/cman8/conda_env/chakra_fx/bin/python)
frame #17: PyEval_EvalCode + 0x3b8 (0x68bcb8 in /home/hice1/cman8/conda_env/chakra_fx/bin/python)
frame #18: /home/hice1/cman8/conda_env/chakra_fx/bin/python() [0x62640e]
frame #19: /home/hice1/cman8/conda_env/chakra_fx/bin/python() [0x6c1e40]
frame #20: /home/hice1/cman8/conda_env/chakra_fx/bin/python() [0x6c1adb]
frame #21: /home/hice1/cman8/conda_env/chakra_fx/bin/python() [0x6c190b]
frame #22: Py_RunMain + 0x377 (0x6bff47 in /home/hice1/cman8/conda_env/chakra_fx/bin/python)
frame #23: Py_BytesMain + 0x39 (0x67fa99 in /home/hice1/cman8/conda_env/chakra_fx/bin/python)
frame #24: <unknown function> + 0x295d0 (0x1555552295d0 in /lib64/libc.so.6)
frame #25: __libc_start_main + 0x80 (0x155555229680 in /lib64/libc.so.6)
frame #26: /home/hice1/cman8/conda_env/chakra_fx/bin/python() [0x67ecd2]

W0820 00:45:28.181000 1406971 /storage/ice1/5/1/cman8/conda_env/chakra_fx/lib/python3.13/site-packages/torch/distributed/elastic/rendezvous/dynamic_rendezvous.py:1292] The node 'atl1-1-03-012-18-0.pace.gatech.edu_1406971_0' has failed to shutdown the rendezvous '2755351' due to an error of type RendezvousConnectionError.
Traceback (most recent call last):
  File "/home/hice1/cman8/conda_env/chakra_fx/bin/torchrun", line 8, in <module>
    sys.exit(main())
             ~~~~^^
  File "/home/hice1/cman8/conda_env/chakra_fx/lib/python3.13/site-packages/torch/distributed/elastic/multiprocessing/errors/__init__.py", line 357, in wrapper
    return f(*args, **kwargs)
  File "/home/hice1/cman8/conda_env/chakra_fx/lib/python3.13/site-packages/torch/distributed/run.py", line 936, in main
    run(args)
    ~~~^^^^^^
  File "/home/hice1/cman8/conda_env/chakra_fx/lib/python3.13/site-packages/torch/distributed/run.py", line 927, in run
    elastic_launch(
    ~~~~~~~~~~~~~~~
        config=config,
        ~~~~~~~~~~~~~~
        entrypoint=cmd,
        ~~~~~~~~~~~~~~~
    )(*cmd_args)
    ~^^^^^^^^^^^
  File "/home/hice1/cman8/conda_env/chakra_fx/lib/python3.13/site-packages/torch/distributed/launcher/api.py", line 159, in __call__
    return launch_agent(self._config, self._entrypoint, list(args))
  File "/home/hice1/cman8/conda_env/chakra_fx/lib/python3.13/site-packages/torch/distributed/launcher/api.py", line 296, in launch_agent
    raise ChildFailedError(
    ...<2 lines>...
    )
torch.distributed.elastic.multiprocessing.errors.ChildFailedError: 
============================================================
profile_fxgraph.py FAILED
------------------------------------------------------------
Failures:
  <NO_OTHER_FAILURES>
------------------------------------------------------------
Root Cause (first observed failure):
[0]:
  time      : 2025-08-20_00:45:26
  host      : atl1-1-03-012-18-0.pace.gatech.edu
  rank      : 56 (local_rank: 0)
  exitcode  : 1 (pid: 1407037)
  error_file: <N/A>
  traceback : To enable traceback see: https://pytorch.org/docs/stable/elastic/errors.html
============================================================
E0820 00:45:28.262000 1038311 /storage/ice1/5/1/cman8/conda_env/chakra_fx/lib/python3.13/site-packages/torch/distributed/elastic/multiprocessing/api.py:882] failed (exitcode: 1) local_rank: 0 (pid: 1038386) of binary: /home/hice1/cman8/conda_env/chakra_fx/bin/python
[W820 00:45:28.710144633 TCPStore.cpp:138] [c10d] recvValueWithTimeout failed on SocketImpl(fd=72, addr=[atl1-1-03-011-13-0.pace.gatech.edu]:58332, remote=[atl1-1-03-010-20-0.pace.gatech.edu]:27351): Failed to recv, got 0 bytes. Connection was likely closed. Did the remote server shutdown or crash?
Exception raised from recvBytes at /pytorch/torch/csrc/distributed/c10d/Utils.hpp:682 (most recent call first):
frame #0: c10::Error::Error(c10::SourceLocation, std::__cxx11::basic_string<char, std::char_traits<char>, std::allocator<char> >) + 0x80 (0x1554cd9a6c30 in /home/hice1/cman8/conda_env/chakra_fx/lib/python3.13/site-packages/torch/lib/libc10.so)
frame #1: <unknown function> + 0x5fe9451 (0x15552adc8451 in /home/hice1/cman8/conda_env/chakra_fx/lib/python3.13/site-packages/torch/lib/libtorch_cpu.so)
frame #2: <unknown function> + 0x5feaaad (0x15552adc9aad in /home/hice1/cman8/conda_env/chakra_fx/lib/python3.13/site-packages/torch/lib/libtorch_cpu.so)
frame #3: <unknown function> + 0x5feb169 (0x15552adca169 in /home/hice1/cman8/conda_env/chakra_fx/lib/python3.13/site-packages/torch/lib/libtorch_cpu.so)
frame #4: c10d::TCPStore::doWait(c10::ArrayRef<std::__cxx11::basic_string<char, std::char_traits<char>, std::allocator<char> > >, std::chrono::duration<long, std::ratio<1l, 1000l> >) + 0x1c6 (0x15552adc5416 in /home/hice1/cman8/conda_env/chakra_fx/lib/python3.13/site-packages/torch/lib/libtorch_cpu.so)
frame #5: c10d::TCPStore::doGet(std::__cxx11::basic_string<char, std::char_traits<char>, std::allocator<char> > const&) + 0x33 (0x15552adc6f63 in /home/hice1/cman8/conda_env/chakra_fx/lib/python3.13/site-packages/torch/lib/libtorch_cpu.so)
frame #6: c10d::TCPStore::get(std::__cxx11::basic_string<char, std::char_traits<char>, std::allocator<char> > const&) + 0x114 (0x15552adc8074 in /home/hice1/cman8/conda_env/chakra_fx/lib/python3.13/site-packages/torch/lib/libtorch_cpu.so)
frame #7: <unknown function> + 0xc70ce5 (0x15553a3c3ce5 in /home/hice1/cman8/conda_env/chakra_fx/lib/python3.13/site-packages/torch/lib/libtorch_python.so)
frame #8: <unknown function> + 0x384772 (0x155539ad7772 in /home/hice1/cman8/conda_env/chakra_fx/lib/python3.13/site-packages/torch/lib/libtorch_python.so)
frame #9: /home/hice1/cman8/conda_env/chakra_fx/bin/python() [0x59736d]
frame #10: _PyObject_MakeTpCall + 0x2c4 (0x55ada4 in /home/hice1/cman8/conda_env/chakra_fx/bin/python)
frame #11: /home/hice1/cman8/conda_env/chakra_fx/bin/python() [0x5eb968]
frame #12: _PyEval_EvalFrameDefault + 0x4e79 (0x5767c9 in /home/hice1/cman8/conda_env/chakra_fx/bin/python)
frame #13: /home/hice1/cman8/conda_env/chakra_fx/bin/python() [0x55d862]
frame #14: /home/hice1/cman8/conda_env/chakra_fx/bin/python() [0x6d5a0b]
frame #15: /home/hice1/cman8/conda_env/chakra_fx/bin/python() [0x694655]
frame #16: _PyEval_EvalFrameDefault + 0x4e79 (0x5767c9 in /home/hice1/cman8/conda_env/chakra_fx/bin/python)
frame #17: PyEval_EvalCode + 0x3b8 (0x68bcb8 in /home/hice1/cman8/conda_env/chakra_fx/bin/python)
frame #18: /home/hice1/cman8/conda_env/chakra_fx/bin/python() [0x62640e]
frame #19: /home/hice1/cman8/conda_env/chakra_fx/bin/python() [0x6c1e40]
frame #20: /home/hice1/cman8/conda_env/chakra_fx/bin/python() [0x6c1adb]
frame #21: /home/hice1/cman8/conda_env/chakra_fx/bin/python() [0x6c190b]
frame #22: Py_RunMain + 0x377 (0x6bff47 in /home/hice1/cman8/conda_env/chakra_fx/bin/python)
frame #23: Py_BytesMain + 0x39 (0x67fa99 in /home/hice1/cman8/conda_env/chakra_fx/bin/python)
frame #24: <unknown function> + 0x295d0 (0x1555552295d0 in /lib64/libc.so.6)
frame #25: __libc_start_main + 0x80 (0x155555229680 in /lib64/libc.so.6)
frame #26: /home/hice1/cman8/conda_env/chakra_fx/bin/python() [0x67ecd2]

W0820 00:45:28.272000 1038311 /storage/ice1/5/1/cman8/conda_env/chakra_fx/lib/python3.13/site-packages/torch/distributed/elastic/rendezvous/dynamic_rendezvous.py:1292] The node 'atl1-1-03-011-13-0.pace.gatech.edu_1038311_0' has failed to shutdown the rendezvous '2755351' due to an error of type RendezvousConnectionError.
Traceback (most recent call last):
  File "/home/hice1/cman8/conda_env/chakra_fx/bin/torchrun", line 8, in <module>
    sys.exit(main())
             ~~~~^^
  File "/home/hice1/cman8/conda_env/chakra_fx/lib/python3.13/site-packages/torch/distributed/elastic/multiprocessing/errors/__init__.py", line 357, in wrapper
    return f(*args, **kwargs)
  File "/home/hice1/cman8/conda_env/chakra_fx/lib/python3.13/site-packages/torch/distributed/run.py", line 936, in main
    run(args)
    ~~~^^^^^^
  File "/home/hice1/cman8/conda_env/chakra_fx/lib/python3.13/site-packages/torch/distributed/run.py", line 927, in run
    elastic_launch(
    ~~~~~~~~~~~~~~~
        config=config,
        ~~~~~~~~~~~~~~
        entrypoint=cmd,
        ~~~~~~~~~~~~~~~
    )(*cmd_args)
    ~^^^^^^^^^^^
  File "/home/hice1/cman8/conda_env/chakra_fx/lib/python3.13/site-packages/torch/distributed/launcher/api.py", line 159, in __call__
    return launch_agent(self._config, self._entrypoint, list(args))
  File "/home/hice1/cman8/conda_env/chakra_fx/lib/python3.13/site-packages/torch/distributed/launcher/api.py", line 296, in launch_agent
    raise ChildFailedError(
    ...<2 lines>...
    )
torch.distributed.elastic.multiprocessing.errors.ChildFailedError: 
============================================================
profile_fxgraph.py FAILED
------------------------------------------------------------
Failures:
  <NO_OTHER_FAILURES>
------------------------------------------------------------
Root Cause (first observed failure):
[0]:
  time      : 2025-08-20_00:45:26
  host      : atl1-1-03-011-13-0.pace.gatech.edu
  rank      : 24 (local_rank: 0)
  exitcode  : 1 (pid: 1038386)
  error_file: <N/A>
  traceback : To enable traceback see: https://pytorch.org/docs/stable/elastic/errors.html
============================================================
srun: error: atl1-1-03-011-8-0: task 4: Exited with exit code 1
E0820 00:45:28.474000 1409602 /storage/ice1/5/1/cman8/conda_env/chakra_fx/lib/python3.13/site-packages/torch/distributed/elastic/multiprocessing/api.py:882] failed (exitcode: 1) local_rank: 6 (pid: 1409674) of binary: /home/hice1/cman8/conda_env/chakra_fx/bin/python
[W820 00:45:28.632515508 TCPStore.cpp:106] [c10d] sendBytes failed on SocketImpl(fd=72, addr=[atl1-1-03-011-3-0.pace.gatech.edu]:51392, remote=[atl1-1-03-010-20-0.pace.gatech.edu]:27351): Broken pipe
Exception raised from sendBytes at /pytorch/torch/csrc/distributed/c10d/Utils.hpp:653 (most recent call first):
frame #0: c10::Error::Error(c10::SourceLocation, std::__cxx11::basic_string<char, std::char_traits<char>, std::allocator<char> >) + 0x80 (0x1554cd9a6c30 in /home/hice1/cman8/conda_env/chakra_fx/lib/python3.13/site-packages/torch/lib/libc10.so)
frame #1: <unknown function> + 0x5fe9451 (0x15552adc8451 in /home/hice1/cman8/conda_env/chakra_fx/lib/python3.13/site-packages/torch/lib/libtorch_cpu.so)
frame #2: <unknown function> + 0x5fe9ce2 (0x15552adc8ce2 in /home/hice1/cman8/conda_env/chakra_fx/lib/python3.13/site-packages/torch/lib/libtorch_cpu.so)
frame #3: <unknown function> + 0x5feb7ee (0x15552adca7ee in /home/hice1/cman8/conda_env/chakra_fx/lib/python3.13/site-packages/torch/lib/libtorch_cpu.so)
frame #4: c10d::TCPStore::doWait(c10::ArrayRef<std::__cxx11::basic_string<char, std::char_traits<char>, std::allocator<char> > >, std::chrono::duration<long, std::ratio<1l, 1000l> >) + 0x19e (0x15552adc53ee in /home/hice1/cman8/conda_env/chakra_fx/lib/python3.13/site-packages/torch/lib/libtorch_cpu.so)
frame #5: c10d::TCPStore::doGet(std::__cxx11::basic_string<char, std::char_traits<char>, std::allocator<char> > const&) + 0x33 (0x15552adc6f63 in /home/hice1/cman8/conda_env/chakra_fx/lib/python3.13/site-packages/torch/lib/libtorch_cpu.so)
frame #6: c10d::TCPStore::get(std::__cxx11::basic_string<char, std::char_traits<char>, std::allocator<char> > const&) + 0x114 (0x15552adc8074 in /home/hice1/cman8/conda_env/chakra_fx/lib/python3.13/site-packages/torch/lib/libtorch_cpu.so)
frame #7: <unknown function> + 0xc70ce5 (0x15553a3c3ce5 in /home/hice1/cman8/conda_env/chakra_fx/lib/python3.13/site-packages/torch/lib/libtorch_python.so)
frame #8: <unknown function> + 0x384772 (0x155539ad7772 in /home/hice1/cman8/conda_env/chakra_fx/lib/python3.13/site-packages/torch/lib/libtorch_python.so)
frame #9: /home/hice1/cman8/conda_env/chakra_fx/bin/python() [0x59736d]
frame #10: _PyObject_MakeTpCall + 0x2c4 (0x55ada4 in /home/hice1/cman8/conda_env/chakra_fx/bin/python)
frame #11: /home/hice1/cman8/conda_env/chakra_fx/bin/python() [0x5eb968]
frame #12: _PyEval_EvalFrameDefault + 0x4e79 (0x5767c9 in /home/hice1/cman8/conda_env/chakra_fx/bin/python)
frame #13: /home/hice1/cman8/conda_env/chakra_fx/bin/python() [0x55d862]
frame #14: /home/hice1/cman8/conda_env/chakra_fx/bin/python() [0x6d5a0b]
frame #15: /home/hice1/cman8/conda_env/chakra_fx/bin/python() [0x694655]
frame #16: _PyEval_EvalFrameDefault + 0x4e79 (0x5767c9 in /home/hice1/cman8/conda_env/chakra_fx/bin/python)
frame #17: PyEval_EvalCode + 0x3b8 (0x68bcb8 in /home/hice1/cman8/conda_env/chakra_fx/bin/python)
frame #18: /home/hice1/cman8/conda_env/chakra_fx/bin/python() [0x62640e]
frame #19: /home/hice1/cman8/conda_env/chakra_fx/bin/python() [0x6c1e40]
frame #20: /home/hice1/cman8/conda_env/chakra_fx/bin/python() [0x6c1adb]
frame #21: /home/hice1/cman8/conda_env/chakra_fx/bin/python() [0x6c190b]
frame #22: Py_RunMain + 0x377 (0x6bff47 in /home/hice1/cman8/conda_env/chakra_fx/bin/python)
frame #23: Py_BytesMain + 0x39 (0x67fa99 in /home/hice1/cman8/conda_env/chakra_fx/bin/python)
frame #24: <unknown function> + 0x295d0 (0x1555552295d0 in /lib64/libc.so.6)
frame #25: __libc_start_main + 0x80 (0x155555229680 in /lib64/libc.so.6)
frame #26: /home/hice1/cman8/conda_env/chakra_fx/bin/python() [0x67ecd2]

W0820 00:45:28.484000 1409602 /storage/ice1/5/1/cman8/conda_env/chakra_fx/lib/python3.13/site-packages/torch/distributed/elastic/rendezvous/dynamic_rendezvous.py:1292] The node 'atl1-1-03-011-3-0.pace.gatech.edu_1409602_0' has failed to shutdown the rendezvous '2755351' due to an error of type RendezvousConnectionError.
Traceback (most recent call last):
  File "/home/hice1/cman8/conda_env/chakra_fx/bin/torchrun", line 8, in <module>
    sys.exit(main())
             ~~~~^^
  File "/home/hice1/cman8/conda_env/chakra_fx/lib/python3.13/site-packages/torch/distributed/elastic/multiprocessing/errors/__init__.py", line 357, in wrapper
    return f(*args, **kwargs)
  File "/home/hice1/cman8/conda_env/chakra_fx/lib/python3.13/site-packages/torch/distributed/run.py", line 936, in main
    run(args)
    ~~~^^^^^^
  File "/home/hice1/cman8/conda_env/chakra_fx/lib/python3.13/site-packages/torch/distributed/run.py", line 927, in run
    elastic_launch(
    ~~~~~~~~~~~~~~~
        config=config,
        ~~~~~~~~~~~~~~
        entrypoint=cmd,
        ~~~~~~~~~~~~~~~
    )(*cmd_args)
    ~^^^^^^^^^^^
  File "/home/hice1/cman8/conda_env/chakra_fx/lib/python3.13/site-packages/torch/distributed/launcher/api.py", line 159, in __call__
    return launch_agent(self._config, self._entrypoint, list(args))
  File "/home/hice1/cman8/conda_env/chakra_fx/lib/python3.13/site-packages/torch/distributed/launcher/api.py", line 296, in launch_agent
    raise ChildFailedError(
    ...<2 lines>...
    )
torch.distributed.elastic.multiprocessing.errors.ChildFailedError: 
============================================================
profile_fxgraph.py FAILED
------------------------------------------------------------
Failures:
  <NO_OTHER_FAILURES>
------------------------------------------------------------
Root Cause (first observed failure):
[0]:
  time      : 2025-08-20_00:45:26
  host      : atl1-1-03-011-3-0.pace.gatech.edu
  rank      : 38 (local_rank: 6)
  exitcode  : 1 (pid: 1409674)
  error_file: <N/A>
  traceback : To enable traceback see: https://pytorch.org/docs/stable/elastic/errors.html
============================================================
srun: error: atl1-1-03-010-25-0: task 1: Exited with exit code 1
srun: error: atl1-1-03-012-13-0: task 6: Exited with exit code 1
srun: error: atl1-1-03-010-30-0: task 2: Exited with exit code 1
srun: error: atl1-1-03-012-18-0: task 7: Exited with exit code 1
srun: error: atl1-1-03-011-13-0: task 5: Exited with exit code 1
srun: error: atl1-1-03-011-3-0: task 3: Exited with exit code 1
